-- phpMyAdmin SQL Dump
-- version 5.1.1deb5ubuntu1
-- https://www.phpmyadmin.net/
--
-- Host: localhost:3306
-- 생성 시간: 22-12-23 17:05
-- 서버 버전: 8.0.31-0ubuntu0.22.04.1
-- PHP 버전: 8.1.2-1ubuntu2.9

SET SQL_MODE = "NO_AUTO_VALUE_ON_ZERO";
START TRANSACTION;
SET time_zone = "+00:00";


/*!40101 SET @OLD_CHARACTER_SET_CLIENT=@@CHARACTER_SET_CLIENT */;
/*!40101 SET @OLD_CHARACTER_SET_RESULTS=@@CHARACTER_SET_RESULTS */;
/*!40101 SET @OLD_COLLATION_CONNECTION=@@COLLATION_CONNECTION */;
/*!40101 SET NAMES utf8mb4 */;

--
-- 데이터베이스: `kyobo_db`
--

-- --------------------------------------------------------

--
-- 테이블 구조 `author_info`
--

CREATE TABLE `author_info` (
  `ai_seq` int NOT NULL,
  `ai_name` varchar(255) NOT NULL
) ENGINE=InnoDB DEFAULT CHARSET=utf8mb4 COLLATE=utf8mb4_0900_ai_ci;

--
-- 테이블의 덤프 데이터 `author_info`
--

INSERT INTO `author_info` (`ai_seq`, `ai_name`) VALUES
(1, '한정희'),
(2, '이충옥'),
(3, '오빠두(전진권)'),
(4, '빨간고래(박정아)'),
(5, '윤이사라'),
(6, '루이스 턴스톨'),
(7, '레안드로 폰 베라'),
(8, '토마스 울프 '),
(9, '황태성'),
(10, '오이카와 다쿠야'),
(11, '소네하라 하루키'),
(12, '고시로 구미코'),
(13, '윤인성'),
(14, '오가사와라 시게타카'),
(16, '나동빈'),
(17, '조영호'),
(18, '한국데이터진흥원'),
(19, '이남호'),
(20, '고소현'),
(21, '한진만'),
(22, '고현민'),
(23, '남궁성'),
(24, '박성철'),
(25, '강대명'),
(26, '공용준'),
(27, '김정'),
(28, '박미정'),
(29, '박종천'),
(30, '이동욱(네피림)'),
(31, '이동욱(향로)'),
(32, '장동수'),
(33, '박응용'),
(34, '조시형'),
(35, '조너선 스타인하트'),
(36, '최원영'),
(37, '김영한'),
(38, '로버트 C. 마틴 저자'),
(39, '길벗PD'),
(40, '김정준'),
(41, '강윤석'),
(42, '김용갑'),
(43, '김우경'),
(44, '길벗알앤디'),
(45, '도나 M. 웡'),
(46, '윤종식'),
(47, '윤성우'),
(48, '박해선'),
(49, '김마라'),
(50, 'NCS 정보처리기술사 연구회'),
(51, '신동진'),
(52, '강민철'),
(53, '조현영'),
(54, 'T. J. 크라우더'),
(55, '길벗RD'),
(56, '나홍석'),
(57, '배원성'),
(58, '이건길'),
(59, '이혜영'),
(60, '고려사이버대학교 AI·빅데이터 연구소'),
(61, '팀 맥나마라'),
(62, '박상현'),
(63, '쏘피(박성희)'),
(64, '권철민'),
(65, '헤밀(박하나)'),
(66, '로버트 C. 마틴'),
(67, '존 컬킨'),
(68, '마이크 지존'),
(69, '브라이언 W.커니'),
(70, '김보경'),
(71, '고경희'),
(72, '홍태성'),
(73, '박윤정'),
(74, '타이터스 윈터스'),
(75, '톰 맨쉬렉'),
(76, '하이럼 라이트'),
(77, '선양미'),
(78, '이상미'),
(79, '양숙희'),
(80, '김동우'),
(81, '김영우'),
(82, '한용재'),
(83, '우재남'),
(84, '채수창'),
(85, '영진정보연구소'),
(86, '이가라시 타카유키'),
(87, '스스키다 타츠야 '),
(90, '황윤정 '),
(91, '닐 포드'),
(92, '마크 리처즈'),
(93, '프라모드 세달라지'),
(94, '세막 데그하니'),
(95, '전미진'),
(96, '이화진'),
(97, '신면철'),
(98, '신용권'),
(99, '임경균'),
(100, '마티 케이건'),
(101, '김나무'),
(102, '조슈아 블로크 '),
(103, '포스코인재창조원'),
(104, '김종관'),
(105, '에릭 프리먼'),
(106, '엘리자베스 롭슨'),
(107, '케이시 시에라'),
(108, '버트 베이츠'),
(109, '고재성'),
(110, '이상훈'),
(111, '오렐리앙 제롱'),
(112, '김민준'),
(113, '전시진'),
(114, '이해봄'),
(115, '에릭 리스'),
(116, '클레어 정'),
(117, '나도코딩'),
(118, '정미나'),
(119, '마경근'),
(120, '서주란'),
(121, '김상래'),
(122, '이웅모'),
(123, '이고잉'),
(124, '박진혁'),
(125, '김기수'),
(128, '조현준 '),
(129, '피도리'),
(130, '조훈'),
(131, '심근우'),
(132, '문성주'),
(133, '전경옥'),
(134, '주홍철'),
(135, '존 캐리'),
(136, '셰리안 도시'),
(137, '파야스 라잔'),
(138, '마틴 파울러'),
(139, '서현우'),
(140, '야마자키 야스시'),
(141, '미나와 케이코'),
(142, '아제카츠 요헤이'),
(143, '사토 타카히코'),
(144, '조블리(조애리)'),
(145, '에이블런 '),
(146, '정인수'),
(147, '이승열'),
(148, '김애림'),
(149, '존 야블론스키'),
(150, '스도 료'),
(151, '파야스 라잔 '),
(152, '김성완'),
(153, '정재원'),
(154, '이국현'),
(155, '김상천'),
(156, '김용준'),
(157, '최영준'),
(158, '송장희'),
(159, '최범균'),
(160, '게일 라크만 맥도웰'),
(161, '비야네 스트롭스트룹'),
(162, '다나카 히로시'),
(163, '미즈모토 마사키'),
(164, '오구라 코헤이'),
(165, '요코이 토모키'),
(166, '타카다 카즈미'),
(167, '신도 모토노리'),
(168, '박재성'),
(169, '조슈아 홀던'),
(170, 'Brian W. Kernighan'),
(171, 'Dennis M. Ritchie'),
(172, '우석진'),
(173, '김미리 '),
(174, '손혜영'),
(175, '문병로'),
(176, '김은철'),
(177, '이성욱'),
(178, '이원하'),
(179, '루이스 아텐시오'),
(180, '필드 케이디'),
(181, '장호준'),
(182, '고승범');

-- --------------------------------------------------------

--
-- Stand-in structure for view `book_detail_view`
-- (See below for the actual view)
--
CREATE TABLE `book_detail_view` (
`bi_seq` int
,`bi_title` varchar(255)
,`bi_price` int
,`bi_discount` varchar(23)
,`bi_delivery` varchar(30)
,`bi_reg_dt` date
,`bi_pi_seq` int
,`bi_ti_seq` int
,`bi_sales` int
,`bti_intro` text
,`bii_image` varchar(255)
,`bii_uri` text
,`bti_name` varchar(255)
,`ai_name` text
,`score` decimal(14,2)
,`discount_price` double
,`point` double
,`review_count` bigint
,`ci_path` text
,`ci_uri` text
,`pi_name` varchar(255)
,`ranking` bigint unsigned
);

-- --------------------------------------------------------

--
-- 테이블 구조 `book_info`
--

CREATE TABLE `book_info` (
  `bi_seq` int NOT NULL,
  `bi_title` varchar(255) NOT NULL,
  `bi_price` int NOT NULL,
  `bi_discount` double NOT NULL,
  `bi_delivery` varchar(30) NOT NULL,
  `bi_reg_dt` date NOT NULL,
  `bi_pi_seq` int NOT NULL,
  `bi_ti_seq` int DEFAULT NULL,
  `bi_sales` int NOT NULL DEFAULT '0'
) ENGINE=InnoDB DEFAULT CHARSET=utf8mb4 COLLATE=utf8mb4_0900_ai_ci;

--
-- 테이블의 덤프 데이터 `book_info`
--

INSERT INTO `book_info` (`bi_seq`, `bi_title`, `bi_price`, `bi_discount`, `bi_delivery`, `bi_reg_dt`, `bi_pi_seq`, `bi_ti_seq`, `bi_sales`) VALUES
(1, '된다! 실무 엑셀 파워포인트 워드&한글', 30000, 0.1, '무료배송', '2022-10-12', 1, NULL, 94000),
(2, '진짜 쓰는 실무 엑셀', 21000, 0.1, '무료배송', '2022-02-15', 2, NULL, 100000),
(3, '맛있는 디자인 포토샵&일러스트레이터 CC(2022)', 22000, 0.1, '무료배송', '2022-01-07', 3, NULL, 92000),
(4, '트랜스포머를 활용한 자연어 처리', 39000, 0.1, '무료배송', '2022-11-30', 3, 1, 98000),
(5, '2023 이기적 컴퓨터활용능력 1급 필기 최신문제집', 20000, 0.1, '무료배송', '2022-08-26', 4, NULL, 93900),
(6, '제품의 탄생', 25000, 0.1, '무료배송', '2022-12-08', 5, 2, 99900),
(7, '혼자 공부하는 파이썬', 22000, 0.1, '무료배송', '2022-06-01', 3, NULL, 99800),
(8, '그림과 실습으로 배우는 도커 & 쿠버네티스', 28000, 0.1, '무료배송', '2022-04-05', 6, 3, 93800),
(11, '이것이 취업을 위한 코딩 테스트다 with 파이썬', 34000, 0.1, '무료배송', '2020-08-05', 3, NULL, 91900),
(16, '객체지향의 사실과 오해', 20000, 0.1, '무료배송', '2015-06-17', 6, NULL, 93700),
(17, 'SQL 자격검정 실전문제', 18000, 0.01, '무료배송', '2021-10-15', 8, NULL, 97900),
(18, '2022 해커스 전산세무 2급 이론 실무 최신기출문제 12회분', 26900, 0.1, '무료배송', '2022-04-06', 9, NULL, 97800),
(19, '2023 이기적 정보처리기사 필기 실기 환상의 콤비', 48000, 0.1, '무료배송', '2022-08-17', 4, NULL, 93600),
(20, '2023 해커스 전산회계 1급 이론 실무 최신기출문제 12회분', 26900, 0.1, '무료배송', '2023-01-02', 9, NULL, 99700),
(21, '혼자 공부하는 얄팍한 코딩 지식', 18000, 0.1, '무료배송', '2022-05-25', 3, NULL, 93500),
(22, 'Java의 정석: 기초편 세트\n', 25000, 0.1, '무료배송', '2019-12-30', 10, NULL, 91800),
(23, '개발자 원칙', 22000, 0.1, '무료배송', '2022-12-20', 11, NULL, 99600),
(24, 'Do it! 점프 투 파이썬', 18800, 0.1, '무료배송', '2019-06-20', 1, NULL, 99500),
(25, '개발자를 위한 SQL 튜닝 입문서 친절한 SQL 튜닝', 34200, 0.1, '무료배송', '2018-06-01', 12, NULL, 91700),
(26, '한 권으로 읽는 컴퓨터 구조와 프로그래밍', 35000, 0.1, '무료배송', '2021-04-08', 5, 4, 93400),
(27, '비전공자를 위한 이해할 수 있는 IT 지식', 16800, 0.1, '무료배송', '2020-07-14', 13, NULL, 99400),
(28, '자바 ORM 표준 JPA 프로그래밍\n', 38700, 0.1, '무료배송', '2015-07-28', 14, NULL, 91600),
(29, 'Clean Code(클린 코드)', 33000, 0.1, '무료배송', '2013-12-24', 15, 5, 99300),
(30, '2023 시나공 워드프로세서 실기', 19000, 0.1, '무료배송', '2022-07-18', 16, NULL, 97600),
(31, '2023 시나공 정보처리기사 필기', 35000, 0.1, '무료배송', '2022-10-11', 16, NULL, 99200),
(32, '월스트리트저널 인포그래픽 가이드\n', 15000, 0.1, '무료배송', '2014-03-14', 15, 6, 91500),
(33, '2022 ADsP 데이터 분석 준전문가', 28000, 0.1, '무료배송', '2022-01-28', 17, NULL, 99100),
(34, '윤성우의 열혈 C 프로그래밍', 25000, 0.1, '무료배송', '2010-11-01', 18, NULL, 93300),
(35, '혼자 공부하는 데이터 분석 with 파이썬', 26000, 0.1, '무료배송', '2023-01-02', 3, NULL, 97500),
(36, '실무에 바로 쓰는 일잘러의 보고서 작성법', 18000, 0.1, '무료배송', '2022-11-17', 2, NULL, 97400),
(37, '2023 수제비 정보처리기사 필기 1권 2권 합본 세트', 35000, 0.1, '무료배송', '2022-01-28', 19, NULL, 99000),
(38, '오토캐드 40시간 완성', 18000, 0.1, '무료배송', '2022-09-15', 20, NULL, 91400),
(39, '혼자 공부하는 컴퓨터 구조 운영체제', 28000, 0.1, '무료배송', '2022-08-16', 3, NULL, 98900),
(40, 'Node.js 교과서', 42000, 0.1, '무료배송', '2022-12-20', 16, NULL, 93200),
(41, '웹 개발자를 위한 자바스크립트의 모든 것', 43000, 0.1, '무료배송', '2022-08-05', 16, 7, 91300),
(42, '2023 시나공 컴퓨터활용능력 1급 필기', 32000, 0.1, '무료배송', '2022-08-22', 16, NULL, 98800),
(43, '2023 시나공 컴퓨터활용능력 2급 필기', 22000, 0.1, '무료배송', '2022-08-22', 16, NULL, 98700),
(44, '2023 이기적 빅데이터분석기사 필기 기본서', 33000, 0.1, '무료배송', '2022-08-24', 4, NULL, 97300),
(45, '혼자 해도 프로 작가처럼 잘 그리는 아이패드 드로잉 with 프로크리에이트', 22000, 0.1, '무료배송', '2022-06-27', 3, NULL, 91200),
(46, '한 줄 한 줄 짜면서 익히는 러스트 프로그래밍', 35000, 0.1, '무료배송', '2022-07-12', 15, 8, 92800),
(47, '그림으로 이해하는 AWS 구조와 기술', 35000, 0.1, '무료배송', '2021-06-30', 16, 9, 92600),
(48, '이것이 C# 이다', 34000, 0.1, '무료배송', '2021-01-18', 3, NULL, 92500),
(49, '회사는 엑셀을 가르쳐주지 않아요', 18000, 0.1, '무료배송', '2022-08-22', 21, NULL, 98600),
(50, '파이썬 머신러닝 완벽 가이드', 40000, 0.1, '무료배송', '2022-04-21', 6, NULL, 91100),
(51, '퇴근 후 스마트스토어로 투잡하기', 28000, 0.1, '무료배송', '2020-09-25', 22, NULL, 98500),
(52, '클린 아키텍처: 소프트웨어 구조와 설계의 원칙', 29000, 0.1, '무료배송', '2019-08-20', 15, 10, 97200),
(53, '오브젝트', 38000, 0.1, '무료배송', '2019-06-17', 6, NULL, 92400),
(54, '2023 시나공 컴퓨터활용능력 1급 실기', 40000, 0.1, '무료배송', '2022-07-18', 16, NULL, 98400),
(55, 'AWS쿡북', 35000, 0.1, '무료배송', '2022-12-23', 14, 11, 91000),
(56, '1일 1로그 100일 완성 IT 지식', 20000, 0.1, '무료배송', '2021-12-31', 15, 12, 98300),
(57, 'B2B 마케팅으로 밥 먹고 살기', 22000, 0.1, '무료배송', '2022-12-15', 23, NULL, 90900),
(58, 'Do it! HTML CSS 자바스크립트 웹 표준의 정석', 30000, 0.1, '무료배송', '2021-01-22', 1, NULL, 97000),
(59, '2023 이기적 컴퓨터활용능력 2급 필기 실기 상시 시험 공략집', 28000, 0.1, '무료배송', '2022-12-13', 4, NULL, 90800),
(60, '구글 엔지니어는 이렇게 일한다', 45000, 0.1, '무료배송', '2022-05-10', 3, 13, 98200),
(61, '직장인을 위한 실무 엑셀', 21000, 0.1, '무료배송', '2022-12-12', 16, NULL, 92300),
(62, '2023 에듀윌 EXIT 컴퓨터활용능력 2급 필기 초단기 끝장', 16000, 0.1, '무료배송', '2022-10-26', 24, NULL, 90700),
(63, '현직 구글 애널리틱스 컨설턴트가 알려주는 구글 애널리틱스 4: 실전 활용법', 22000, 0.1, '무료배송', '2022-11-20', 23, NULL, 92200),
(64, '혼자 공부하는 머신러닝 딥러닝', 26000, 0.1, '무료배송', '2020-12-21', 3, NULL, 98100),
(65, 'Do it! 쉽게 배우는 파이썬 데이터 분석', 23000, 0.1, '무료배송', '2022-05-31', 1, NULL, 92100),
(66, 'NestJS로 배우는 백엔드 프로그래밍', 27000, 0.1, '무료배송', '2022-12-20', 2, NULL, 97100),
(67, '혼자 공부하는 SQL', 24000, 0.1, '무료배송', '2021-11-01', 3, NULL, 96600),
(68, '1일 만에 끝내는 유튜브 왕초보 탈출과 스마트폰 영상 촬영 편집', 15000, 0.1, '무료배송', '2022-10-20', 25, NULL, 90600),
(69, '된다! 네이버 블로그 상위 노출', 16500, 0.1, '무료배송', '2022-06-30', 1, NULL, 96900),
(70, '소프트웨어 아키텍처 The Hard Parts', 36000, 0.1, '무료배송', '2022-10-01', 3, NULL, 90500),
(71, '회사에서 바로 통하는 실무 엑셀 파워포인트 워드한글', 22000, 0.1, '무료배송', '2022-05-27', 3, NULL, 96800),
(72, '이것이 자바다', 36000, 0.1, '무료배송', '2022-09-05', 3, NULL, 90400),
(73, '인스파이어드', 24000, 0.1, '무료배송', '2018-12-28', 2, 15, 96700),
(74, '무조건 돈 버는 카카오 이모티콘 만들기', 17500, 0.1, '무료배송', '2022-06-01', 26, NULL, 90300),
(75, '이펙티브 자바 3/E', 36000, 0.1, '무료배송', '2018-11-01', 15, 16, 96600),
(76, '일잘러의 비밀, 엑셀 대신 파이썬으로 업무 자동화하기', 24000, 0.1, '무료배송', '2022-04-25', 3, NULL, 90200),
(77, 'Do it! 알고리즘 코딩 테스트: 자바 편', 32000, 0.1, '무료배송', '2022-04-05', 1, NULL, 90100),
(78, '헤드 퍼스트 디자인 패턴', 36000, 0.1, '무료배송', '2022-03-16', 3, 17, 90000),
(79, 'Java의 정석', 30000, 0.1, '무료배송', '2016-01-27', 10, NULL, 96500),
(80, 'IT 엔지니어를 위한 네트워크 입문', 36000, 0.1, '무료배송', '2020-10-30', 16, NULL, 89900),
(81, '리액트를 다루는 기술', 42000, 0.1, '무료배송', '2019-08-31', 16, NULL, 89800),
(82, '업무와 일상을 정리하는 새로운 방법 노션(Notion)', 18900, 0.1, '무료배송', '2022-11-14', 2, NULL, 96500),
(83, '린 스타트업', 18000, 0.1, '무료배송', '2012-11-12', 15, 18, 89700),
(84, 'UX/UI 디자이너를 위한 실무 피그마', 26000, 0.1, '무료배송', '2022-11-01', 3, NULL, 96400),
(85, '코딩 자율학습 나도코딩의 C 언어 입문', 26000, 0.1, '무료배송', '2022-10-10', 16, NULL, 96300),
(86, '2023 유선배 SQL개발자(SQLD)과외노트', 23000, 0.1, '무료배송', '2023-01-05', 27, NULL, 89600),
(87, '데이터 시각화와 탐색 with POWER BI', 30000, 0.1, '무료배송', '2022-12-08', 4, NULL, 89500),
(88, '궁금한 IT', 20000, 0.1, '무료배송', '2022-11-23', 6, NULL, 89400),
(89, '모던 자바스크립트 Deep Dive', 45000, 0.1, '무료배송', '2020-09-25', 6, NULL, 96200),
(90, 'Do it! 지옥에서 온 문서 관리자 깃&깃허브 입', 17000, 0.1, '무료배송', '2022-10-10', 1, NULL, 89300),
(91, '2022 에듀윌 전산세무 1급 이론편 실무편 최신 기출', 30000, 0.1, '무료배송', '2022-05-26', 24, NULL, 89200),
(92, '코딩 자율학습 HTML CSS 자바스크립트', 27000, 0.1, '무료배송', '2022-04-25', 16, NULL, 89100),
(93, '2023 알기사 정보보안기사(산업기사) 필기 핵심기출 1200제', 46000, 0.1, '무료배송', '2023-02-10', 28, NULL, 96100),
(94, '실무에서 바로 쓰는 파워포인트 디자인', 20000, 0.1, '무료배송', '2022-12-13', 29, NULL, 96000),
(95, '컨테이너 인프라 환경 구축을 위한 쿠버네티스/도커', 34000, 0.1, '무료배송', '2021-06-07', 16, NULL, 89000),
(96, '인스타그램&네이버 블로그로 매출이 올라가는 입소문 만들기', 17000, 0.1, '무료배송', '2022-11-11', 3, NULL, 95900),
(97, '면접을 위한 CS 전공지식 노트', 24000, 0.1, '무료배송', '2022-04-28', 16, NULL, 95800),
(98, '코딩 테스트를 위한 자료 구조와 알고리즘 with C  ', 32000, 0.1, '무료배송', '2020-12-11', 16, 19, 88900),
(99, '리팩터링', 35000, 0.1, '무료배송', '2020-04-01', 3, 20, 95700),
(100, '혼자 공부하는 C 언어', 24000, 0.1, '무료배송', '2019-06-10', 30, NULL, 95600),
(101, '그림으로 공부하는 IT 인프라 구조', 26000, 0.1, '무료배송', '2020-12-09', 2, 21, 95500),
(102, '유튜브 영상 편집을 위한 프리미어 프로', 23000, 0.1, '무료배송', '2020-01-17', 2, NULL, 95400),
(103, '실무에 바로 쓰는 일잘러의 엑셀 데이터 분석', 18500, 0.1, '무료배송', '2022-11-11', 2, NULL, 95300),
(104, '개념탑재 오토캐드', 25000, 0.1, '무료배송', '2020-12-21', 31, NULL, 86400),
(105, 'UX/UI의 10가지 심리학 법칙', 16000, 0.1, '무료배송', '2020-09-15', 5, NULL, 85500),
(106, '실무에 바로 쓰는 일잘러의 기획서 작성법', 18500, 0.1, '무료배송', '2022-11-01', 2, 22, 86300),
(109, '엔터프라이즈 애플리케이션 아키텍처 패턴', 35000, 0.1, '무료배송', '2015-10-27', 6, 24, 100),
(110, '게임 프로그래머로 산다는 것', 16000, 0.1, '무료배송', '2016-02-28', 32, NULL, 600),
(111, '통알못도 하는 통계분석', 20000, 0, '무료배송', '2017-09-30', 33, NULL, 1100),
(112, '최범균의 JSP 2.3 웹 프로그래밍: 기초부터 중급까지', 27000, 0.1, '무료배송', '2015-11-16', 34, NULL, 200),
(113, '코딩 인터뷰 완전 분석', 40500, 0.1, '무료배송', '2017-08-14', 15, 25, 1200),
(114, 'The C Programming Language', 58500, 0.1, '무료배송', '2016-01-04', 14, 26, 300),
(115, '알기 쉽게 설명한 VMware NSX 네트워크 가상화의 기초와 응용', 27000, 0.1, '무료배송', '2016-03-10', 6, 27, 700),
(116, '자바 웹 프로그래밍 Next Step', 30000, 0.1, '무료배송', '2016-09-19', 35, NULL, 800),
(117, '수학으로 이해하는 암호의 원리', 25000, 0.1, '무료배송', '2017-11-30', 36, 28, 1600),
(118, 'Kernighan의 C언어 프로그래밍', 25000, 0.1, '무료배송', '2016-02-01', 37, 29, 400),
(119, '회사에서 자주 쓰는 인포그래픽 Pattern 31', 22000, 0.1, '무료배송', '2016-10-10', 38, NULL, 900),
(120, '윤성우의 열혈 Java 프로그래밍', 30000, 0.1, '무료배송', '2017-07-05', 18, NULL, 1300),
(121, 'LabVIEW의 정석 기본편(컬러판)', 28000, 0, '무료배송', '2016-02-04', 39, NULL, 500),
(122, '쉽게 배우는 알고리즘', 27000, 0.1, '무료배송', '2018-01-20', 40, NULL, 1700),
(123, '초보자를 위한 C 언어 300제', 20000, 0.1, '무료배송', '2017-02-06', 41, NULL, 1000),
(124, '대용량 데이터 처리를 위한 Real MongoDB', 48000, 0.1, '무료배송', '2018-01-30', 6, NULL, 1800),
(125, '파이썬을 이용한 빅데이터 수집, 분석과 시각화', 24000, 0.1, '무료배송', '2017-06-20', 42, NULL, 1400),
(126, '처음 배우는 데이터 과학', 28000, 0.1, '무료배송', '2018-02-20', 3, 30, 1900),
(127, '오디오 믹싱 핸드북(Audio Mixing Handbook)', 35000, 0.1, '무료배송', '2017-03-01', 43, NULL, 1500),
(128, '카프카, 데이터 플랫폼의 최강자', 30000, 0.1, '무료배송', '2018-04-26', 5, NULL, 2000);

-- --------------------------------------------------------

--
-- 테이블 구조 `book_intro_image`
--

CREATE TABLE `book_intro_image` (
  `bii_seq` int NOT NULL,
  `bii_bi_seq` int NOT NULL,
  `bii_image` varchar(255) NOT NULL,
  `bii_uri` text NOT NULL
) ENGINE=InnoDB DEFAULT CHARSET=utf8mb4 COLLATE=utf8mb4_0900_ai_ci;

--
-- 테이블의 덤프 데이터 `book_intro_image`
--

INSERT INTO `book_intro_image` (`bii_seq`, `bii_bi_seq`, `bii_image`, `bii_uri`) VALUES
(1, 1, 'kybointro_1671498500283.jpg', '된다!설명'),
(2, 2, 'kybointro_1671498760595.jpg', '진짜쓰설명'),
(3, 3, 'kybointro_1671498900145.jpg', '맛있는 설명'),
(4, 4, 'kybointro_1671499009138.jpg', '트랜스 설명'),
(5, 5, 'kybointro_1671499861627.jpg', '이기적설명'),
(6, 6, 'kybointro_1671499865794.jpg', '제품의설명'),
(7, 7, 'kybointro_1671500032685.jpg', '혼자파설명'),
(8, 8, 'kybointro_1671500346148.jpg', '그림과설명'),
(10, 18, 'kybointro_1671504959609.jpg', '2022해커스전잔세무 설명'),
(11, 19, 'kybointro_1671505385917.jpg', '이지적정처기설명'),
(12, 20, 'kybointro_1671505545520.jpg', '해커전설명'),
(13, 21, 'kybointro_1671505704547.jpg', '혼공얄설명'),
(14, 22, 'kybointro_1671505747056.jpg', 'java정석 설명'),
(15, 23, 'kybointro_1671506130174.jpg', '개발자설명'),
(17, 26, 'kybointro_1671506698002.jpg', '한권컴설명'),
(18, 27, 'kybointro_1671506885101.jpg', '비전공설명'),
(19, 30, 'kybointro_1671507761682.jpg', '2023 시나공 설명'),
(20, 31, 'kybointro_1671507946989.jpg', '시나정설명'),
(21, 36, 'kybointro_1671508504846.jpg', '실무일잘러 설명'),
(22, 37, 'kybointro_1671508574952.jpg', '수제정설명'),
(23, 38, 'kybointro_1671508778653.jpg', '오토캐 설명'),
(24, 39, 'kybointro_1671508904615.jpg', '혼공운설명'),
(25, 40, 'kybointro_1671509206008.jpg', '노드조설명'),
(26, 41, 'kybointro_1671509375232.jpg', '웹자모 설명'),
(27, 42, 'kybointro_1671509509833.jpg', '시컴일설명'),
(28, 43, 'kybointro_1671509739566.jpg', '시컴이설명'),
(29, 45, 'kybointro_1671509748185.jpg', '혼프작 설명'),
(30, 47, 'kybointro_1671510339817.jpg', '그림AWS설명'),
(31, 49, 'kybointro_1671514039569.jpg', '회사는설명'),
(32, 50, 'kybointro_1671514253251.jpg', '파머완 설명'),
(33, 51, 'kybointro_1671514482334.jpg', '퇴근후설명'),
(34, 53, 'kybointro_1671514693349.jpg', '오브젝설명'),
(35, 54, 'kybointro_1671514922773.jpg', '시컴실설명'),
(36, 56, 'kybointro_1671515111234.jpg', '일일일설명'),
(37, 57, 'kybointro_1671515147393.jpg', 'B2B마케팅 설명'),
(38, 58, 'kybointro_1671515364072.jpg', 'Doit HTML+CSS 설명'),
(39, 59, 'kybointro_1671515475227.jpg', '이기적 설명'),
(40, 60, 'kybointro_1671515509778.jpg', '구글엔설명'),
(41, 61, 'kybointro_1671515511650.jpg', '직장실무설명'),
(42, 62, 'kybointro_1671515705409.jpg', '에듀윌EXIT 설명'),
(43, 63, 'kybointro_1671515765802.jpg', '구글애설명'),
(44, 65, 'kybointro_1671516060534.jpg', 'do파이설명'),
(45, 66, 'kybointro_1671516193113.jpg', 'NestJs 설명'),
(46, 67, 'kybointro_1671516448105.jpg', '혼공S 설명'),
(47, 68, 'kybointro_1671516625647.jpg', '1일끝유튭 설명'),
(48, 69, 'kybointro_1671518615107.jpg', '국내최다 설명'),
(49, 70, 'kybointro_1671518720925.jpg', '소프아키 설명'),
(50, 71, 'kybointro_1671518983665.jpg', '회사에서 바로 엑셀 파워포인트 설명'),
(51, 73, 'kybointro_1671519344262.jpg', '인스파이어드 설명'),
(52, 74, 'kybointro_1671519659449.jpg', '카카오이모티콘 설명'),
(53, 76, 'kybointro_1671520064803.jpg', '일잘러 설명'),
(54, 77, 'kybointro_1671520935840.jpg', 'Doit자바 설명'),
(55, 78, 'kybointro_1671521327286.jpg', '헤드퍼 설명'),
(56, 80, 'kybointro_1671521925481.jpg', 'IT엔지니 설명'),
(57, 81, 'kybointro_1671522634420.jpg', '리액트 설명'),
(58, 82, 'kybointro_1671522909366.jpg', '업무와 일상 설명'),
(59, 84, 'kybointro_1671523390870.jpg', '디자이너 실무 설명'),
(60, 85, 'kybointro_1671523652214.jpg', '나도코딩 C언어 설명'),
(61, 86, 'kybointro_1671523928304.jpg', '유선배 설명'),
(62, 87, 'kybointro_1671524307954.jpg', 'POWERBI 설명'),
(63, 88, 'kybointro_1671524531116.jpg', '궁금한 설명'),
(64, 89, 'kybointro_1671524578731.jpg', '모던자바스크립트 설명'),
(65, 90, 'kybointro_1671524779931.jpg', 'Doit깃 설명'),
(66, 91, 'kybointro_1671525288041.jpg', '에듀윌 전산세무 설명'),
(67, 92, 'kybointro_1671525467156.jpg', '코딩자율 설명'),
(68, 94, 'kybointro_1671526416967.jpg', '실무 파워포인트 설명'),
(69, 95, 'kybointro_1671526580617.jpg', '컨테이너 설명'),
(70, 96, 'kybointro_1671526690955.jpg', '인스타 네이버 매출 입소문 설명'),
(71, 97, 'kybointro_1671526847265.jpg', '면접 CS 전공지식 설명'),
(72, 98, 'kybointro_1671527099896.jpg', '코딩테스트 C++ 설명'),
(73, 100, 'kybointro_1671529244273.jpg', '혼공C언어 설명'),
(74, 101, 'kybointro_1671530171242.jpg', '그림 IT 인프라 설명'),
(75, 102, 'kybointro_1671530746626.jpg', '유튜브 프리미어 설명'),
(76, 103, 'kybointro_1671531697400.jpg', '실무 바로 엑셀데이터 분석 설명'),
(78, 106, 'kybointro_1671583425773.jpg', '실무에설명'),
(81, 110, 'kybointro_1671584657235.jpg', '게임 프로그래머 설명'),
(82, 111, 'kybointro_1671584731081.jpg', '통알못설명'),
(83, 116, 'kybointro_1671585224879.jpg', '자바 웹 프로그래밍 설명'),
(84, 117, 'kybointro_1671585240946.jpg', '수학으 설명'),
(85, 119, 'kybointro_1671585503686.jpg', '회사 자주 인포그래픽 설명'),
(86, 122, 'kybointro_1671585763859.jpg', '쉽게배 설명'),
(87, 124, 'kybointro_1671586206363.jpg', 'MongoDB 설명'),
(88, 126, 'kybointro_1671586673450.jpg', '처음배 설명'),
(89, 127, 'kybointro_1671586832124.jpg', '오디오설명'),
(90, 128, 'kybointro_1671586934785.jpg', '카프카 설명');

-- --------------------------------------------------------

--
-- 테이블 구조 `book_text_intro`
--

CREATE TABLE `book_text_intro` (
  `bti_seq` int NOT NULL,
  `bti_bi_seq` int NOT NULL,
  `bti_intro` text NOT NULL
) ENGINE=InnoDB DEFAULT CHARSET=utf8mb4 COLLATE=utf8mb4_0900_ai_ci;

--
-- 테이블의 덤프 데이터 `book_text_intro`
--

INSERT INTO `book_text_intro` (`bti_seq`, `bti_bi_seq`, `bti_intro`) VALUES
(1, 1, '진짜 실무자를 위한 군더더기 없는 오피스 프로그램 입문서!\n책과 함께 배우는 무료 동영상 강의 256개!\n유튜브 ‘짤막한 강좌’의 20년 강의 노하우가 그대로 들어 있습니다!\n직장에서 인정받고 싶은 사람을 위한 오피스 프로그램 책이 나왔다! 대학은 물론 기업과 관공서 등 실무 강의 경력 20년의 ‘짤막한 강좌’ 한정희 선생님과 IT 교육 전문 업체 이한아이티 공동 대표 이충욱 선생님의 강의 노하우를 담은 《된다! 실무 엑셀 파워포인트 워드&한글》! 이 책 한 번만 읽어도 직장에서 인정받는다!\n또한 완전 초보자를 위해 ‘동영상 강의 256개’를 새로 준비했다. 실습마다 QR코드를 스캔하면 동영상 강의가 자동으로 연결된다. 책으로 공부해도 충분하지만, 동영상 강의가 필요한 독자를 위한 세심한 배려가 돋보인다.\n‘엑셀 편’에서는 데이터 정리는 물론, 견적서 만드는 방법, 수식과 함수 사용법, 피벗 테이블 만들기, 차트 만들기까지 배울 수 있다. ‘파워포인트 편’에서는 슬라이드의 기본 사용법부터 그림 삽입하고 꾸미기, 그래프 만들기, 엑셀과 연동하는 내용까지 담았다. ‘워드&한글 편’에서는 보고서 만들기에서 알아야 할 스타일 설정부터 인쇄하는 방법까지 다룬다.\n한 번 배울 때 제대로 배워야 하는 법! 실무 경험이 없다면 실제 업무에서 오피스 프로그램을 어떻게 활용하는지 배우는 시간이 될 것이며, 지금 실무를 하고 있다면 기본기를 더 탄탄하게 익힐 수 있을 것이다.\n이 책의 총서 (23)\n\n\n'),
(2, 2, '대기업 직장 생활 10년의 실무 노하우와 엑셀 유튜브 채널을 운영하면서 들은 수많은 직장인의 고민을 해결할 수 있는 다양한 엑셀 비법을 담았다. ‘진짜 쓰는 실무 엑셀’ 한 권이면 빠른 일 처리로 워라밸을 실현하고, 일잘러로 거듭날 수 있다!\n\n오랜 시간 엑셀은 수많은 발전을 거듭하였고, Office 365에서 Microsoft 365로 브랜드명을 변경하기까지 다양한 기능, 특히 동적 배열 함수가 추가되면서 매크로를 사용하지 않고도 많은 부분을 해결할 수 있도록 개선되었다. 이 책에서 소개하는 제대로 된 실무 활용 기능을 익힌다면 방대한 데이터에서 특정 자료를 취합하고 분석하기, 분석된 자료를 한눈에 보기 좋게 시각화하기, 반복되는 작업을 효율적으로 개선하기 등 회사에서 원하는 엑셀 사용 능력을 충분히 뛰어넘을 수 있을 것이다.'),
(3, 3, '포토샵&일러스트레이터를 제대로 배우는 가장 완벽한 레시피!\n한 권으로, 한번에! 쉽고 빠르게 익혀 바로 써먹는 그래픽 입문서!'),
(4, 4, '자연어를 찰떡같이 알아듣는 트랜스포머 완벽 해부하기\n트랜스포머는 우리 주변에 가득하다! 트랜스포머 아키텍처는 순식간에 자연어 처리 분야를 지배했다. 기자처럼 뉴스를 작성하고, 프로그래머의 코드를 자동 완성하며, 사람들이 원하는 그림을 그려내고 있다. 이 책은 데이터 과학자나 프로그래머가 트랜스포머 모델을 훈련하고 확장할 수 있도록 허깅페이스(🤗)의 트랜스포머스 라이브러리를 활용하는 실용적인 방법을 안내한다. 허깅페이스에서 트랜스포머스 라이브러리를 개발한 엔지니어들이 직접 예제 코드를 설명하며 트랜스포머의 작동 원리와 이를 사용한 문제 해결법, 실제 애플리케이션 도입법까지 차근차근 소개한다. 나만의 트랜스포머를 훈련시키는 방법을 배우고 자연어 처리를 정복해보자.'),
(5, 5, '현 출제 기준을 완벽하게 반영한 ‘2023 이기적 컴퓨터활용능력 1급 필기 최신 문제집’은 컴퓨터활용능력 시험을 가장 효율적으로 준비할 수 있도록 구성된 도서이다. 21년, 22년 상시 시험문제 10회분과 공개 기출문제 10회분을 통해 최신 유형의 문제를 풀어볼 수 있도록 하였으며, ‘자주 출제되는 기출문제 120선’, ‘핵심이론 POINT 148선’, ‘실습을 통해 이해하는 엑셀 & 액세스 주요 기능’을 통해 이론 또한 빠짐없이 준비할 수 있도록 하였다. 특히 2023년판은 문제 풀이 동영상 강의를 대폭 추가하여 이론 동영상 강의와 함께 최적의 학습을 할 수 있도록 하였다.\n이처럼 이기적 컴퓨터활용능력 필기 최신문제집 도서는 최적의 학습을 돕는 합격 전문서이다.'),
(6, 6, '소프트웨어 엔지니어로 출발해 구글, 마이크로소프트, 라인, 스마트뉴스 등\n글로벌 기업 PM으로 활약해온 세계 수준 프로덕트 매니저의 지혜와 경험을 한 권에 읽는다!\n모든 기업의 PM(프로덕트 매니저)와 PO(프로덕트 오너)는 물론이고, 신사업 기획, 디지털 트랜스포메이션(DT)을 수행하는 대기업과 스타트업 C레벨, 실무 개발자, 디자이너, 마케터가 반드시 읽어야 할 프로덕트 관리에 대한 모든 것! 비즈니스 전략, IT 개발, UX 디자인, 마케팅, 고객 성공, 보안, 지적재산 법률, 조직 운영 등 세계 유수기업에서 B2C, B2B 프로덕트를 기획하고 출시하며 체\n득한 다양한 지식과 노하우를 풍부한 그림과 표, 사례와 함께 자세히 설명한다.\n\n이 책은 6개 부로 구성돼 있다. 1부에서는 프로덕트 관리의 역할과 목적, 2부와 3부에서는 프로덕트 관리의 구체적 업무, 4부에서는 프로덕트 특성에 따라 각기 다르게 신경 써야 하는 사항에 관해 설명한다. 2부 각 장 말미에 담긴 사례 연구는 실제로 PM이 된 기분으로 읽으면 이해에 깊이를 더할 수 있을 것이다. 1부에서 4부까지 기초를 다진 다음, 5부에서는 프로덕트 관리 조직 전체, 그리고 PM 개인이 성장하는 방법을 살펴본다. 6부에서는 PM으로서 알아둬야 할 비즈니스 전반, UX, 기초적인 IT 기술 지식들을 소개한다. 구체적으로 세분화하여 수익·비용 구조, 디자인, 소프트웨어, 보안, 지적재산 등까지 세세히 살펴본다.'),
(7, 7, '『혼자 공부하는 파이썬』이 더욱 흥미있고 알찬 내용으로 개정되었습니다. 프로그래밍이 정말 처음인 입문자도 따라갈 수 있는 친절한 설명과 단계별 학습은 그대로! 혼자 공부하더라도 체계적으로 계획을 세워 학습할 수 있도록 ‘혼공 계획표’를 새롭게 추가했습니다. 또한 입문자가 자주 물어보는 질문과 오류 해결 방법을 적재적소에 배치하여 예상치 못한 문제에 부딪혀도 좌절하지 않고 끝까지 완독할 수 있도록 도와줍니다. 단순한 문법 암기와 코딩 따라하기에 지쳤다면, 새로운 혼공파와 함께 ‘누적 예제’와 ‘도전 문제’로 프로그래밍의 신세계를 경험해 보세요! 배운 내용을 씹고 뜯고 맛보고 즐기다 보면 응용력은 물론 알고리즘 사고력까지 키워 코딩 실력이 쑥쑥 성장할 것입니다.\n\n혼자 해도 충분하다! 1:1 과외하듯 배우는 파이썬 프로그래밍 자습서\n이 책은 독학으로 파이썬을 배우는 입문자가 ‘꼭 필요한 내용을 제대로 학습’할 수 있도록 구성했습니다. 뭘 모르는지조차 모르는 입문자의 막연한 마음에 십분 공감하여 과외 선생님이 알려주듯 친절하게, 핵심적인 내용만 콕콕 집어줍니다. 책의 첫 페이지를 펼쳐서 마지막 페이지를 덮을 때까지, 혼자서도 충분히 파이썬을 배울 수 있다는 자신감과 확신이 계속될 것입니다!\n\n베타리더 검증으로, ‘함께 만든’ 입문자 맞춤형 도서\n베타리더와 함께 입문자에게 맞는 난이도, 분량, 학습 요소 등을 적극 반영했습니다. 어려운 용어와 개념은 한 번 더 풀어쓰고, 복잡한 설명은 눈에 잘 들어오는 그림으로 풀어냈습니다. ‘혼자 공부해 본’ 여러 입문자의 초심과 눈높이가 책 곳곳에 반영된 것이 이 책의 가장 큰 장점입니다.'),
(8, 8, '컨테이너나 도커를 도통 이해하기 어려운 분들을 위한 본격 도커 입문서!\n이 책은 컨테이너 기술이 어렵게 느껴지는 엔지니어나 백엔드 기술에 자신이 없는 분들을 위한 도커 입문서입니다. 자세한 그림과 친절한 실습을 통해 리눅스 지식이나 서버 구축 경험이 없어도 컨테이너와 도커, 쿠버네티스에 대한 지식을 쉽게 이해할 수 있습니다.\n\n도커의 개념부터 동작 방식, 명령어 사용법, 컨테이너 운용, 나아가 도커 컴포즈와 쿠버네티스까지, 컨테이너 기술에 대한 배경지식이 전혀 없는 분들도 도커와 쿠버네티스의 개념과 기초 사용법을 익힐 수 있도록 안내합니다. 도커나 쿠버네티스를 배우고 싶은 초보자라면 철저하게 입문자의 눈높이에 맞춘 이 책으로 도커의 세계에 첫발을 내디뎌 보세요.'),
(11, 11, 'IT 취준생이라면 누구나 입사하고 싶은 카카오ㆍ삼성전자ㆍ네이버ㆍ라인!\n취업의 성공 열쇠는 알고리즘 인터뷰에 있다!'),
(16, 16, '객체지향에 대한 선입견을 버려라!\n『객체지향의 사실과 오해』는 객체지향이란 무엇인가라는 원론적면서도 다소 위험한 질문에 답하기 위해 쓰여진 책이다. 안타깝게도 많은 사람들이 객체지향의 본질을 오해하고 있다. 가장 널리 퍼져있는 오해는 클래스가 객체지향 프로그래밍의 중심이라는 것이다. 객체지향으로 향하는 첫 걸음은 클래스가 아니라 객체를 바라보는 것에서부터 시작한다. 객체지향으로 향하는 두 번째 걸음은 객체를 독립적인 존재가 아니라 기능을 구현하기 위해 협력하는 공동체의 일원으로 바라보는 것이다. 세 번째 걸음을 내디딜 수 있는지 여부는 협력에 참여하는 객체들에게 얼마나 적절한 역할과 책임을 부여할 수 있느냐에 달려 있다. 객체지향의 마지막 걸음은 앞에서 설명한 개념들을 프로그래밍 언어라는 틀에 흐트러짐 없이 담아낼 수 있는 기술을 익히는 것이다. 객체지향이란 무엇인가? 이 책은 이 질문에 대한 답을 찾기 위해 노력하고 있는 모든 개발자를 위한 책이다.'),
(17, 17, 'SQL 자격검정 실전문제는 국가공인 SQL 전문가 및 국가공인 SQL 개발자 자격시험 대비 수험서로 SQL 전문가 가이드에서 다루고 있는 데이터 모델링의 이해, SQL기본 및 활용, SQL 고급 활용 및 튜닝 등의 내용을 자격시험 대비를 위한 문제와 해설로 구성되어 있다.'),
(18, 18, 'QL 자격검정 실전문제는 국가공인 SQL 전문가 및 국가공인 SQL 개발자 자격시험 대비 수험서로 SQL 전문가 가이드에서 다루고 있는 데이터 모델링의 이해, SQL기본 및 활용, SQL 고급 활용 및 튜닝 등의 내용을 자격시험 대비를 위한 문제와 해설로 구성되어 있다.'),
(19, 19, '정보처리기사 필기와 실기를 한 번에 준비할 수 있는 최초의 수험서! 필기와 실기를 한꺼번에 공부할 수 있는 도서를 만들어 달라는 수험생분들의 성원에 힘입어 이번에 이기적에서 준비했습니다! 필기 도서와 실기 도서를 따로 구매하고 따로 시험 준비를 하려면 비용과 시간이 2배 넘게 들죠? 이기적에서 그런 고민을 한 번에 해결해 드립니다! ‘2023 이기적 정보처리기사 필기 실기 환상의 콤비’ 도서로 필기와 실기 시험을 동시에 준비하세요.\n1권에서 이론을 한 번에 공부한 뒤, 시험 스케줄에 맞춰서 2권의 필기 기출문제&예상문제와 실기 기출문제&예상문제를 풀어보면서 시험을 준비할 수 있습니다. 이기적의 강점! 기적의 합격 강의 무료 제공도 놓치지 마세요~ 그럼 이기적과 함께 정보처리기사 합격하러 가볼까요?!!'),
(20, 20, '59개월 베스트셀러 1위!\n반드시 출제될 이론과 문제로 3주 만에 합격'),
(21, 21, '- 혼자 해도 충분합니다! 1:1 과외하듯 배우는 IT 지식 입문서\n이 책은 독학으로 IT 지식을 배우는 입문자가 ‘꼭 필요한 내용을 제대로 학습’할 수 있도록 구성했습니다. 뭘 모르는지조차 모르는 입문자의 막연한 마음에 십분 공감하여 과외 선생님이 알려주듯 친절하게, 핵심 내용만 콕콕 집어 줍니다. 1장에서는 IT 업계 용어를 알아보며 개발과 개발자를 이해하고, 2장에서는 개발자가 실제로 사용하는 용어를 배우며 개발자와 소통할 수 있는 발판을 마련해 줍니다. 마지막 3장에서는 여러 가지 개발 용어를 바탕으로 개발자의 길로 들어설 수 있도록 친절하게 알려 줍니다. \'개발이 뭔지 궁금했지만\', \'개발자와 소통해야 하지만\', \'개발자가 되고 싶지만\' 기존 IT 지식서에서는 시원하게 알 수 없었던 진짜 코딩 지식을 〈혼공 얄코〉에서 만나 보세요!\n\n- 29명의 베타리더 검증으로, ‘함께 만든’ 입문자 맞춤형 도서\n29명의 베타리더와 함께 입문자에게 꼭 맞는 난이도, 분량, 학습 요소 등을 적극 반영했습니다. 어려운 용어와 개념은 한 번 더 풀어 쓰고, 적절한 예시와 비유로 누구나 이해할 수 있도록 구성했습니다. 또한 다양한 일러스트와 캐릭터로 재미있게 학습할 수 있도록 구성했습니다. ‘혼자 공부해 본’ 여러 입문자의 초심과 눈높이가 책 곳곳에 반영된 것이 이 책의 가장 큰 장점입니다.'),
(22, 22, '교육현장에서 뒤쳐지는 학생들을 위해 쓰고, 학생들에게 직접 검증받고 호평받은 책. 코딩을 처음 배우는 사람도 자바를 쉽게 배울수 있게 도와준다.\n'),
(23, 23, '★ 더 나은 개발자로 성장을 꿈꾼다면\n★ 먼저 헤쳐온 테크 리더들의 원칙에서 해답을 찾아보세요\n“나도 테크 리더가 될 수 있을까? 어떻게 선배 개발자들처럼 성장할 수 있을까? 3년 10년 후에도 개발자로 살아갈 수 있을까? 팀워크는 도대체 어떻게 맞춰야 하는 걸까?” 개발자로 살아가면서 하루에도 천 번을 되묻는 물음에 컬리, 레몬트리, 카카오, 코드스쿼드, 무신사, 몰로코, 데이블, 인프런, 패스트캠퍼스 테크 리더 9명이 답합니다. 지금까지 만나 볼 수 없었던 생존과 성장의 원칙에서 자신만의 해답을 찾아보세요.'),
(24, 24, '파이썬 4년 연속 베스트셀러 1위!\n《Do it! 점프 투 파이썬》 전면 개정판 출시!\n문과생도 중고등학생도 직장인도 프로그래밍에 눈뜨게 만든 바로 그 책이 전면 개정판으로 새로 태어났다! 2016년 《Do it! 점프 투 파이썬》으로 출간되었던 이 책은 약 4년 동안의 피드백을 반영하여 초보자가 더 빠르게 입문하고, 더 깊이 있게 공부할 수 있도록 개정되었다. 특히 ‘나 혼자 코딩’과 ‘코딩 면허 시험 20제’ 등 독자의 학습 흐름에 맞게 문제를 보강한 점이 눈에 띈다. 실습량도 두 배로 늘었다.\n\n4년 동안 압도적 1위! 위키독스 누적 방문 200만! 수많은 대학 및 학원의 교재 채택 등! 검증은 이미 끝났다. 코딩을 처음 배우는 중고등학생부터 나만의 경쟁력이 필요한 문과생, 데이터 분석과 인공지능/머신러닝으로 커리어를 뻗어 나가고 싶은 직장인까지! 프로그래밍의 세계에 풍덩 빠져 보자.'),
(25, 25, '‘친절한 SQL 튜닝’은 개발자를 위한 SQL 튜닝 입문서다. 20년 가까이 DB 성능 컨설팅을 수행한 현직 튜너로서 개발자에게 들려주고 싶은 DB 성능 이야기를 담았다. 핵심 성능 이론은 변하지 않으므로 일부 전작에서 그대로 차용한 내용도 있지만, 그림을 보충하고 더 쉽고 친절하게 설명하려고 노력했다.'),
(26, 26, '컴퓨터는 어떻게 동작하며, 컴퓨터 프로그래밍이란 무엇인가? 개발자가 되기 위해 프로그래밍을 배우는 것은 단지 시작일 뿐이다! 뛰어난 프로그래머가 되려는 개발자는 물론, 비전공자도 재미있게 읽을 수 있는 컴퓨터공학 핵심 강의!\n\n하드웨어의 토대가 되는 기초 전자회로, 게이트부터 시작해서 메모리, CPU, I/O, 컴퓨터 아키텍처 전반을 설명하고, 그 위에서 소프트웨어를 작성하는 방법을 웹과 C 프로그램으로 직접 만들어보며, 보안, 인공지능, 알고리즘 등의 내용에 이르기까지 개발자라면 반드시 알아야 할 커튼 뒤에 감춰진 컴퓨터 구조와 프로그래밍에 대한 거의 모든 것을 다루는 컴퓨터공학 개론서!'),
(27, 27, 'IT 시대의 필수 교양서\n우리는 매일 스마트폰으로 메시지를 보내고, 컴퓨터로 일을 합니다. 또 음식점에서 키오스크로 주문하고, 가상현실에서 게임을 즐깁니다. IT는 더 이상 전문가들만의 이야기가 아닙니다. 우리의 삶 곳곳을 IT가 점령하고 있고, 그 속도는 계속해서 빨라지고 있습니다. 이제 IT를 모르고선 세상을 이해하기 어려운 시대가 되었습니다.\n\n이 책은 비전공자를 위한 ‘IT 기초 문법서’로, 한 번쯤 들어봤을 프로그래밍 언어, 운영체제, 네트워크, API, JSON, 데이터베이스, 이미지 처리, 프레임워크, 라이브러리, 깃(Git), 디자인 이슈 등 다양한 지식을 담고 있습니다. 복잡하게 얽혀 있어 한 번에 이해하기 어려웠던 각각의 지식들을 친숙한 이야기로 쉽게 풀어냄으로써 IT 산업의 전체적인 큰 그림을 그릴 수 있도록 도와줍니다.'),
(28, 28, '자바 ORM 표준 JPA는 SQL 작성 없이 객체를 데이터베이스에 직접 저장할 수 있게 도와주고, 객체와 관계형 데이터베이스의 차이도 중간에서 해결해준다. 이 책은 JPA 기초 이론과 핵심 원리, 그리고 실무에 필요한 성능 최적화 방법까지 JPA에 대한 모든 것을 다룬다. 또한, 스프링 프레임워크와 JPA를 함께 사용하는 방법을 설명하고, 스프링 데이터 JPA, QueryDSL 같은 혁신적인 오픈 소스를 활용해서 자바 웹 애플리케이션을 효과적으로 개발하는 방법을 다룬다.'),
(29, 29, 'IT 시대의 필수 교양서\n우리는 매일 스마트폰으로 메시지를 보내고, 컴퓨터로 일을 합니다. 또 음식점에서 키오스크로 주문하고, 가상현실에서 게임을 즐깁니다. IT는 더 이상 전문가들만의 이야기가 아닙니다. 우리의 삶 곳곳을 IT가 점령하고 있고, 그 속도는 계속해서 빨라지고 있습니다. 이제 IT를 모르고선 세상을 이해하기 어려운 시대가 되었습니다.\n\n이 책은 비전공자를 위한 ‘IT 기초 문법서’로, 한 번쯤 들어봤을 프로그래밍 언어, 운영체제, 네트워크, API, JSON, 데이터베이스, 이미지 처리, 프레임워크, 라이브러리, 깃(Git), 디자인 이슈 등 다양한 지식을 담고 있습니다. 복잡하게 얽혀 있어 한 번에 이해하기 어려웠던 각각의 지식들을 친숙한 이야기로 쉽게 풀어냄으로써 IT 산업의 전체적인 큰 그림을 그릴 수 있도록 도와줍니다.'),
(30, 30, '〈2023 시나공 워드프로세서 실기〉는 시험에 꼭 나오는 기능만 17가지로 압축하여 따라하기 형식으로 구성하였으며, 상공회의소에서 출제기준으로 공지한 A, B, C형을 완벽하게 분석하여 어떤 유형이 나와도 당황하지 않을 수 있습니다. 〈연습문제〉를 배치하여 앞에서 배운 기능을 확실히 익힐 수 있고 새롭게 추가된 출제유형을 반영한 모의고사 20회와 최신기출문제로 새로운 문제에도 대응할 수 있습니다.'),
(31, 31, '<2023 시나공 정보처리기사 필기〉는 출제기준에 포함된 125개의 학습 모듈을 완전 분해하여 정보처리기사 수준에 맞게 206개 섹션으로 엄선하여 정리하였습니다.\n비전공자들이 쉽게 학습 방향을 잡을 수 있도록 NCS 학습 모듈을 가이드 삼아 자세한 설명과 충분한 예제를 더했고, 책에 수록된 내용은 어떠한 변형 문제가 나오더라도 대처할 수 있도록 최대한 자세하고 쉽게 설명했습니다.\n\n〈기억상자&기출 CBT〉 ‘기억상자’ 암기 프로그램으로 반복 학습을 통해 틀린 문제는 틀리지 않을 때까지, 맞혔던 문제는 안전하게 머릿속에 담아 시험장에 가지고 갈 수 있도록 해주고, 실제 시험장과 똑같은 기출문제 CBT로 마무리 학습 및 시험 전 현장 감각을 키울 수 있습니다'),
(32, 32, '통계 그래픽스의 거장 에드워드 티프티의 이론과 다양한 실무예제를 수록한 인포그래픽 기본서!\n'),
(33, 33, '본 도서는 한국데이터베이스진흥원에서 실시하고 있는 『데이터 분석 전문가(ADP)』 자격증과 『데이터 분석 준전문가(ADsP)』 자격증을 준비하는 수험생들을 위한 도서이다. 2014년 4월 이후 시행된 자격증 시험의 기출문제를 분석하여 문제의 의도와 유형을 파악하여 중요한 내용을 표와 그림을 위주로 1과목 데이터의 이해, 2과목 데이터 분석 기획 그리고 3과목 데이터 분석의 내용을 정리하였다. 각 장에는 온라인/오프라인 강의에서 언급한 출제경향을 따로 표기하여 수험생들이 공부해야 하는 중심 내용을 체크해 주었다. 또한 각 장마다 기출문제 분석을 통해 다량의 예상문제를 수록하여 내용을 다시 점검할 수 있도록 하였다. 본 교재는 5회의 기출문제를 수록하여 실제 자격증 시험에 어떤 문제들이 어떤 식으로 나오는지를 확인할 수 있게 만들었고 2회의 모의고사를 수록하여 가상의 시험을 경험해 볼 수 있도록 제공하고 있다. 또한 본 도서는 모든 교육과정을 30일로 정리하여 수록하였으며, 30일간 차근차근 내용을 학습해 나간다면 누구나 합격할 수 있도록 가이드 하고 있다. 특히 합격마법노트를 통해 시험 전, 다시 한번 주요 내용들을 체크할 수 있도록 내용을 정리했고 QR코드를 활용해 문제풀이 동영상을 볼 수 있는 서비스를 제공한다.본 도서는 『데이터 분석 전문가(ADP)』 자격증과 『데이터 분석 준전문가(ADsP)』 자격증을 공부하는 모든 예비 전문가들에게 쉽고 빠르게 자격증을 취득할 수 있도록 도움을 줄 것이다.'),
(34, 34, '윤성우 열형강의『C 프로그래밍』은 C언어에 대한 기본을 배울 수 있는 개론서이다. 이 책은 총 4개의 파트로 구성이 되어 있다. C언어의 기본이 되는 내용들을 다루고 배열과 포인트에 대해서 다루고 구조체, 매크로를 비롯한 파일 입출력에 대한 내용을 다루고 있다. 내용 중간 중간에 연습문제를 넣어 내용의 이해도를 점검할 수 있도록 구성하였으며 이해를 돕기 위한 인터넷 강의가 무료로 제공이 된다.'),
(35, 35, '혼자 해도 충분하다! 1:1 과외하듯 배우는 데이터 분석 자습서\n이 책은 독학으로 데이터 분석을 배우는 입문자가 ‘꼭 필요한 내용을 제대로 학습’할 수 있도록 구성했습니다. 뭘 모르는지조차 모르는 입문자의 막연한 마음에 십분 공감하여 과외 선생님이 알려주듯 친절하게, 핵심적인 내용만 콕콕 집어 줍니다. 책의 첫 페이지를 펼쳐서 마지막 페이지를 덮을 때까지, 혼자서도 충분히 데이터 분석을 배울 수 있다는 자신감과 확신이 계속될 것입니다!\n'),
(36, 36, '『실무에 바로 쓰는 일잘러의 보고서 작성법』은 회사에서 문서로 커뮤니케이션 하는 방법을 현업 기획자가 사수처럼 상세하게 알려준다. 기획서, 제안서, 보고서 같은 문서의 목적을 파악해 내용을 쉽게 구성하는 방법을 알려준다.\n'),
(37, 37, 'ㆍ 암기비법 PDF 제공\nㆍ 2023년 최신 출제기준 반영!\nㆍ 최적의 암기비법(두음쌤)과 학습 Point 수록\nㆍ 합격만을 위한 수제비 학습 전략 안내\nㆍ 각종 비법을 담은 학습지원센터 오픈'),
(38, 38, '수년간의 직업능력개발훈련 및 교육 노하우를 바탕으로 오토캐드를 처음 접하는 독자의 입장에서 작성된 교재입니다.\n- 불필요한 내용을 버리고 실무에 필요한 기능만 담았습니다.\n- 효과적인 학습방법으로 높은 학업성취를 달성할 수 있도록 내용을 구성하였습니다.\n- 학습 진도에 적절한 연습도면을 완성해봄으로써 단기간에 실력을 향상시킬 수 있습니다.\n본 교재를 통해 오토캐드 전문가로 성장할 수 있기를 기원합니다.'),
(39, 39, '- 혼자 해도 충분합니다! 1:1 과외하듯 배우는 IT 지식 입문서\n이 책은 독학으로 컴퓨터 구조와 운영체제를 배우는 입문자가 ‘꼭 필요한 내용을 제대로 학습’할 수 있도록 구성했다. 뭘 모르는지조차 모르는 입문자의 막연한 마음에 십분 공감하여 과외 선생님이 알려주듯 친절하게, 핵심 내용만 콕콕 집어 준다. 〈컴푸터 구조〉편에서는 컴퓨터를 이루고 있는 부품들과 각 부품의 역할을 알아본다. 또한 컴퓨터 내부의 구조와 작동법을 이해하고, 컴퓨터가 어떻게 명령어를 처리하는지 학습한다. 〈운영체제〉편에서는 운영체제의 필요성을 배운 뒤 앞서 배운 컴퓨터의 부품들을 운영체제가 어떻게 사용하는지 전체 과정을 살펴본다. ‘전공서가 너무 어려워서 쉽게 배우고 싶을 때’, ‘개발자가 되고 싶은데 뭐부터 봐야 하는지 모를 때’ ‘기술 면접을 제대로 준비해야 할 때’ 다른 입문서에서는 알려주지 않았던 진짜 컴퓨터 공학 지식을 〈혼자 공부하는 컴퓨터 구조 운영체제〉에서 만나 보자!\n\n- 42명의 베타리더 검증으로, ‘함께 만든’ 입문자 맞춤형 도서\n42명의 베타리더와 함께 입문자에게 꼭 맞는 난이도, 분량, 학습 요소 등을 적극 반영했다. 어려운 용어와 개념은 한 번 더 풀어 쓰고, 적절한 예시와 이해하기 쉬운 그림으로 누구나 이해할 수 있도록 구성했다. 또한 일상 소재를 활용한 비유를 활용하여 어렵게 느껴질 수 있는 컴퓨터 구조와 운영체제를 머릿속에 직접 그리듯이 설명해 준다. ‘혼자 공부해 본’ 여러 입문자의 초심과 눈높이가 책 곳곳에 반영된 것이 이 책의 가장 큰 장점이다.'),
(40, 40, 'Node.js 베스트셀러 1위! 개정 3판!\n한 권으로 끝내는, 노드 기본부터 실무까지 전 과정 총망라!\n다양한 서비스를 직접 만드는, 실무에 가장 가까운 강의!\n개정 3판을 맞아 노드와 npm 패키지 버전을 최신으로 업데이트하고, 컨트롤러와 서비스를 분리해 사용하는 방식으로 예제 구조를 변경하면서 9~13장까지 모든 코드를 수정하며 완성도를 높였다. ES2022에 맞춰 Map/Set과 널 병합, 옵셔널 체이닝을 예제 코드 전반에 사용하고 관련 문법을 설명했으며, 정식 지원되는 ECMAScript 모듈 사용법도 추가했다. 또한, 요즘 적극적으로 도입되는 추세에 맞춰 노드 프로젝트를 타입스크립트로 전환하는 방법도 추가했다.\n이 책은 프런트부터 서버, 데이터베이스, 배포까지 아우르는 광범위한 내용을 다룬다. 군더더기 없는 직관적인 설명으로 기본 개념을 확실히 이해하고, 노드의 기능과 생태계를 사용해보면서 실제로 동작하는 서버를 만들어보자. 웹 서버, 웹 API 서버, 노드 서비스 테스트, SNS 서비스, 실시간 GIF 채팅방, 경매 시스템, 커맨드라인 인터페이스까지 경험할 수 있으며, 예제와 코드는 최신 문법을 사용해 실무에 바로 참고하거나 적용할 수 있게 했다.'),
(41, 41, '자바스크립트의 모든 것을\n깊이 있게, 알기 쉽게!'),
(42, 42, '〈694개 필드 중 556개 필드 토막강의〉 합격에 필요한 내용만 골라 듣는 시나공식 맞춤 동영상 강의를 제공하여 수험생의 부담을 줄이고 독학을 가능하게 하였습니다.\n\n〈2023 시나공 컴퓨터활용능력 1급 필기〉는 실제 시험의 출제 경향을 친절하게 짚어주고, 자주 시험에 나온 내용은 확실히 강조하여 혼자서도 충분히 공부할 수 있게 도와줍니다. 지금까지 출제된 모든 기출문제를 통계적으로 분석하여 시험에 나오는 것만 골라 190개의 섹션, 694개의 필드로 정리하였습니다. 섹션은 시험에 출제된 비율에 따라 A, B, C, D 등급을 지정하고, 각 필드에는 시험에 나온 출제연도를 표기하여 수험생이 더 효율적으로 공부할 수 있도록 하였습니다.\n\n〈마지막 시험장까지 책임지는 필수암기집〉 최근 6년간 출제된 기출문제 960제를 압축한 필수 암기 223선을 모아 기출문제를 풀지 못했더라도 이것만 읽어보면 학습을 마무리할 수 있습니다.\n\n〈기억상자&기출 CBT〉 ‘기억상자’ 암기 프로그램으로 반복 학습을 통해 틀린 문제는 틀리지 않을 때까지, 맞혔던 문제는 안전하게 머릿속에 담아 시험장에 가지고 갈 수 있도록 해주고, 실제 시험장과 똑같은 기출문제 CBT로 마무리 학습 및 시험 전 현장 감각을 키울 수 있습니다'),
(43, 43, '〈406개 필드 중 335개 필드 토막강의〉 합격에 필요한 내용만 골라 듣는 시나공식 맞춤 동영상 강의를 제공하여 수험생의 부담을 줄이고 독학을 가능하게 하였습니다.\n\n〈2022 시나공 컴퓨터활용능력 2급 필기〉는 실제 시험의 출제 경향을 친절하게 짚어주고, 자주 시험에 나온 내용은 확실히 강조하여 혼자서도 충분히 공부할 수 있게 도와줍니다. 지금까지 출제된 모든 기출문제를 통계적으로 분석하여 시험에 나오는 것만 골라 106개의 섹션, 335개의 필드로 정리하였습니다. 섹션은 시험에 출제된 비율에 따라 A, B, C, D 등급을 지정하고, 각 필드에는 시험에 나온 출제연도를 표기하여 수험생이 더 효율적으로 공부할 수 있도록 하였습니다.\n\n〈마지막 시험장까지 책임지는 필수암기집〉 최근 7년간 출제된 기출문제 720제를 압축한 필수 암기 149선을 모아 기출문제를 풀지 못했더라도 이것만 읽어보면 학습을 마무리할 수 있습니다.\n\n〈기억상자&기출 CBT〉 ‘기억상자’ 암기 프로그램으로 반복 학습을 통해 틀린 문제는 틀리지 않을 때까지, 맞혔던 문제는 안전하게 머릿속에 담아 시험장에 가지고 갈 수 있도록 해주고, 실제 시험장과 똑같은 기출문제 CBT로 마무리 학습 및 시험 전 현장 감각을 키울 수 있습니다'),
(44, 44, '본 도서는 최신 출제기준을 적용한 도서로, 빅데이터분석기사 필기 시험의 출제 경향을 철저히 분석하여 수험생들이 혼자서도 학습할 수 있도록 한 완벽 대비서이다. 시행처인 한국데이터산업진흥원에서 공개한 출제기준을 바탕으로 집필되었으며, 꼼꼼한 이론과 예상문제를 공부하며 시험 유형을 익힐 수 있고, 기출문제를 복원하고 키워드를 반영한 모의고사를 통해 시험에 철저하게 대비할 수 있도록 하였다. 또한 이론의 핵심을 다루는 모의고사 풀이 동영상을 독자에게 무료로 제공하여 필기 시험 준비에 도움이 되도록 하였다.'),
(45, 45, '더 쉽게, 더 재미있게 아이패드 드로잉을 시작하자!\n그림을 그릴 때 도움이 되는 프로크리에이트의 기능과 빨간고래 작가의 친절한 설명 꿀팁 영상 강의로 누구나 잘 그릴 수 있다!'),
(46, 46, '러스트는 시스템 프로그래밍에 적합한 언어이다. C와 같은 저수준 언어에 견줄 만한 성능과 두려움 없이 코딩할 수 있는 매우 견고한 안전 요소를 함께 제공한다. 러스트 프로그램은 간결하고, 가독성이 좋고, 엄청나게 빨라서 동시성을 필요로 하는 애플리케이션에 이상적이다. 똑똑하기로 유명한 러스트의 컴파일러는 감지하기 힘든 코딩 에러까지 피할 수 있도록 도와준다.\n\n《한 줄 한 줄 짜면서 익히는 러스트 프로그래밍》은 러스트로 하는 시스템 프로그래밍에 대한 실무형 안내서이다. 문법과 구조를 넘어 실세계에서 사용되는 사례를 제공한다. 파일 처리, 네트워킹, 커널 수준 프로그래밍에 대한 러스트 구현을 탐험하면서 병렬성과 동시성에 대한 놀라운 기법들을 발견할 수 있다. 이 과정에서 가비지 컬렉터 없이 메모리를 관리하기 위한 러스트의 독특한 ‘대여 검사기’ 모델을 이해하게 될 것이다.'),
(47, 47, '읽는 것만으로 충분하다!\n쉽고 빠르게 이해하는 AWS 개념과 서비스!\nAWS는 웹 관련 기능뿐만 아니라 회사 시스템이나 머신 러닝, 인프라와 관련된 기능까지 폭넓은 서비스를 제공한다. 또한, 단순히 ‘임대 서버의 대용품’으로 사용하는 것이 아니라 시스템이나 인프라를 구축하는 데 꼭 필요한 서비스로 자리매김하고 있다. 책에서는 클라우드와 네트워크 구조, 관리 콘솔, 대시보드와 같은 기초 지식부터 Amazon EC2, Amazon S3, Amazon VPC, Amazon RDS 등 AWS 주요 서비스까지 설명한다. 각 서비스의 환경 구조, 사용 절차, 요금, 조합해 사용하면 좋은 서비스들을 155개 일러스트와 40개 표로 일목요연하게 정리하여 직관적으로 이해할 수 있게 구성했다. 또한, 기초부터 설명하기 때문에 사전 지식이 없어도 충분히 읽을 수 있다. 이 책을 읽고 나면 어떤 서비스가 있으며, 그 특징은 무엇인지, 어떻게 사용하면 될지 머릿속에 다양한 AWS 활용 기술을 떠올릴 수 있을 것이다.'),
(48, 48, '『뇌를 자극하는 C# 4.0』을 시작으로 2011년부터 꾸준히 개정하며 독자의 신뢰를 쌓아온 『이것이 C#이다』이 C# 9.0 버전에 맞춰 코드와 내용을 개정해 돌아왔다. C#과 닷넷 세계에 처음 입문하는 독자를 대상으로 집필한 이 책은 강의를 듣는 듯 편한 구어체로 프로그램의 역사와 기초 문법부터 가비지 컬렉션까지 C#의 방대한 내용을 집대성했다.\n친절한 설명, 직관적인 예제, 직강 동영상, 여기에 저자가 직접 질문에 답해주는 커뮤니티까지 올인원으로 구성된 이 책을 발판 삼아 C# 입문자에서 전문가로 성장해보자.\n'),
(49, 49, '‘탈잉’ 1위 엑셀 클래스의 수업 내용을 한 권에 담다!\n대기업 인사 담당자들이 Pick한 엑셀 전문가 쏘피\n1초도 낭비하지 않는, 진짜 실무에 필요한 엑셀 스킬!\n-MS Office 2021 최신 기능 반영!\n-실습용 자료 무료 제공! (QR코드 다운로드)\n-맥북 유저를 위한 단축키&활용법 추가!'),
(50, 50, '《파이썬 머신러닝 완벽 가이드》는 이론 위주의 머신러닝 책에서 탈피해, 다양한 실전 예제를 직접 구현해 보면서 머신러닝을 체득할 수 있도록 만들었습니다. 캐글과 UCI 머신러닝 리포지토리에서 난이도가 있는 실습 데이터를 기반으로 실전 예제를 구성했고, XGBoost, LightGBM, 스태킹 기법 등 캐글의 많은 데이터 사이언스에서 애용하는 최신 알고리즘과 기법을 상세하게 설명했습니다.'),
(51, 51, '당신이 고민하는 지금 이 시간에도, 시작한 사람들은 이미 돈을 벌고 있다!\n이 책은 월급 외 부수입을 얻고자 하는 모든 사람이 꼭 읽어야 할 책이다. 퇴근 후 자투리 시간을 이용하여 스마트스토어를 현실적으로 운영하는 방법을 알려주어 여러분이 제2의 월급을 벌 수 있는 길로 안내한다.\n평범한 직장인이었던 저자가 맨땅에 헤딩하며 긁어모은 노하우와 한 달 만에 매출 1,000만 원을 달성한 실전 전략, 그리고 기존 책에서는 볼 수 없는 키워드 ㆍ 이미지 ㆍ 상품 등록 과정까지 저자의 모든 노하우를 담았다.\n스마트스토어에 대해 단 조금도 몰라도 괜찮다.\n‘가격 경쟁’이 아닌 ‘키워드 경쟁’인 흐름에 발맞춰 내 상품을 상위노출 시키자. 그리고 재고 관리와 배송에 대한 부담 없이, 집에서 편하게 고객이 나를 먼저 찾아오는 길을 만들어 높은 매출을 이뤄내 보자.'),
(52, 52, '“살아있는 전설이 들려주는 실용적인 소프트웨어 아키텍처 원칙”\n\n소프트웨어 아키텍처의 보편 원칙을 적용하면 소프트웨어 수명 전반에서 개발자 생산성을 획기적으로 끌어올릴 수 있다. 《클린 코드》와 《클린 코더》의 저자이자 전설적인 소프트웨어 장인인 로버트 C. 마틴은 이 책 《클린 아키텍처》에서 이러한 보편 원칙들을 설명하고 여러분이 실무에 적용할 수 있도록 도와준다.\n단순히 선택지들을 나열하는 책이 아니다. 상상할 수 있는 모든 분야의 소프트웨어 환경에서 반 세기를 살아온 저자의 경험에 기초하여, 성공하기 위해서는 어떤 선택을 해야 하고 무엇이 결정적인지를 이야기해 준다. 저자의 명성에 걸맞게 이 책에는 여러분이 직면할 현실적인 도전들을 극복할 수 있는 진지한 해결책으로 가득 차 있다.'),
(53, 53, '역할, 책임, 협력을 향해 객체지향적으로 프로그래밍하라!\n객체지향으로 향하는 첫걸음은 클래스가 아니라 객체를 바라보는 것에서부터 시작한다. 객체지향으로 향하는 두번째 걸음은 객체를 독립적인 존재가 아니라 기능을 구현하기 위해 협력하는 공동체의 존재로 바라보는 것이다. 세번째 걸음을 내디딜 수 있는지 여부는 협력에 참여하는 객체 들에게 얼마나 적절한 역할과 책임을 부여할 수 있느냐에 달려 있다. 객체지향의 마지막 걸음은 앞에서 설명한 개념들을 여러분이 사용하는 프로그래밍 언어라는 틀에 흐트러짐 없이 담아낼 수 있는 기술을 익히는 것이다.\n'),
(54, 54, '2023 시나공 컴퓨터활용능력 1급 실기〉는 엑셀, 액세스의 방대한 기능 중 시험에 꼭 나오는 엑셀 기능 18가지, 액세스 기능 8가지로 압축하고, 쉽게 익힐 수 있도록 따라하기 형식으로 구성하였습니다. 각 섹션마다 출제된 비율에 따라 A, B, C, D 등급을 지정하여 중요한 내용을 먼저 볼 수 있습니다.\n\n〈계산문제! 반복이 해답입니다〉 자주 틀리는 계산문제는 컴퓨터 없이도 틈틈이 풀어볼 수 있도록 별도의 책으로 엮어 실기 시험에 꼭 나오는 함수 사전, 수식 만드는 요령, 수식 이해하는 방법 등 계산문제 풀이에 대한 체계적인 학습전략을 수록했습니다.\n\n〈채점 프로그램으로 간단하게 오답 체크〉 시나공 홈페이지에서 온라인 채점 프로그램으로 모의고사와 기출문제를 푼 후 점수를 바로 확인할 수 있고 틀린 부분만 찾아서 효과적으로 공부할 수 있습니다.'),
(55, 55, 'AWS를 사용하며 직면하게 될 일반적인 문제를 창의적으로 해결할 수 있는 70개 이상의 레시피를 제공하는 실용적인 안내서다. 초보자부터 전문가 레벨의 개발자, 엔지니어, 아키텍트까지 AWS에 대한 유용한 지식을 습득할 수 있다.'),
(56, 56, '복잡한 IT 세상을 선명하게 읽는 디지털 문해력 기르기 챌린지\nIT 지식은 분명 복잡하지만 인생처럼 혼잡하지는 않다. 필요한 지식을 습득하면 막연한 불안감에서 벗어나 디지털 지구가 제시하는 도전과 기회에 적극적으로 대처할 수 있다. 네이버, 카카오, 쿠팡, 배달의 민족, 당근마켓, 토스··· 순식간에 우리 일상에 스며든 IT 기업들은 클라우드 컴퓨팅, 머신러닝, 데이터 마이닝과 같은 기술을 바탕으로 매분 매초 혁신과 성장을 거듭하고 있다. 그 가운데 인터넷, 스마트폰에 이어 2025년 글로벌 300조 시장이 예측되는 메타버스 시대가 열렸다.\n다행히도 논리적 구조와 물리적 구현으로 이뤄진 디지털 시스템의 기본 아이디어는 무게가 30톤에 달하던 초기 컴퓨터부터 MS 홀로렌즈로 접속하는 메타버스까지 동일하다. 컴퓨팅의 4가지 핵심 분야인 하드웨어, 소프트웨어, 통신, 데이터를 이해하면 어떤 복잡한 디지털 시스템이라도 잘게 쪼개 비즈니스 구조와 흐름을 파악하는 디지털 문해력을 기를 수 있다.\n호기심 세포는 있는데, 실천 세포는 없다면, 이 책이 딱이다. ‘1일 1로그 100일 완성 IT 지식 챌린지’에, 각 꼭지를 언제 읽을 것인지, 퀘스트 날짜를 적어 보자. 계획한 날짜에 읽었다면 퀘스트 성공! 하루하루 성공 기록을 쌓다 보면 한번 배워 평생 써먹는 IT 근육을 갖게 될 것이다.'),
(57, 57, '코로나 이후로 B2B 마케팅 시장은 빠르게 변화하고 있다. B2B 비즈니스를 진행하고 있는 글로벌 기업과 대기업들은 이미 발 빠르게 영업기반의 마케팅에서 디지털 마케팅으로 전환을 이루었고, 또, 앞으로의 마케팅 시장의 변화에 대비하기 위해 더 고도화된 마케팅 자동화나 고객 데이터 플랫폼(CDP)에 대한 도입검토까지 이루어지고 있는 상황이다.그러나, 중소기업이나 스타트업의 현실은 어떠한가? 여전히, 오프라인 및 영업기반의 마케팅을 진행하고 있고, 설령 디지털 마케팅을 진행한다고 하더라도 제대로 된 마케팅 인프라가 구축되지 않았기 때문에, 안하느니만 못한 상황까지도 벌어지고 있다.마케팅을 안 하느니만 못한 상황이라는 것은 도리어 B2B 디지털 마케팅에 대한 잘못된 편견이 생겨서, 그 간의 편견 때문에 “해봤는데 안 되더라.”라는 결과로 귀결되어 새로운 디지털 마케팅 방법들이 생기더라도 시도조차도 하지 않는 상황을 말하는 것이다.이런, 대다수의 경우에는 “해봤는데 안 되는 것이 아니라, 제대로 하지 않았으니 안 되는 경우”가 많다. 또, “예산이나 인력을 적당히 분배해야 하는데 시장의 수요보다 필요 이상 많은 마케팅 예산을 분배”하기 때문에 마케팅의 효율이 나오지 않는 것이다.B2B 디지털 마케팅은 단순히 경험만으로 개선되는 분야가 아니다.요즘 시대의 디지털 마케팅은 마케팅 테크를 빼놓고 말할 수 없는 상황이 되었고, 결국 성공적인 B2B 디지털 마케팅은 B2B 시장에 대한 다양한 경험과 디지털 마케팅 테크에 대한 이해가 병행되었을 때 성과를 얻을 수 있다.'),
(58, 58, '웹 분야 1위! 그만한 이유가 있다!\n키보드를 잡고 실습하다 보면\n웹 개발의 3대 기술이 끝난다!\n웹의 기본을 한 권으로 끝낼 수 있는 책이 탄생했다! 8년 연속 웹 분야 도서 1위인 《Do it! HTML5 CSS3 웹 표준의 정석》의 고경희 저자는 ‘HTML, CSS, 자바스크립트를 한 권으로’ 배우고 싶다는 많은 독자의 요구를 모아 최신 경향을 반영한 이 책을 집필했다. 웹 개발을 시작하는 입문자도 쉽게 실습할 수 있고, 중요한 문법만 다시 공부하고 싶은 중ㆍ고급자에게도 도움이 된다.\n친절한 설명은 기본! 핵심만 쏙쏙 뽑아서 실무에 바로 사용할 수 있는 예제도 풍성하게 담겨 있다. 또한 최신 웹 표준 기술인 HTML5, CSS3, 자바스크립트(ES6)를 기준으로 설명하며 책의 모든 내용을 압축한 최종 프로젝트 〈웹 사이트 만들기〉 PDF 전자책을 무료로 추가 제공한다. 수많은 독자가 입을 모아 ‘웹 분야의 교과서’라고 부르는 이유를 지금 확인해 보자!'),
(59, 59, '이 책은 컴퓨터활용능력 2급 필기와 실기 시험을 한 번에 합격할 수 있도록 구성한 필기, 실기 합본 도서입니다.\n\n2권 필기 공략집은 필기 기출 유형을 완벽하게 분석한 〈자주 출제되는 기출문제 120선〉과 실제 시험에서 출제되었던 지문으로 구성한 〈핵심 암기 노트〉, 그리고 2021~2022년 상시 기출문제 12회분으로 구성되어 있습니다. 핵심 이론 전체에 동영상 강의를 무료로 제공하며, 상시 기출문제 또한 회차마다 중요한 12문제를 선정하여 동영상 강의를 무료로 제공하고 있습니다.\n\n2권 실기 공략집은 상시 시험에 출제된 문제를 분석하여 구성한 상시 시험 문제 10회와 수험생들이 어려워하는 스프레드시트 계산작업 문제 10회분을 별도로 구성하였고 동영상 강의를 전강 무료로 제공합니다.'),
(60, 60, '구글은 어떻게 개발하고 코드를 관리하는가\n지난 50년의 세월과 이 책이 입증한 사실이 한 가지 있습니다. 바로 \'소프트웨어 엔지니어링의 발전은 결코 정체되지 않는다\'라는 것입니다. 빠른 기술 변화 속에서 소프트웨어 엔지니어링의 중요성이 더욱 강조되면서 소프트웨어 엔지니어의 역할은 점점 더 확장될 것입니다. 이제 더 이상 소프트웨어 엔지니어링은 단순히 조직을 효과적으로 운영하는 방법에 그치지 않을 것입니다. 이 책에서는 여러분이 궁금해하고, 반드시 알아야 할 프로그램을 효과적으로 짜는 방법은 물론, 코드베이스를 지속 가능하고 건실하게 만들어주는 엔지니어링 관행까지 모두 소개합니다. 이 책 한 권이면 소프트웨어 엔지니어링 프로세스를 완벽하게 익히고 좋은 제품을 남들보다 빠르게 구현할 수 있게 됩니다. 또한 20년 넘게 수만 명의 구글러가 쌓아온 노하우도 습득할 수 있습니다. 품질 좋은 소프트웨어 제품을 신속하게 개발하고 싶거나 구글의 소프트웨어 관리 방법이 궁금한 모든 이에게 훌륭한 안내서가 되어줄 것입니다.'),
(61, 61, '엑셀(2021/2019/2016/2013/Microsoft 365) 모든 버전 사용 가능\n: 엑셀 ‘2021’ 최신 버전 반영\n\n▷누구보다 빠르게!\n_업무 시간 단축 스킬 및 엑셀 전문가의 팁 대공개\n▷정확한 분석과 보고!\n_데이터 관리와 분석 및 비주얼 보고서 작성 노하우 총망라\n▷문제 해결은 단숨에!\n_현장 실무 프로젝트로 상황별 솔루션 제시'),
(62, 62, '〈2023 에듀윌 EXIT 컴퓨터활용능력 2급 필기 초단기끝장〉은 딱! 공부할 핵심요약만, 딱! 풀어볼 기출문제만 수록하고, IT자격증 합격을 위한 다양한 부가서비스를 제공하여 누구보다 빠르게 IT자격증을 취득할 수 있는 교재입니다.'),
(63, 63, '구글 애널리틱스 4 실전 활용법은 구글 애널리틱스 4 학습을 막 시작하는 현직자나 예비 마케터를 대상으로 한, 구글 애널리틱스 기본서입니다. 단순한 이론보단 바로 쓸 수 있는 실무 지식을 담는 데 초점을 맞춰 다양한 정보를 다룹니다. 구글 애널리틱스 4(GA4)의 기초 지식부터 구글 빅쿼리(BigQuery) 연동, 구글 태그 매니저(GTM)를 활용한 이벤트 적용 등 고급 정보, 그리고 실전 연습문제까지 알차게 담았습니다.'),
(64, 64, '혼자 해도 충분하다! 1:1 과외하듯 배우는 인공지능 자습서\n이 책은 수식과 이론으로 중무장한 머신러닝, 딥러닝 책에 지친 ‘독학하는 입문자’가 ‘꼭 필요한 내용을 제대로’ 학습할 수 있도록 구성했다. 구글 머신러닝 전문가(Google ML expert)로 활동하고 있는 저자는 여러 차례의 입문자들과 함께한 머신러닝&딥러닝 스터디와 번역ㆍ집필 경험을 통해 ‘무엇을’ ‘어떻게’ 학습해야 할지 모르는 입문자의 막연함을 이해하고, 과외 선생님이 알려주듯 친절하게 핵심적인 내용을 콕콕 집어준다. 컴퓨터 앞에서 〈손코딩〉을 따라하고, 확인 문제를 풀다 보면 그간 어렵기만 했던 머신러닝과 딥러닝을 개념을 스스로 익힐 수 있을 것이다!\n\n- 베타리더가 함께 만든 입문서\n베타리딩 과정을 통해 입문자에게 적절한 난이도, 분량, 학습 요소 등을 고민하고 반영했다. 어려운 용어와 개념은 한 번 더 풀어 쓰고, 복잡한 설명은 눈에 잘 들어오는 그림으로 풀어 냈다. ‘혼자 공부해본’ 여러 입문자의 마음과 눈높이가 책 곳곳에 반영된 것이 이 책의 가장 큰 장점이다.'),
(65, 65, '통계, 파이썬을 1도 몰라도 데이터를 혼자서 다룰 수 있다!\n데이터 분석 프로젝트 전 과정 수록!\n데이터 분석 분야의 명강사이며 이 분야 베스트셀러 저자인 김영우 선생님의 강의가 책으로 나왔다. 통계, 프로그래밍, 데이터 분석을 전혀 몰라도 《Do it! 쉽게 배우는 파이썬 데이터 분석》을 통해 최근 주목받는 데이터 분석 기법을 재미있게 배울 수 있다. 데이터 분석에 필요한 파이썬 문법은 이 책에 나온 것만 보면 된다. 이 책은 데이터 정제, 가공, 분석부터 그래프 그리기까지 실제 현업에서 데이터 분석 프로젝트를 할 때와 같은 모든 과정을 직접 해볼 수 있다. 쉬운 예제부터 차근차근 실습하다 보면 문과생도 파이썬 코드에 익숙해지고, 끝에 가서는 자신만의 훌륭한 데이터 분석 프로젝트를 완수할 수 있다!\n'),
(66, 66, '가장 진보한 프레임워크로 우아하게 백엔드 입문하기\nNestJS는 Express를 기반으로 DB, ORM, 유효성 검사 등의 라이브러리를 내장한 차세대 백엔드 프레임워크다. 제어 반전, 의존성 주입, AOP 등 객체 지향 개념을 도입했고 타입스크립트로 모듈/컴포넌트 기반의 프로그래밍을 할 수 있다. 이 책은 저자가 모두싸인에 몸담으며 익힌 노하우와 인사이트를 바탕으로 NestJS를 활용해 회원 가입, 이메일 인증, 로그인, 회원 정보 조회 기능을 갖춘 REST API 유저 서비스를 만들어본다. 프로젝트에 점차 살을 붙여나가며 백엔드 개발에 필요한 환경 변수 설정, 요청 유효성 검사, 인증(JWT), 로깅, 헬스 체크, CQRS, 클린 아키텍처, 단위 테스트 등 지식과 기술을 제대로 익힐 수 있게 집필했다.'),
(67, 67, '가장 진보한 프레임워크로 우아하게 백엔드 혼자 해도 충분하다!\n1:1 과외하듯 배우는 데이터베이스 자습서(MySQL Community 8.0 지원)\n이 책은 아무런 사전 지식 없는 입문자가 ‘꼭 필요한 내용을 제대로’ 학습할 수 있도록 구성했다. ‘무엇을’, ‘어떻게’ 학습해야 할지조차 모르는 입문자의 막연한 마음을 살펴, 과외 선생님이 알려주듯 친절하게, 그러나 핵심적인 내용만 콕콕 집어준다. 책의 첫 페이지를 펼쳐서 마지막 페이지를 덮을 때까지, 혼자서도 충분히 SQL을 배울 수 있다는 자신감과 확신이 계속될 것이다!\nNestJS는 Express를 기반으로 DB, ORM, 유효성 검사 등의 라이브러리를 내장한 차세대 백엔드 프레임워크다. 제어 반전, 의존성 주입, AOP 등 객체 지향 개념을 도입했고 타입스크립트로 모듈/컴포넌트 기반의 프로그래밍을 할 수 있다. 이 책은 저자가 모두싸인에 몸담으며 익힌 노하우와 인사이트를 바탕으로 NestJS를 활용해 회원 가입, 이메일 인증, 로그인, 회원 정보 조회 기능을 갖춘 REST API 유저 서비스를 만들어본다. 프로젝트에 점차 살을 붙여나가며 백엔드 개발에 필요한 환경 변수 설정, 요청 유효성 검사, 인증(JWT), 로깅, 헬스 체크, CQRS, 클린 아키텍처, 단위 테스트 등 지식과 기술을 제대로 익힐 수 있게 집필했다.'),
(68, 68, '이 책은 가장 쉽게 유튜브를 개설하고 성장시키는 방법을 찾고, 어떻게 하면 쉽게 영상을 촬영하고 편집할 수 있는지 알려드리기 위해서 만들었다. 오랜 시간을 필요로 하지 않다. 하루면 누구나 가능하다. 문제는 실천이다. 더 이상 좋은 방법만을 찾으러 다니지 말자.'),
(69, 69, '내 글이 네이버 메인에 뜬다! 블로그 만들기부터 인플루언서가 되기까지!\n블로그 분야 1위, 《된다! 네이버 블로그 & 포스트》의 전면 개정판 출간!'),
(71, 71, '실무에 바로 써먹을 수 있는 엑셀, 파워포인트, 워드, 한글의 핵심기능을 우선순위별로 쉽고 빠르게 익힌다!\n회사에서 바로 쓰는 500여 개 실무 문서로 어떤 업무든 능숙하게 해결한다!\n실무에 꼭 필요한 엑셀, 파워포인트, 워드, 한글을 한 권으로 쉽고 빠르게 익힌다. 각 프로그램별로 실무에서 가장 많이 쓰는 우선순위 핵심기능을 선별해 당장 필요한 기능부터 익히면서 실무에 바로 적용할 수 있도록 구성했다. 회사에서 바로 통하는 500여 개 실무 템플릿 예제로 오피스 프로그램의 기초부터 실무활용 능력까지 단숨에 마스터할 수 있다.\n엑셀 PART에서는 실무 엑셀 문서로 효율적인 업무 방법을 학습하고, 파워포인트 PART에서는 청중을 사로잡는 슬라이드 제작 방법과 발표 노하우를 배운다. 워드 PART와 한글 PART에서는 실무를 비롯해 언제 어디서나 바로 써먹을 수 있는 완성도 높은 문서 작성/편집 기술을 익힌다. 엑셀로 빠르게 업무를 처리해 업무 효율을 높이고 워라밸을 챙기고 싶은 사람, 파워포인트로 슬라이드 작성과 프레젠테이션 능력을 보여주고 싶은 사람, 워드와 한글로 문서 작성과 편집을 막힘없이 해내고 싶은 사람에게 꼭 필요한 현장밀착형 입문서로 한번에 제대로 배워서 뛰어난 실무 능력과 경쟁력을 확보해보자.'),
(72, 72, '『이것이 자바다』는 기본 개념에 충실한 설명으로 2015년 초판이 출간된 이후부터 지금까지 프로그래밍 언어를 배우려는 사람들에게 큰 사랑을 받아왔다. 특히 교육 기관에서 가장 많이 사용하는 자바 대표 입문서로서의 역할을 톡톡히 하면서 명실상부한 자바의 교과서로 이름을 알렸다.\n이번 개정판은 기존 Java 8 버전에 최신 Java 17 LTS 버전까지 아우르는 내용으로 업그레이드하였으며, 더욱 풍부해진 708개의 실전 예제를 통해 이론으로 학습한 모든 내용을 직접 코드를 실행하며 따라 할 수 있도록 구성했다. 입문자뿐만 아니라 현직 개발자들도 항상 가까이에 두는 기본서로 꼽을 만큼 내실 있는 내용으로 꽉 채운 이번 개정판은 다시 한 번 독자들을 자바 정복의 길로 안내할 것이다.'),
(73, 73, '왜 어떤 제품은 ‘대박’을 터트리고 어떤 제품은 그러지 못할까?\n인터넷 산업의 초기 시절에는 한 회사가 어느 지역에 위치했는지가 그 회사가 일하는 방식에 큰 영향을 미쳤습니다. 하지만 오늘날 지역은 큰 의미가 없어졌습니다. 최고의 회사와 제품팀을 세계 각지에서 만나 볼 수 있습니다. 다만 최고의 기업과 팀이 일하는 방식과 나머지 평범한 기업과 팀이 일하는 방식에는 여전히 큰 차이가 있습니다. 이 고유한 차이가 모여서 최고의 기술 제품을 만듭니다. 이 책은 최고의 제품팀이 어떻게 일하는지를 설명합니다. 이 책을 읽는 독자들이 세계 최고 수준의 팀처럼 업무 혁신을 통해 성과를 낼 수 있기를 기대합니다.'),
(74, 74, '‘목이 길어 슬픈 짐승’, ‘작가님 마감이 얼마 안 남아서요’, ‘댜갸 탸댱해 시리즈’ 등 다수의 대박 이모티콘을 만든 김나무 작가가 이모티콘 승인 받는 비결 & 잘 팔리는 이모티콘 만드는 법을 소개한다.'),
(75, 75, '자바 플랫폼 모범 사례 완벽 가이드 - Java 7, 8, 9 대응\n자바 6 출시 직후 출간된 『이펙티브 자바 2판』 이후로 자바는 커다란 변화를 겪었다. 그래서 졸트상에 빛나는 이 책도 자바 언어와 라이브러리의 최신 기능을 십분 활용하도록 내용 전반을 철저히 다시 썼다. 모던 자바가 여러 패러다임을 지원하기 시작하면서 자바 개발자들에게는 구체적인 모범 사례가 더욱 절실해졌고, 관련 조언을 이 책에 담아낸 것이다.'),
(76, 76, '지금까지 엑셀을 잘만 써 왔는데, 왜 다들 파이썬을 하라는 걸까요? 엑셀은 사무 업무에 최적화된 프로그램이지만 대용량 데이터를 처리하거나 반복 업무를 자동화하는 데는 한계가 있습니다. 파이썬을 사용하면 단 몇 줄의 코드만으로 기존 엑셀의 장점에 더하여 빠른 속도까지 한방에 해결할 수 있습니다.\n이 책은 엑셀로 하던 업무를 파이썬으로 실행하여 더 쉽고 빠르게 업무 자동화를 실현시키는 방법을 안내합니다. 파이썬 기초 지식과 함께 엑셀뿐만 아니라 파워포인트 문서를 파이썬으로 자동화하는 방법, 데이터의 그래프 시각화, 웹 크롤링으로 데이터를 수집하는 방법까지 다양한 업무 상황에서의 파이썬 응용 방법을 알아봅니다. 실전 예제를 따라하고 적용하다 보면 파이썬을 처음 배우는 직장인들도 코딩에 대한 두려움을 버리고 업무 자동화에 한걸음 더 다가갈 수 있을 것입니다.'),
(77, 77, '시험이 코앞이라 책 한 권을 다 볼 시간이 없다면? ‘3일 모의고사’ 코스를 활용해자. 중요한 알고리즘을 다룬 ‘핵심 유형’ 문제 15개, 시험에 자주 다루는 ‘빈출 유형’ 문제 10개만 빠르게 공부할 수 있다. 모든 문제는 백준 온라인 저지에서 실습할 수 있으니, 먼저 책으로 공부한 다음 백준 온라인 저지에서 다시 한번 풀면서 코딩 테스트를 완벽하게 대비해 보자!'),
(78, 78, '하나의 패턴에 하나의 이야기를 담았습니다. 틀에 박히지 않아 지루할 틈이 없는 구성과 친구와 이야기하듯 편안한 대화체로 이야기를 풀어냅니다. 이야기 속에 다양한 방법으로 해결할 수 있는 질문과 90개 이상의 연습문제를 담았습니다. 마치 게임 퀘스트를 해결하듯 문제를 하나하나 해결하다 보면 학습한 내용이 머릿속에 강렬하게 남습니다.'),
(79, 79, '자바의 기초부터 실전활용까지 모두 담다!\n자바의 기초부터 객제지향개념을 넘어 실전활용까지 수록한『Java의 정석』. 저자의 오랜 실무경험과 강의한 내용으로 구성되어 자바를 처음 배우는 초보자들의 궁금한 점을 빠짐없이 담고 있다. 더불어 기존의 경력자들을 위해 자바 최신기능인 람다와 스트림과 그 밖의 자바의 최신버젼 JAVA8의 새로운 기능까지 자세하게 설명하고 있다.'),
(80, 80, '클라우드/데브옵스 시대에 알아야 할 인프라 지식\n서버실이 있고, 서버 관리자가 따로 있었던 시대를 지나 클라우드 서비스가 보편화되었다. 클라우드 서비스로 넘어오면서 개발자가 직접 서버의 배포, 테스트를 하게 되었고, 네트워크 배치 등을 직접 하게 되면서 인프라 지식이 필수가 되었다. 클라우드 서비스가 아무리 편리한 인터페이스를 제공해도 가상 IP가 무엇인지, DHCP는 왜 써야 하는지, DNS는 어떤 원리로 동작하는지 등을 이해하지 못하면 클라우드 서비스 이용에 어려움을 겪는 시대가 되었다. 개발자에게 익숙한 네트워크 상위 레이어뿐만 아니라 네트워크 하위 레이어의 동작 원리도 확실하게 이해하자.'),
(81, 81, '<리액트를 다루는 기술> 개정판이 나왔습니다. 리액트 16.8 버전에 Hooks라는 기능이 도입되면서 함수형 컴포넌트에서도 상태 관리를 할 수 있게 되었습니다. 이에 맞춰 책에 사용된 주요 예시를 모두 함수형 컴포넌트 형태로 전환했습니다. 기존 내용을 보강 및 개선하고, 초판에 다루지 않았던 새로운 내용도 많이 수록했습니다. 리액트의 빅 팬이자 현업 프로그래머로서 리액트를 꾸준히 활용해 온 저자의 명쾌한 설명과 노하우가 더욱 알차게 담긴 개정판입니다.'),
(82, 82, '문서 작성, 메모, 데이터베이스 및 일정 관리까지 모든 일을 노션 하나로!\n노션은 2018년 처음 등장하여 이제는 직장인부터 개발자, 프리랜서, 대학생 등 많은 이의 필수 도구가 되었다. 이처럼 노션이 사랑을 받는 이유는 거의 모든 일을 처리할 수 있는 ‘올인원 워크스페이스’ 생산성 도구이기 때문일 것이다. 게다가 현재에 만족하지 않고 지속적으로 새로운 기능을 추가하고 있다. 이런 노션의 변화에 맞춰 《업무와 일상을 정리하는 새로운 방법 노션 Notion》도 개정2판을 출간하게 되었다.\n2019년 처음 출간부터 지금까지 꾸준하게 ‘노션 책 1위’의 자리를 지키면서 인정받은 탄탄한 구성을 기본으로 유지하면서 출간 직전까지의 최신 업데이트를 반영하였다. 입문자부터 노션을 메모 도구로 활용하려는 학생, 실무에서 협업 도구로 활용하려는 직장인까지 누구나 쉽게 배울 수 있도록 체계적으로 구성하였다.'),
(83, 83, '지속적 혁신을 실현하는 창업의 과학『린 스타트업』. 불확실한 창업 환경에서 지속적 혁신을 실현할 수 있는 창업 방법은 무엇일까? 이 책은 이러한 질문의 대안으로, 최근 실리콘밸리를 중심으로 주목을 받고 있는 린 스타트업 운동을 제시한다. 린 스타트업의 창시자인 에릭 리스는 여러 번의 창업 실패와 성공 경험에 린 제조의 교훈을 접목해 스타트업 창업에 필요한 과학적인 접근 방식을 소개한다.'),
(84, 84, '디자인 시스템에서 개발 전달까지, 한 권으로 배우는 피그마 실무!\nUX/UI 디자인 실무는 학교에서 배우기 어려워 온라인 클래스의 도움을 받는 실정이다. 이런 점을 감안하여 다른 튜토리얼 책에서는 볼 수 없는 현업에서의 디자인 시스템, 개발 전달 과정을 자세히 기술하여 실무를 전달하려 노력했다. 이 책은 두 부분으로 나누어 1부에서는 피그마 기능, 2부에서는 실습 프로젝트를 다룬다. 각 장의 레슨을 따라 하면 자연스레 피그마 사용 방법을 익힐 수 있다. 디자인 커뮤니티에서 받은 도움을 이 책에 녹였으니 새로운 디자인 자산을 축적하는 기회로 삼을 수 있을 것이다.'),
(85, 85, '29만 명의 구독자와 2만 명의 수강생이 증명한 최고의 C 언어 강의\n나도코딩의 프로그래밍 학습 노하우를 그대로!\n포인터에서 좌절하지 말고 C 언어를 배워 보자!'),
(86, 86, '도서 특징\nSQL Server 분야 베스트 1위!\n핵심만 쏙쏙 담은 알찬 수험서!\nSD에듀가 가장 효율적·효과적인 합격의 길을 제안합니다.'),
(87, 87, '이 책은 Power BI를 이용하여 로우데이터를 입맛에 맞게 가공하고 시각적 개체로 데이터를 시각화하며, 조건에 따른 시각적 개체의 변화를 통해 데이터를 제대로 활용할 수 있는 방법을 매우 쉽게 소개하고 있습니다. 가장 최신의 데이터를 예제로 활용하기 때문에 IT 전공자나 데이터 분석 경험이 없더라도 책의 내용을 따라하다 보면 자연스럽게 필요한 기능을 자신의 것으로 만들 수 있을 것입니다.'),
(88, 88, '이 책은 다채로운 IT 기술의 모습을 흥미로운 이야기와 그림으로 설명하는 재미있는 IT 교양 입문서입니다.\n\n메타버스, 빅데이터, 데이터베이스, 코딩, 인공지능(AI), 블록체인, 디지털 트랜스포메이션(DT) 등 궁금하지만 잘 몰랐던 IT 지식과 기술이 어떤 개념과 원리로 동작하는지를 사전 지식이 없는 IT 비전공자의 눈높이로 쉽게 설명합니다.'),
(89, 89, '269개의 그림과 원리를 파헤치는 설명으로 ‘자바스크립트의 기본 개념과 동작 원리’를 이해하자!\n웹페이지의 단순한 보조 기능을 처리하기 위한 제한적인 용도로 태어난 자바스크립트는 과도하다고 느껴질 만큼 친절한 프로그래밍 언어입니다. 이러한 자바스크립트의 특징은 편리한 경우도 있지만 내부 동작을 이해하기 어렵게 만들기도 합니다.'),
(90, 90, '깃과 깃허브가 새롭게 달라지면서 ?Do it! 지옥에서 온 문서 관리자 깃 & 깃허브 입문?이 전면 개정 및 증보되었습니다. 달라진 내용을 간단히 소개하면 master가 main으로 변경된 것을 시작으로 깃허브의 새로운 서비스와 기능인 코드스페이스, 깃허브 데브 그리고 코파일럿 활용까지 최신성을 더해 알차게 담았습니다.'),
(91, 91, '〈2022 에듀윌 전산세무 1급 이론편 실무편 최신 기출〉은 저자의 수년간의 강의와 세무사로서의 실무경험에서 나온 노하우를 모두 담고 있다. 또한, 기출을 분석하여 시험에 출제될 내용을 빠짐없이 수록하였고, 다양한 사례와 연습문제를 통해 실전 적용력을 기를 수 있도록 하였다.'),
(92, 92, '이 책은 코딩 초보자가 문법을 빠르고 재밌게 배울 수 있도록 실무에서 주로 사용하는 내용을 쏙쏙 골라 다양한 예제와 함께 다룹니다. 개발 환경 설정부터 HTML, CSS, 자바스크립트 기초까지 한 권에 담았고, 마지막에는 실무에서 유용하게 활용할 수 있는 나만의 포트폴리오 페이지를 만들어 배운 내용을 완성합니다. 단순한 코딩 및 결과 확인식 설명에서 벗어나 원리를 이해하며 학습할 수 있어서 외우지 않아도 자연스럽게 이해되며, 베타 학습단과 함께 내용을 검증해 초보자 눈높이에 맞춰 설명하므로 코딩 초보자도 비전공자도 충분히 웹 개발에 입문할 수 있습니다.'),
(93, 93, '정보보안기사의 전신인 SIS 자격증이 전공/보안실무자 위주의 자격증이었던 것에 비해, 2013년부터 국가공인으로 승격 시행되는 정보보안기사 자격증은 비전공자도 응시할 수 있도록 자격이 완화되었다. 하지만, 일반인들이 자격을 취득할 수 있도록 쉽게 서술된 교재를 찾기는 쉽지 않았다. 이에 본 교재는 보안에 관심 있는 모든 분들이 쉽게 정보보안기사 자격증을 취득할 수 있도록 인도하기 위해 쓴 책이다.'),
(94, 94, '완성도 높은 프레젠테이션 자료를 쉽고 빠르게 만드는 방법!\n파워포인트는 엑셀과 함께 학생과 직장인들에게 필수 프로그램으로 사용되고 있습니다. 하지만 단순히 파워포인트를 다룰 줄 안다고 해서 완성도 높은 결과물을 얻기는 쉽지 않습니다. PPT를 어떻게 디자인하느냐에 따라 가독성의 정도가 달라지기 때문입니다. 이 책은 반드시 알아야 하는 파워포인트 필수 기능을 소개하고, 세련되고 보기 좋은 파워포인트 디자인을 다양한 예제를 통해 학습할 수 있습니다. 약 10년간 파워포인트 관련 콘텐츠를 제작하며 SNS에서 10만 명의 팔로워를 달성한 피도리가 전해주는 노하우를 학습한다면 쉽고 빠르게 완성도 높은 PPT를 만들 수 있을 것입니다.'),
(95, 95, 'IT 자원을 효율적으로 빠르게 사용할 수 있는 방법으로 컨테이너 환경이 거론되었으나 그동안 관리가 어렵고 복잡해서 상용되기 어려웠다. 하지만 쿠버네티스가 등장하면서 복잡도가 줄어들고 비용 대비 생산성을 높일 수 있게 되었다. 이 책은 현재 컨테이너 오케스트레이션 분야에서 표준으로 자리 잡고 있는 쿠버네티스를 활용해 시스템을 구축하고 운영하는 방법에 초점을 맞춰 구성했다. 컨테이너 인프라 환경 구축부터 통합 및 배포, 인프라 환경 운영을 위한 모니터링까지 쿠버네티스를 기반으로 시스템을 구축하고 운영하는 데 필요한 기초를 탄탄하게 다질 수 있을 것이다.'),
(96, 96, 'SNS로 내 사업을 홍보하고 싶은데, 어떻게 시작해야 할까?\nSNS도, 마케팅도 전혀 모르는 사장님을 위한\n쉽고 빠르게 배워 바로 실천하는 SNS 마케팅 가이드!'),
(97, 97, '디자인 패턴, 네트워크, 운영체제, 데이터베이스, 자료 구조, 개발자 면접과 포트폴리오까지!\nCS 전공지식 습득과 면접 대비, 이 책 한 권이면 충분하다!\n개발자 면접에서 큰 비중을 차지하는 CS(Computer Science) 전공지식! 디자인 패턴부터 자료 구조까지 알아야 할 게 너무 많은데, 어떻게 준비해야 할까? 이 책은 디자인 패턴, 네트워크, 운영체제, 데이터베이스, 자료 구조 등 면접에 필요한 CS 전공지식을 모두 담고 있다. 200여 개의 그림과 코드로 이론을 자세히 설명하고, 실제 라이브러리에서 사용된 디자인 패턴 등으로 실무 활용법을 함께 다뤄 이론과 실무를 놓치지 않고 학습할 수 있도록 구성했다. 또한, 중요한 내용은 깊게, 덜 중요한 내용은 핵심만 설명하며, 책 곳곳에 70여 개의 용어 풀이도 담고 있다. 마지막으로 구글, 네이버, 카카오 등 탑티어급의 회사에 합격한 저자의 경험을 기반으로 한 포트폴리오 작성법과 챕터별 예상 질문, 면접 준비 노하우도 알려준다. 개발자 면접을 준비하거나 더 나은 개발자가 되기 위해 CS 전공지식을 배우고 싶다면 이 책으로 시작하자.'),
(98, 98, 'C   자료 구조부터 그리디 알고리즘, 분할 정복 알고리즘, 그래프 알고리즘, 동적 계획법과 같은 다양한 알고리즘을 설명한다. 또한, 전통적인 자료 구조와 C   STL 클래스 구현 사이의 관계를 설명해 주어진 문제에 가장 적합한 자료 구조를 선택할 수 있도록 도와준다. 이론을 익힌 후 44개 연습 문제와 23개 실습 문제로 직접 코딩해보며 체계적으로 학습할 수 있게 구성되어 있다. 코딩 테스트를 준비하는 취업 준비생과 최신 C   문법으로 알고리즘을 새로 공부하려는 사람들에게 추천한다.'),
(99, 99, '개발자가 선택한 프로그램 가치를 높이는 최고의 코드 관리 기술\n마틴 파울러의 『리팩터링』이 새롭게 돌아왔다.\n지난 20년간 전 세계 프로그래머에게 리팩터링의 교본이었던 이 책의 1판은, 기존 코드의 디자인을 개선하고 소프트웨어 유지 관리 능력을 향상시켰으며 기존 코드를 이해하기 쉽게 만드는 데 도움을 주었습니다. 간절히 기다려온 이번 개정판에는 프로그래밍 환경의 중요한 변화가 대거 반영되었습니다.\n새로운 리팩터링 카탈로그를 자바스크립트 코드로 제시합니다. 리팩터링 원칙부터 클래스 없이 리팩터링하는 방법과 데이터 조직화, 조건부 로직 간소화 방법을 다룹니다. 또한 언어에 상관없이 리팩터링을 성공적으로 수행하는 실질적인 방법을 알려줍니다.'),
(100, 100, '혼자 해도 충분하다!\n1:1 과외하듯 배우는 C 프로그래밍 자습서\n혼자 해도 충분하다! 1:1 과외하듯 배우는 C 프로그래밍 자습서\n이 책은 독학으로 C 언어를 배우는 입문자가 ‘꼭 필요한 내용을 제대로’ 학습할 수 있도록 구성했다. ‘무엇을’ ‘어떻게’ 학습해야 할지조차 모르는 입문자의 막연한 마음을 살펴, 과외 선생님이 알려주듯 친절하게, 그러나 핵심적인 내용만 콕콕 집어준다. 책의 첫 페이지를 펼쳐서 마지막 페이지를 덮을 때까지, 혼자서도 충분히 C 언어를 배울 수 있다는 자신감과 확신이 계속될 것이다!'),
(101, 101, '그림으로 공부하는 IT 인프라 구조는 IT 인프라를 처음 접하는 독자들은 위한 최고의 입문서! 절판 후 재발간 요청이 꾸준히 들어왔던 스테디셀러! 클라우드를 비롯한 현업의 최신 내용으로 전면 개정! 책 구성에 대한 설명조차 그림일 만큼 비주얼라이징을 통한 확실한 이해와 개념 정리! 본문의 내용을 한층 풍부하게 하는 저자들의 알짜 칼럼 제공한다.'),
(102, 102, '이 책은 사소한 것도 놓치지 않으려는 저자의 수고가 고스란히 담겨 있습니다. 남녀노소 누구나 영상 편집을 시작할 수 있도록 최대한 친절하게 설명하고 있습니다. 하지만 혹시라도 부족하다면 저자의 유튜브 동영상 강의로 복습해 보세요. 실습과 관련된 강의 영상을 빠르게 확인할 수 있도록 QR 코드와 단축 URL을 병행해서 표기했습니다. 책으로 공부하고, 영상으로 복습하면 여러분도 금세 금손이 될 수 있습니다.'),
(103, 103, '엑셀만 있으면 데이터 분석도 문제없다\n엑셀은 직장인의 필수 도구다. 그런데도 엑셀에 데이터 분석 기능이 포함되어 있는 것을 아는 이는 많지 않다. 늘 사용하는 사칙연산이나 SUM, AVERAGE 등의 함수 외에 데이터탭에서 사용할 수 있는 ‘데이터 분석’이라는 기능이 있다. 이 기능을 사용하면 데이터를 활용한 미래 예측, 원인 분석 및 관계 분석 등 다양한 데이터 분석을 실행할 수 있다.'),
(104, 104, 'CAD는 기계, 건축, 전기 등 여러 산업분야에서 설계 및 제조를 하기 위해 사용하고 있으며, 이제는 제법 많은 곳에서 3D CAD를 도입하고 사용하고 있지만, 산업 현장을 방문하거나 기업체 강의를 진행하다 보면 매년 AutoCAD 활용하는 사용자가 줄어들지 않고 늘어나는 것을 알 수 있습니다.\n\nAutoCAD는 여러 산업분야에서 2D 도면을 작성하고 수정하는 데 사용하며, 맡은 직무에 따라서 활용도와 목적이 다릅니다. 간단하게 도면을 수정하거나 인쇄하기 위해 AutoCAD를 활용하는 사용자가 있지만, 기초 설계 단계에서 레이아웃 및 컨셉을 구성하고 상세 설계를 하는데 AutoCAD를 활용하는 사용자도 많이 있습니다.\n\n이처럼 활용도가 높은 AutoCAD를 잘 다루기 위해 많은분들은 시중에 출판된 도서나 Youtube, 오프라인 강의 등을 통해 학습하고 있지만 이렇게 많은 정보의 홍수 속에서 어떻게 하면 AutoCAD를 쉽고 빠르게 익힐 수 있도록 가이드 할 수 있을까 고민하다가 본 도서를 출판하게 되었습니다.'),
(105, 105, '디자이너가 갖춰야 할 소양은 디자인 지식만이 아니다. 이 책에서는 디자이너가 갖춰야 할 필수 소양인 심리학, 특히 사용자의 행동 방식이나 디지털 인터페이스와 인터랙션하는 방식 이면에서 작동하는 심리학에 관해 다룬다. 이 책은 더욱 직관적이고 인간 중심적인 제품과 경험을 만드는 데 활용할 수 있는 주요 심리학 법칙을 소개하는 실용 가이드다. 우리가 익숙하게 사용하는 앱과 경험의 사례를 들어, 인간이 디지털 인터페이스를 인지하고 처리하는 방식을 고려해 사용자 경험을 디자인하는 방법을 알려준다.'),
(106, 106, '한 번에 통과되는 기획서는 다르다!\n마케팅 플래너 / 전략 기획 분야 40년 경력자가 알려주는 빈틈없는 기획 정리법\n직장인의 필수 코스인 기획서 작성, 도대체 어떻게 시작해야 할지 막막했던 경험이 한 번씩은 있을 것이다. 아이디어가 있더라도 그것을 보기 좋게 문서화하는 것은 쉽지 않다. 게다가 어찌어찌 기획서를 완성하더라도 프레젠테이션이라는 거대한 관문이 남아 있다. 이 책에서는 광고 업계에서 오랜 시간 동안 경험을 쌓아온 베테랑 저자가 ‘리본 프레임’이라는 아주 효과적인 방법을 제시한다. 이 기법을 사용하면 어떤 주제와 아이디어라도 논리정연하게 정리해서 기획서를 더욱 견고하고 만들고, 프레젠테이션 원고까지 완성할 수 있다. 여기에 상세한 문서 작성 기술과 프레젠테이션 노하우까지 소개하고 있으므로, 이 책만 잘 읽어도 더 이상 기획서 앞에서 머뭇거리지 않게 될 것이다. 이제 기획서 프리 패스로 가는 지름길로 나아가보자!'),
(109, 109, '『엔터프라이즈 애플리케이션 아키텍처 패턴』은 엔터프라이즈 애플리케이션 개발자가 맞닥뜨리는 까다로운 과제를 극복하기 위해 저자가 알고 있는 내용을 바탕으로 책으로 엮어 독자들에게 제공한다. 유명한 객체지향 설계자이자 저자인 마틴 파울러는 스몰토크와 코바에서 시작해 현재의 자바와 .NET까지 핵심 기술은 계속 진화하지만 일상적이고 공통적인 문제는 근본적으로 동일한 설계 아이디어를 적용해 해결할 수 있다는 사실을 깨달았다. 그리고 이러한 기본 아이디어를 바탕으로 전문적인 여러 공동 저자 그룹의 도움을 받아 40가지 공통적인 해결책을 패턴으로 만들어냈다. 이러한 해결책을 어떠한 엔터프라이즈 애플리케이션 플랫폼에도 적용할 수 있게 한 권의 책으로 안내한다.\n'),
(110, 110, '게임 프로그래머로 산다는 것은 게임 프로그래머인 저자가 동료로서 선배로서 그들의 진솔한 이야기를 들려준다. 예비 프로그래머라면 앞으로 걸어갈 다양한 길을 간접적으로 경험할 수 있다. 현업 개발자라면 함께 가는 이 길에 대해 공감하고 다시 한번 진지한 고민과 성찰을 해볼 수 있다.'),
(111, 111, '사회복지사가 사회복지사를 위해 쓴 통계분석방법\n\n설문조사부터 보고서 작성까지 한방에!\n빈도분석에서 논문 작성을 위한 회귀분석까지'),
(112, 112, 'JSP 2.3의 새로운 특징 반영과 JSP를 지원하는 요소인 서블릿과 표현 언어 등의 새로운 버전을 반영한 책이다. 책은 JSP 초보자를 위한 웹 개발 기초, JSP 2.3/서블릿 3.1/표현 언어 3.0에 추가된 내용 설명하고 있다. 또한 JDBC를 이용한 DB 연동 설명, MVC 등 전형적인 웹 어플리케이션 구조와 패턴 설명, 서블릿 필터와 리스너 소개, 완전한 실습 예제(회원 가입, 로그인, 게시판) 작성할 수 있도록 구성했다.'),
(113, 113, '이 책의 저자는 구인 담당자가 아니라 소프트웨어 엔지니어다. 지원자로서도 면접관으로서도 코딩 면접을 겪어 본 적이 있기 때문에 지원자가 면접을 앞두고 무엇을 준비해야 하는지 잘 알고 있다. 수백 명의 소프트웨어 엔지니어를 가르치고 인터뷰해 온 결과물이 바로 이 책이다. 문제의 힌트와 숨겨진 부분을 발견하는 방법, 큰 문제를 다루기 쉽게 작게 쪼개는 법, 문제를 풀다 막혔을 때 막힌 부분을 풀어가는 기술, 컴퓨터 과학의 핵심 개념을 배운다. 189개의 면접 문제와 그 해법을 통해 연습할 수 있다. 이 책에는 면접에서 실제로 출시되었던 문제만 실었다. 최고의 회사들이 면접에서 하는 질문을 반영하여 실제 면접과 비슷하게 준비할 수 있을 것이다.'),
(114, 114, 'C 프로그래머, C   프로그래머, 애플리케이션 언어를 다뤄본 이들을 위한 C   프로그래밍 언어!\n이 책은 C  의 창시자인 비야네 스트롭스트룹이 직접 쓴 책으로, 2011년 발표된 ISO C  11 표준을 반영한 최신판이다. C  11에 와서 C  는 큰 변화를 겪었으며, 그 결과 더 나아진 프로그래밍 언어가 됐다. 이런 특성을 효과적으로 활용하기 위해서는 기존과 다른 C   프로그래밍 접근법이 필요하다. 저자는 C  의 새로운 기능들을 단순 나열식으로 설명하지 않고, C  11의 배경이 되는 설계 철학을 바탕으로 새로운 개념과 기법들을 통합적 관점으로 설명한다. C  11 표준화 작업에 주도적으로 참여한 저자로서 다른 책에서 찾아볼 수 없는 C  11의 미묘한 특징들을 효과적으로 드러내주는 예제와 설명을 독자들에게 전해 줄 것이다.'),
(115, 115, '알기 쉽게 설명한 VM ware NSX: 네트워크 가상화의 기초와 응용은 VMware의 네트워크 가상화 소프트웨어인 VMware NSX를 체계적으로 설명한 책이다. 이 책은 NSX의 기술 배경과 아키텍처, 심도 있는 기술 지식은 물론 OpenFlow, OpenStack, Neutron, SDDC 등의 주제까지 고루 다루고 있다.'),
(116, 116, '웹 개발에 자신감을 불어넣어주는 책!\n웹 개발의 초보개발자를 대상으로 웹 서버, 프레임워크 등을 직접 제작해보고 테스트와 리팩토링을 통해 점진적 개선을 해나가면서 실무에 필요한 개발 능력과 웹에 대한 이해력을 높여주는 자바 웹 프로그래밍 Next Step. 웹 프로그래머인 저자의 경험과 NEXT에서 웹 서버 전공으로 가르치면서 얻게 된 \'학습\'과 관련된 생각을 \'양파껍질 학습법\'이라는 저자만의 접근법으로 정리했다.'),
(117, 117, '비밀 메시지를 만들고 해독하는 암호기술의 밑바탕은 수학입니다. 현대 암호기술은 과학의 한 분야이며, 다른 모든 과학과 마찬가지로 수학을 바탕으로 전개됩니다. 따라서 수학을 제대로 알아두지 않으면 암호를 이해하는 데 한계가 있습니다. 이 책에서는 고대부터 현대까지 다양한 암호와 관련된 일화를 소개하고, 이들 암호의 토대가 되는 수학 원리를 밝힙니다. 정말로 주의 깊게 생각한다면, 고등학교 수준의 대수학 지식만 있어도 이해할 수 있습니다. 컴퓨터과학 전공자뿐만 아니라, 암호에 관심이 있는 사람, 또는 수학이 실제로 어떻게 응용되는지 궁금한 사람이라면 누구나 이 책을 즐길 수 있습니다.'),
(118, 118, '▶ 이 책은 C언어 프로그래밍에 대해 다룬 도서입니다. C언어 프로그래밍의 기초적이고 전반적인 내용을 학습할 수 있도록 구성했습니다.'),
(119, 119, '회사 업무에서 자주 사용하는 인포그래픽 패턴 활용 실무서!'),
(120, 120, '윤성우의 열혈 Java 프로그래밍은 최신 내용을 바탕으로 새롭게 집필된 자바책이다. 자바 8이 발표되면서 초보자들에게 어려울 수 있는 문법적 요소가 상당수 포함이 되었으나 저자 특유의 쉽고 명확한 설명을 통해서 어렵지 않게 해당 내용들을 설명한 책이다. 본서의 설명에는 독자들을 고려한 과하지 않은 스토리가 부분부분 담겨 있다. 때문에 상대적으로 재미를 느끼며 자바를 공부할 수 있다.'),
(121, 121, 'LabVIEW의 정석­기본편, 컬러판으로 다시 태어나다!\n\n본서는 그래픽 기반 프로그램 언어인 LabVIEW를 공부하는 데 있어서 효율적으로 학습할 수 있도록 컬러로 재구성된 LabVIEW 기본서이다. 커스터머들이 궁금해 하고 어려워하는 부분을 쉽게 설명하였으며, 기존의 LabVIEW 기본 서적들이 다루지 않은 부분들을 보완하여 내용을 구성하였다. 다양한 예제와 자가 진단 퀴즈 보완 및 Slide를 제공하여 학교 교재로 사용할 수 있으며, CLAD 준비를 하고자 하는 분들을 위한 CLAD 문제 풀이를 수록하였다. LabVIEW 2011 버전으로 작성되었으나 LabVIEW 버전에 상관없이 참조할 수 있다.'),
(122, 122, '알고리즘에 대한 지식을 기반으로 제대로 프로그래밍을 하는 이들뿐만 아니라, 알고리즘 속에 깃들어 있는 여러 가지 생각하는 방법, 자료구조, 테크닉을 통해 체계적으로 생각하는 훈련을 하고자 하는 모든 이들을 대상으로 합니다. 알고리즘의 설계와 분석을 활용하여 체계적으로 사고할 수 있는 빌딩 블록을 구축하여 컴퓨터 또는 관련 분야의 연구자 또는 개발자로서 갖춰야 할 지적 기반을 쌓을 수 있습니다.'),
(123, 123, '프로그래밍 시작을 위한 입문서!\n프로그래머 대부분이 프로그래밍을 처음 시작할 때 먼저 접하게 되는 것이 C 언어이다. 프로그래머가 되기 위해서 반드시 C 언어가 필요한가에 대한 질문에 그렇지 않다고 말하는 사람도 있을 수 있지만, C 언어를 모르면서 프로그래밍 고수가 되고 IoT를 해 나간다는 것은 그리 쉽지 않다. 또한, 요즘 각광받고 있는 인공지능은 파이썬을 통해 접근할 수 있다. 이 책 『초보자를 위한 C 언어 300제』에서는 기본적인 파이썬 프로그래밍도 학습하고 C 언어와는 조금 다른 객체지향적 개념의 클래스도 학습하도록 구성했다. 파이썬은 인공지능뿐 아니라 3D 애니메이션, 오픈소스, 라즈베리 파이 분야와 구글, 페이스북, 다음카카오 등 현업에서도 폭넓게 이용되고 있는 언어이다.'),
(124, 124, 'MongoDB 메뉴얼은 아주 간결하고 기본적인 내용에 충실하게 작성되어 있다. 하지만 문법이나 명령만으로는 DBMS를 사용할 수 없다. 내부 작동 방식을 모르면 수많은 시행착오를 거치게 되며, 이런 시행착오는 결국 서비스 품질 저하로 연결될 것이다. 이 책에서는 MongoDB 서버를 사용하는 데 꼭 필요한 아키텍처와 함께 MongoDB 내부(Internal)에 대해 자세히 설명하고 있다. 또한 다양한 시행 착오를 줄이기 위한 주의 사항들에 대해서도 설명한다.'),
(125, 125, '파이썬을 이용한 빅데이터 수집, 분석과 시각화는 빅데이터 수집, 분석, 시각화를 실습할 수 있는 기본서입니다. 파트 1과 파트 2에서는 소셜 미디어, 공공 데이터, 일반 웹 데이터를 수집하는 방법을 실습합니다. 파트 3에서는 수집한 데이터에 대한 빈도 분석과 상관관계 분석 방법을 실습하고, 지리정보를 기반으로 한 시각화 방법을 실습합니다. 개발자가 아닌 분들을 위하여 최소한의 파이썬 지식만으로도 실습할 수 있도록 구성하였습니다.'),
(126, 126, '프로그래밍 경험은 많지만 통계나 데이터 분석을 잘 모르거나, 반대로 이론은 잘 알지만 실제로 데이터를 다루는 프로그래밍 경험이 없다면 데이터 과학을 어떻게 공부해야 할지 막막하기 마련입니다. 이 책은 데이터 과학자의 실무에 필요한 컴퓨터 공학 및 프로그래밍을 자세히 소개합니다. 또 널리 사용하는 머신러닝 알고리즘에 대한 직관적 설명, 수학적 배경, 실제 사례를 다룹니다. 데이터 과학에서 필수인 시각화 방법과 도구, 데이터를 해석하는 데 필요한 확률과 통계도 다룹니다. 마지막으로 데이터 과학 업무 결과를 정리하고 소통하는 노하우를 소개합니다. 이 책은 데이터 과학자가 알아야 하는 내용을 빠르고 체계적으로 전달하는 최고의 안내서입니다.'),
(127, 127, '오디오 믹싱 핸드북(Audio Mixing Handbook)은 오디오 믹싱에 대해 배울 수 있는 책이다. 구체적이면서도 절대적으로 기본 이론에 충실한 실기 실습을 제공한다. 책 내용중에 QR코드로 실제 믹싱 동영상과 함께 공부 할 수 있다.\n'),
(128, 128, '카프카 사용자는 물론이고 아직 카프카를 도입하지 않은 기업이나 담당자들을 대상으로, 카프카를 손쉽게 설치하고 구성하는 방법, 비동기 메시지 처리법과 함께 프로그램 개발 방법도 차근차근 익혀본다. 또한, 손쉽게 메시징 시스템을 도입할 수 있도록 카프카의 내부 디자인과 프로듀서/컨슈머의 특징을 심도 있게 다뤘다. 아울러, 카프카를 데이터 버스로 활용해서 실시간 데이터를 분석하는 방법을 여러 방면의 예를 들어 자세히 설명하고, 카프카 기반의 실시간 데이터 분석 시스템을 개발하는 과정을 자세한 설명과 함께 샘플코드도 제공하고 있어서 실시간/배치 분석 업무를 수행하는 빅데이터 분석가나 데이터 엔지니어, 이벤트 기반 방식의 비동기 시스템 개발 업무를 맡은 모든 개발자에게 도움이 될 것이다.');

-- --------------------------------------------------------

--
-- 테이블 구조 `book_translator_info`
--

CREATE TABLE `book_translator_info` (
  `bti_seq` int NOT NULL,
  `bti_name` varchar(255) NOT NULL
) ENGINE=InnoDB DEFAULT CHARSET=utf8mb4 COLLATE=utf8mb4_0900_ai_ci;

--
-- 테이블의 덤프 데이터 `book_translator_info`
--

INSERT INTO `book_translator_info` (`bti_seq`, `bti_name`) VALUES
(1, '박해선'),
(2, '강경민'),
(3, '심효섭'),
(4, '오현석'),
(5, '박재호'),
(6, '이현경'),
(7, '조현석'),
(8, '장연호'),
(9, '성창규'),
(10, '송준이'),
(11, '백진욱'),
(12, '하성창'),
(13, '개앞맵시'),
(14, '이일웅'),
(15, '황진수'),
(16, '개앞맵시(이복연)'),
(17, '서환수'),
(18, '이창수'),
(19, '황선규'),
(20, '남기혁'),
(21, '김완섭'),
(22, '구수영'),
(23, '황선규 '),
(24, '최민석'),
(25, '이창현'),
(26, '박지유'),
(27, '양현'),
(28, '허성심'),
(29, '김석환'),
(30, '최근우');

-- --------------------------------------------------------

--
-- 테이블 구조 `book_writer_info`
--

CREATE TABLE `book_writer_info` (
  `bwi_seq` int NOT NULL,
  `bwi_bi_seq` int NOT NULL,
  `bwi_ai_seq` int NOT NULL
) ENGINE=InnoDB DEFAULT CHARSET=utf8mb4 COLLATE=utf8mb4_0900_ai_ci;

--
-- 테이블의 덤프 데이터 `book_writer_info`
--

INSERT INTO `book_writer_info` (`bwi_seq`, `bwi_bi_seq`, `bwi_ai_seq`) VALUES
(1, 1, 1),
(2, 1, 2),
(3, 2, 3),
(4, 3, 4),
(5, 3, 5),
(6, 4, 6),
(7, 4, 7),
(8, 4, 8),
(9, 5, 9),
(10, 6, 10),
(11, 6, 11),
(12, 6, 12),
(13, 7, 13),
(14, 8, 14),
(15, 5, 85),
(17, 11, 16),
(22, 16, 17),
(23, 17, 18),
(24, 18, 19),
(25, 19, 20),
(26, 20, 19),
(28, 19, 21),
(29, 21, 22),
(30, 22, 23),
(31, 23, 24),
(32, 23, 25),
(33, 23, 26),
(34, 23, 27),
(35, 23, 28),
(36, 23, 29),
(37, 23, 30),
(38, 23, 31),
(39, 23, 32),
(40, 24, 33),
(41, 25, 34),
(42, 26, 35),
(43, 27, 36),
(44, 28, 37),
(45, 29, 38),
(46, 30, 39),
(47, 31, 40),
(48, 31, 41),
(49, 31, 42),
(50, 31, 43),
(51, 31, 44),
(52, 32, 45),
(53, 33, 46),
(54, 34, 47),
(55, 35, 48),
(56, 36, 49),
(57, 37, 50),
(58, 38, 51),
(59, 39, 52),
(60, 40, 53),
(61, 41, 54),
(62, 42, 55),
(63, 43, 55),
(64, 44, 56),
(65, 44, 57),
(66, 44, 58),
(67, 44, 59),
(68, 44, 60),
(69, 45, 4),
(70, 46, 61),
(71, 47, 14),
(72, 48, 62),
(73, 49, 63),
(74, 50, 64),
(75, 51, 65),
(76, 52, 66),
(77, 53, 17),
(78, 54, 55),
(79, 55, 67),
(80, 55, 68),
(81, 56, 69),
(82, 57, 70),
(83, 58, 71),
(84, 59, 72),
(85, 59, 73),
(86, 60, 74),
(87, 60, 75),
(88, 60, 76),
(89, 61, 77),
(90, 62, 78),
(91, 62, 79),
(92, 63, 80),
(93, 64, 48),
(94, 65, 81),
(95, 66, 82),
(96, 67, 83),
(97, 68, 84),
(98, 69, 90),
(99, 70, 91),
(100, 70, 92),
(101, 70, 93),
(102, 70, 94),
(103, 71, 95),
(104, 71, 96),
(105, 71, 97),
(106, 72, 98),
(107, 72, 99),
(108, 73, 100),
(109, 74, 101),
(110, 75, 102),
(111, 76, 103),
(112, 77, 104),
(113, 78, 105),
(114, 78, 106),
(115, 78, 107),
(116, 78, 108),
(117, 79, 23),
(118, 80, 109),
(119, 80, 110),
(120, 81, 112),
(121, 82, 113),
(122, 82, 114),
(123, 83, 115),
(124, 84, 116),
(125, 85, 117),
(126, 86, 118),
(127, 87, 119),
(128, 87, 120),
(129, 88, 121),
(130, 89, 122),
(131, 90, 71),
(132, 90, 123),
(133, 91, 124),
(134, 92, 125),
(135, 93, 128),
(136, 94, 129),
(137, 95, 130),
(138, 95, 131),
(139, 95, 132),
(140, 96, 133),
(141, 97, 134),
(142, 98, 135),
(143, 98, 136),
(144, 98, 137),
(145, 99, 138),
(146, 100, 139),
(147, 101, 140),
(148, 101, 141),
(149, 101, 142),
(150, 101, 143),
(151, 102, 144),
(152, 103, 145),
(153, 104, 146),
(154, 104, 147),
(155, 104, 148),
(156, 105, 149),
(157, 106, 150),
(163, 109, 138),
(164, 110, 152),
(165, 110, 153),
(166, 110, 154),
(167, 110, 155),
(168, 110, 156),
(169, 110, 157),
(170, 111, 158),
(171, 112, 159),
(172, 113, 160),
(173, 114, 161),
(174, 115, 162),
(175, 115, 163),
(176, 115, 164),
(177, 115, 165),
(178, 115, 166),
(179, 115, 167),
(180, 116, 168),
(181, 117, 169),
(182, 118, 170),
(183, 118, 171),
(184, 119, 172),
(185, 119, 173),
(186, 120, 47),
(187, 121, 174),
(188, 122, 175),
(189, 123, 176),
(190, 124, 177),
(191, 125, 178),
(192, 126, 180),
(193, 127, 181),
(194, 128, 182),
(195, 128, 26);

-- --------------------------------------------------------

--
-- 테이블 구조 `cover_image`
--

CREATE TABLE `cover_image` (
  `ci_seq` int NOT NULL,
  `ci_path` text NOT NULL,
  `ci_bi_seq` int NOT NULL,
  `ci_uri` text NOT NULL
) ENGINE=InnoDB DEFAULT CHARSET=utf8mb4 COLLATE=utf8mb4_0900_ai_ci;

--
-- 테이블의 덤프 데이터 `cover_image`
--

INSERT INTO `cover_image` (`ci_seq`, `ci_path`, `ci_bi_seq`, `ci_uri`) VALUES
(1, 'kybocover_1671498500283.jpg', 1, '된다!표지'),
(2, 'kybocover_1671498760595.jpg', 2, '진짜쓰커버'),
(3, 'kybocover_1671498900145.jpg', 3, '맛있는 커버'),
(4, 'kybocover_1671499009138.jpg', 4, '트랜스표지'),
(5, 'kybocover_1671499861627.jpg', 5, '이기적표지'),
(6, 'kybocover_1671499865794.jpg', 6, '제품의커버'),
(7, 'kybocover_1671500032685.jpg', 7, '혼자파커버'),
(8, 'kybocover_1671500346148.jpg', 8, '그림과표지'),
(11, 'kybocover_1671502471472.jpg', 11, '이것이 커버'),
(16, 'kybocover_1671503659049.jpg', 16, '객체지표지'),
(17, 'kybocover_1671504301428.jpg', 17, 'SQL 표지'),
(18, 'kybocover_1671504959609.jpg', 18, '2022해커스전산세무 표지'),
(19, 'kybocover_1671505385917.jpg', 19, '이기적정처기표지'),
(20, 'kybocover_1671505545520.jpg', 20, '해커전커버'),
(21, 'kybocover_1671505704547.jpg', 21, '혼공얄표지'),
(22, 'kybocover_1671505747056.jpg', 22, 'java정석 커버'),
(23, 'kybocover_1671506130174.jpg', 23, '개발자표지'),
(24, 'kybocover_1671506196921.jpg', 24, '두잇파표지'),
(25, 'kybocover_1671506453031.jpg', 25, '친절SQL 커버'),
(26, 'kybocover_1671506698002.jpg', 26, '한권컴표지'),
(27, 'kybocover_1671506885101.jpg', 27, '비전공표지'),
(28, 'kybocover_1671507224101.jpg', 28, '자바ORM 커버'),
(29, 'kybocover_1671507500888.jpg', 29, '클린코표지'),
(30, 'kybocover_1671507761682.jpg', 30, '2023시나공 표지'),
(31, 'kybocover_1671507946989.jpg', 31, '시나정표지'),
(32, 'kybocover_1671508035849.jpg', 32, '월스트 커버'),
(33, 'kybocover_1671508106931.jpg', 33, '에이디표지'),
(34, 'kybocover_1671508158105.jpg', 34, '윤성우씨표지'),
(35, 'kybocover_1671508211288.jpg', 35, '혼자공부 표지'),
(36, 'kybocover_1671508504846.jpg', 36, '실무일잘러 표지'),
(37, 'kybocover_1671508574952.jpg', 37, '수제정표지'),
(38, 'kybocover_1671508778653.jpg', 38, '오토캐 커버'),
(39, 'kybocover_1671508904615.jpg', 39, '혼공운표지'),
(40, 'kybocover_1671509206008.jpg', 40, '노드조표지'),
(41, 'kybocover_1671509375232.jpg', 41, '웹자모 커버'),
(42, 'kybocover_1671509509833.jpg', 42, '시컴일표지'),
(43, 'kybocover_1671509739566.jpg', 43, '시컴이표지'),
(44, 'kybocover_1671509740346.jpg', 44, '2023이기적 표지'),
(45, 'kybocover_1671509748185.jpg', 45, '혼프작 커버'),
(46, 'kybocover_1671509876126.jpg', 46, '러스트표지'),
(47, 'kybocover_1671510339817.jpg', 47, '그림AWS표지'),
(48, 'kybocover_1671513853979.jpg', 48, '이것C표지'),
(49, 'kybocover_1671514039569.jpg', 49, '회사는표지'),
(50, 'kybocover_1671514253251.jpg', 50, '파머완 커버'),
(51, 'kybocover_1671514482334.jpg', 51, '퇴근후표지'),
(52, 'kybocover_1671514548048.jpg', 52, '클린아키텍처 표지'),
(53, 'kybocover_1671514693349.jpg', 53, '오브젝표지'),
(54, 'kybocover_1671514922773.jpg', 54, '시컴실표지'),
(55, 'kybocover_1671514928726.jpg', 55, 'AWS쿡북 커버'),
(56, 'kybocover_1671515111234.jpg', 56, '일일일표지'),
(57, 'kybocover_1671515147393.jpg', 57, 'B2B마케팅 커버'),
(58, 'kybocover_1671515364072.jpg', 58, 'Doit HTML+CSS 표지'),
(59, 'kybocover_1671515475227.jpg', 59, '이기적 커버'),
(60, 'kybocover_1671515509778.jpg', 60, '구글엔표지'),
(61, 'kybocover_1671515511650.jpg', 61, '직장실무표지'),
(62, 'kybocover_1671515705409.jpg', 62, '에듀윌EXIT 커버'),
(63, 'kybocover_1671515765802.jpg', 63, '구글애표지'),
(64, 'kybocover_1671515928081.jpg', 64, '혼공머표지'),
(65, 'kybocover_1671516060534.jpg', 65, 'do파이표지'),
(66, 'kybocover_1671516193113.jpg', 66, 'NestJs로 표지'),
(67, 'kybocover_1671516448105.jpg', 67, '혼공S 표지'),
(68, 'kybocover_1671516625647.jpg', 68, '1일끝유튭 커버'),
(69, 'kybocover_1671518615107.jpg', 69, '된다네이버 표지'),
(70, 'kybocover_1671518720925.jpg', 70, '소프아키 커버'),
(71, 'kybocover_1671518983665.jpg', 71, '회사에서 바로 엑셀 파워포인트 표지 '),
(72, 'kybocover_1671519052297.jpg', 72, '이것자바 커버'),
(73, 'kybocover_1671519344262.jpg', 73, '인스파이어드 표지'),
(74, 'kybocover_1671519659449.jpg', 74, '카카오이모티콘 커버'),
(75, 'kybocover_1671520062182.jpg', 75, '이펙티브 표지'),
(76, 'kybocover_1671520064803.jpg', 76, '일잘러 커버'),
(77, 'kybocover_1671520935840.jpg', 77, 'Doit자바 커버'),
(78, 'kybocover_1671521327286.jpg', 78, '헤드퍼 커버'),
(79, 'kybocover_1671521883492.jpg', 79, '자바의정석 표지'),
(80, 'kybocover_1671521925481.jpg', 80, 'IT엔지니 커버'),
(81, 'kybocover_1671522634420.jpg', 81, '리액트 커버'),
(82, 'kybocover_1671522909366.jpg', 82, '업무와일상 표지'),
(83, 'kybocover_1671523385510.jpg', 83, '린스타 커버'),
(84, 'kybocover_1671523390870.jpg', 84, '디자이너 실무 표지'),
(85, 'kybocover_1671523652214.jpg', 85, '나도코딩 C언어 표지'),
(86, 'kybocover_1671523928304.jpg', 86, '유선배 커버'),
(87, 'kybocover_1671524307954.jpg', 87, 'POWERBI 커버'),
(88, 'kybocover_1671524531116.jpg', 88, '궁금한 커버'),
(89, 'kybocover_1671524578731.jpg', 89, '모던자바스크립트 표지'),
(90, 'kybocover_1671524779931.jpg', 90, 'Doit깃 커버'),
(91, 'kybocover_1671525288041.jpg', 91, '에듀윌 전산세무 커버'),
(92, 'kybocover_1671525467156.jpg', 92, '코딩자율 커버'),
(93, 'kybocover_1671526124263.jpg', 93, '2023 알기사 표지'),
(94, 'kybocover_1671526416967.jpg', 94, '실무 파워포인트 표지'),
(95, 'kybocover_1671526580617.jpg', 95, '컨테이너 커버'),
(96, 'kybocover_1671526690955.jpg', 96, '인스타 네이버 매출 입소문 표지'),
(97, 'kybocover_1671526847265.jpg', 97, '면접 CS 전공지식 표지'),
(98, 'kybocover_1671527099896.jpg', 98, '코딩테스트 C++ 커버'),
(99, 'kybocover_1671527358980.jpg', 99, '리팩터링 표지'),
(100, 'kybocover_1671529244273.jpg', 100, '혼공C언어 표지'),
(101, 'kybocover_1671530171242.jpg', 101, '그림 IT인프라 표지'),
(102, 'kybocover_1671530746626.jpg', 102, '유튜브 프리미어 표지'),
(103, 'kybocover_1671531697400.jpg', 103, '실무 바로 엑셀데이터 분석 표지'),
(104, 'kybocover_1671583245720.jpg', 104, '개녑탑표지'),
(105, 'kybocover_1671583424545.jpg', 105, 'UX심리표지'),
(106, 'kybocover_1671583425773.jpg', 106, '실무에표지'),
(109, 'kybocover_1671584524973.jpg', 109, '엔터프표지'),
(110, 'kybocover_1671584657235.jpg', 110, '게임 프로그래머 표지'),
(111, 'kybocover_1671584731081.jpg', 111, '통알못표지'),
(112, 'kybocover_1671584757791.jpg', 112, '최범균표지'),
(113, 'kybocover_1671584970696.jpg', 113, '코딩인터뷰표지'),
(114, 'kybocover_1671584982165.jpg', 114, '더씨플표지'),
(115, 'kybocover_1671585003044.jpg', 115, '알기쉽게설명VMware 표지'),
(116, 'kybocover_1671585224879.jpg', 116, '자바 웹 프로그래밍 표지'),
(117, 'kybocover_1671585240946.jpg', 117, '수학으 커버'),
(118, 'kybocover_1671585321267.jpg', 118, '씨언어표지'),
(119, 'kybocover_1671585503686.jpg', 119, '회사 자주 인포그래픽 표지'),
(120, 'kybocover_1671585608364.jpg', 120, '윤성우자바표지'),
(121, 'kybocover_1671585648602.jpg', 121, '랩뷰의표지'),
(122, 'kybocover_1671585763859.jpg', 122, '쉽게배 커버'),
(123, 'kybocover_1671585777362.jpg', 123, '초보자 C언어 300제 표지'),
(124, 'kybocover_1671586206363.jpg', 124, 'MongoDB 커버'),
(125, 'kybocover_1671586510485.jpg', 125, '파이썬빅표지'),
(126, 'kybocover_1671586673450.jpg', 126, '처음배 커버'),
(127, 'kybocover_1671586832124.jpg', 127, '오디오표지'),
(128, 'kybocover_1671586934785.jpg', 128, '카프카 커버');

-- --------------------------------------------------------

--
-- 테이블 구조 `member_info`
--

CREATE TABLE `member_info` (
  `mi_seq` int NOT NULL,
  `mi_id` varchar(20) NOT NULL,
  `mi_pwd` varchar(30) NOT NULL
) ENGINE=InnoDB DEFAULT CHARSET=utf8mb4 COLLATE=utf8mb4_0900_ai_ci;

--
-- 테이블의 덤프 데이터 `member_info`
--

INSERT INTO `member_info` (`mi_seq`, `mi_id`, `mi_pwd`) VALUES
(1, 'qwe159', '1234'),
(2, 'ulbd77', '1234'),
(3, 'altab10', '1234'),
(4, 'sdwer159', '1234'),
(5, 'lll005', '1234'),
(6, 'bibib99', '1234'),
(7, 'dnb59', '1234'),
(8, 'ssss1852', '1234'),
(9, 'slb12', '1234'),
(10, 'uni222', '1234'),
(11, 'sdsdqqq', '1234'),
(12, 'bombom11', '1234'),
(13, 'prodsd81', '1234'),
(14, 'qwedcxza159', '1234'),
(15, 'werfvcx123', '1234'),
(16, 'ertgbvc000', '1234'),
(17, 'rtyhnbvf758', '1234'),
(18, 'tyujmnbg080', '1234'),
(19, 'yuikmnb55', '1234'),
(20, 'hghj559', '1234'),
(21, 'ghgngkgk123', '1234'),
(22, 'dmaqkvp777', '1234'),
(23, 'aprkt050', '1234'),
(24, 'ghskfen5985', '1234'),
(25, 'dpvps123', '1234'),
(26, 'dkfff995', '1234'),
(27, 'tlagud754', '1234'),
(28, 'rnemejr1', '1234'),
(29, 'rlatkdtn', '1234'),
(30, 'wlsrkqdyd', '1234'),
(31, '5kid', '1234');

-- --------------------------------------------------------

--
-- 테이블 구조 `publisher_info`
--

CREATE TABLE `publisher_info` (
  `pi_seq` int NOT NULL,
  `pi_name` varchar(255) NOT NULL
) ENGINE=InnoDB DEFAULT CHARSET=utf8mb4 COLLATE=utf8mb4_0900_ai_ci;

--
-- 테이블의 덤프 데이터 `publisher_info`
--

INSERT INTO `publisher_info` (`pi_seq`, `pi_name`) VALUES
(1, '이지스퍼블리싱'),
(2, '제이펍'),
(3, '한빛미디어'),
(4, '영진닷컴'),
(5, '책만'),
(6, '위키북스'),
(8, '한국데이터진흥원'),
(9, '해커스금융'),
(10, '도우출판'),
(11, '골든래빗(주)'),
(12, '디비안(주)'),
(13, '티더블유아이지'),
(14, '에이콘출판'),
(15, '인사이트'),
(16, '길벗'),
(17, '데이터에듀'),
(18, '오렌지미디어'),
(19, '건기원'),
(20, '피앤피북'),
(21, '메가스터디북스'),
(22, '비제이퍼블릭'),
(23, '디지털북스'),
(24, '에듀윌'),
(25, '앤써북'),
(26, '중앙북스'),
(27, '시대고시기획'),
(28, '탑스팟'),
(29, '시대인'),
(30, '한빛미디어 '),
(31, '피앤피'),
(32, '로드북 '),
(33, '황소걸음 아카데미'),
(34, '가메'),
(35, '로드북'),
(36, '프리렉'),
(37, '휴먼싸이언스'),
(38, '샌들코어 '),
(39, '인피니티북스'),
(40, '한빛아카데미'),
(41, '정보문화사'),
(42, '비팬북스'),
(43, 'BIC 미디어북스');

-- --------------------------------------------------------

--
-- 테이블 구조 `review_info`
--

CREATE TABLE `review_info` (
  `ri_seq` int NOT NULL,
  `ri_date` datetime NOT NULL DEFAULT CURRENT_TIMESTAMP,
  `ri_content` text NOT NULL,
  `ri_score` int NOT NULL,
  `ri_mi_seq` int NOT NULL,
  `ri_bi_seq` int NOT NULL
) ENGINE=InnoDB DEFAULT CHARSET=utf8mb4 COLLATE=utf8mb4_0900_ai_ci;

--
-- 테이블의 덤프 데이터 `review_info`
--

INSERT INTO `review_info` (`ri_seq`, `ri_date`, `ri_content`, `ri_score`, `ri_mi_seq`, `ri_bi_seq`) VALUES
(1, '2022-10-18 00:00:00', '부족한 실무에 대한 부담감을 갖고 있는데, 쉽게 따라해보며 실무에 자신감을 가지고 활용할 수 있는 능력을 키우는데 많이 도움될 것 같아요. 동영상 강의가 256개나 임팩트 있게 짤막한 강좌로 구성되었다니 더 마음에 들고요. 책을 한 장 한 장 넘길 때마다, 동영상 강의 하나 하나 볼 때마다, 나의 실무적 능력이 쑥쑥 잘 자랄 것 같은 느낌, 기대 많이 되네요.\r\n', 5, 1, 1),
(2, '2022-10-13 00:00:00', '실무를 알려준다는 책이나 유튜브는 많았지만, 제가 진짜 써먹었던 필살기들은 이 선생님께 배웠던 것 같습니다ㅎㅎ 고작 브이룩업 하나로 엑셀 좀 한다는 말 듣던 제가 \'짤막한 강좌\' 유튜브를 알게 되고 나서는 점점 응용하는 범위가 늘어나서 진짜 실무에서 요긴하게 썼습니다! 그런데 정말 회사업무에 필요한 프로그램만 골라서 책을 내주시니, 이건 사무업무 하시는 분들 필독서로 지정해주셨으면 좋겠어요ㅋㅋ 서로 이정도만', 5, 2, 1),
(3, '2022-11-30 00:00:00', '진짜 최고입니다ㅜㅜㅜ 강사님 너무 감사드려요\r\n책이 너무 잘 읽히고 두께가 두꺼운만큼 내용이 알차네요\r\n유튜브 영상도 깔끔하게 잘 만드시고 책도 깔끔하게 잘 만드시고 만능이신듯', 5, 3, 1),
(4, '2022-11-02 00:00:00', '책을 받아 보고 여러번 놀랐습니다. 정말 되더라요^^;;\r\n그것도 집중이 잘 되고 쉽게 느껴졌습니다. 그것도 진도표대로 진행하면 16일코스로 오피스 프로그램의 기본기가 던 단단해지는 것 같아서 공부하면서 왠지 기분 좋았어요. QR코드가 잘되어있어서 동영상 강의를 보면서 공부하기 너무 좋았습니다. 실무에서 조금 더 능숙하게 작업하고', 5, 4, 1),
(5, '2022-11-02 00:00:00', '한쌤을 알게 된 지 10년이 넘었다.\r\n부산시 인재개발원에서 IT 분야 최장기 최고 강사님이셨고\r\n저희 동료들이 정보화 대회에서 여러번 수상할 때마다', 5, 5, 1),
(6, '2022-11-01 00:00:00', '정말 실무에 필요한 책이에요!! 실습파일이 있어서 적용하기도 쉽고\r\n동영상으로 모르는 부분 다시보면서 할 수있고 정말모르겠다싶으면\r\n이메일로 보내서 피드백을 받을수도 있어서 좋아요!!', 5, 6, 1),
(7, '2022-10-18 00:00:00', '간편한 큐알로 동영상과 함께 볼 수 있는 실무서 완벽한 2022년형 책입니다, 완전 기대만빵입니다. 다시 시작하는 것이 걱정되고 힘들지만 든든하게 함께 갈 수 있을것 같아요.', 5, 7, 1),
(8, '2022-10-18 00:00:00', '누구나 업무 시간 내에 맡은 업무를 해결하고 칼퇴하는 건 모든 직장인들의 꿈이 아닐까 생각해요~\r\n그러기 위해서는 가장 많이 쓰이는 엑셀, 파워포인트, 워드&한글을 어느 정도 숙련의 경지까지 올려야 하는게 직장인의 숙명이 아닌 듯 싶습니다. 그런데 또 일상 속을 헤엄치다 보면 어느덧 쓰던 기능만 쓰게 되고, 업무 필살기들을 차츰 잊어가는 상황에 놓이게 되는데요, 이럴 때를 대비해 바이블처럼 옆에 두고 찾아보고, 공부할 수 있는 최적의 교재가 아닌가 싶습니다!\r\n표지 디자인도 예쁘고, 두툼한 분량에 동영상 강의까지! 최고의 오피스 사수를 만난 기분이 들 거 같아요!~~\r\n펼치기', 5, 8, 1),
(9, '2022-10-18 00:00:00', '워드와 한글은 웬만큼 할 줄 아는데 엑셀과 파워포인트는 그 무궁무진한 기능 중에 20~30% 정도 밖에 활용을 못하고 있는 것 같아요. 특히 엑셀은 업무를 효율적으로 그리고 빠른 시간내에 처리할 수 있는 다양한 기능들이 있다는 걸 알고 있는데 아직 실무에 적용하지 못하고 있어요. 직장인의 경쟁력인 엑셀과 파워포인트 이 책을 통해 마스터하고 싶어요^^\r\n', 5, 9, 1),
(10, '2022-10-13 00:00:00', '이직 하면서 MS오피스 공부 해볼까하고 유투브 찾다가 귀인을 만났어요 ㅎ\r\n문서 작업하다가 막히면 짤막한강좌부터 찾아봐요.\r\n딱 필요한 업무가 따라하기 좋게 나와있고 추가 궁금한 부분에 대해서 문의 드린 적도 있는데 답도 빨리 주시고...', 5, 10, 1),
(11, '2022-10-13 00:00:00', '된다 7일실무엑셀을 구입하여 동영상 강좌의 도움을 받은 입장에서 된다 실무 엑셀 파워포인트 워드&한글은 저는 꼭 구입해서 책과 동영상의 혜택을 더 빨리 받아보고 싶네요 실무 엑셀에서 제가 부족했던 부분들을 전의 책을 통해 도움 받아서 파워포인트 워드&한글도 책과 동영상을 통해 저의 부족했던 부분들을 배워서 채워 나가기를 기대합니다.\r\n', 5, 11, 1),
(12, '2022-10-12 00:00:00', '안녕하세요 저희엄마가 40대 후반 나이에 대학교에 편입해서 바이올린을 배우고있는데\r\n과제때문에 컴퓨터까지 배워야할줄은 상상도 못했다며 많이 힘들어했었어요 근데 저도 컴맹이라 도움을 줄만한게 유튜브 뿐이라서 편집 깔끔하고,이해하기쉽고,나레이션 편안한 영상을 찾아보다 \'짤막한 강좌\' 채널을 발견해 엄마한테 추천해줬었어요. 엄마도 여기 영상들 보기편하다', 5, 12, 1),
(13, '2022-12-19 00:00:00', '전에 구매했던 엑셀책하고는 많이 다르네요.정말 실무에 도움이 되는 내용 즉 퇴근시간이 빨라질수 있는 내용으로 가득차네요....', 5, 1, 2),
(14, '2022-12-18 00:00:00', '유투브로 먼저 강의보고 책 구매했어요', 5, 2, 2),
(15, '2022-12-15 00:00:00', '모르는거 찾아보는 용도로 도움돼요', 5, 3, 2),
(16, '2022-12-14 00:00:00', '기초부터 응용까지 좋은교재입니다.', 5, 4, 2),
(17, '2022-12-10 00:00:00', '선물용으로 샀는데 쉽게 쓰여있어서 좋다고합니다.', 5, 5, 2),
(18, '2022-12-05 00:00:00', '좋아요~~도움되요ㅎㅎ', 5, 6, 2),
(19, '2022-12-04 00:00:00', '알기쉽게 셜명되어있어 독학하기 좋습니다.', 5, 7, 2),
(20, '2022-12-02 00:00:00', '집중적으로...엑셀을 활용할 수 있도록 도움을 줍니다', 5, 8, 2),
(21, '2022-11-30 00:00:00', '업무에 도움이되는 많은 정보들이 있어 좋아요', 5, 9, 2),
(22, '2022-11-28 00:00:00', '실무에 도움이 됩니다', 5, 10, 2),
(23, '2022-11-26 00:00:00', '쉽고 빠르게 이해되네요', 5, 11, 2),
(24, '2022-11-25 00:00:00', '이해가 잘되고 쉬워요', 5, 12, 2),
(25, '2022-11-25 00:00:00', '쉽고 이해가 잘되네요', 5, 13, 2),
(26, '2022-11-25 00:00:00', '쉽고 좋습니다 강추', 5, 14, 2),
(27, '2022-11-24 00:00:00', '다른 엑셀책보다 더 실무용으로 적합하고 동영상 강의도 좋아 추천합니다', 5, 15, 2),
(28, '2022-11-19 00:00:00', '알자 책 내용이 너무 방대하네요', 5, 16, 2),
(29, '2022-11-17 00:00:00', '책을통해소중한경험을하고배웁니다.', 5, 17, 2),
(30, '2022-11-17 00:00:00', '내가볼려고 산건데 동생이 공부한다고 가져가버렸네요~재구매예정입니다~', 5, 18, 2),
(31, '2022-11-04 00:00:00', '저자가 워낙 엑셀에 실력있는 분이시라 고급팁들이 많습니다. 하지만 기초부터 차근차근 설명하지 않고 난이도있는 함수가 갑자기 튀어나오곤 하기 때문에 엑셀 초보자에겐 조금 어렵습니다. 그리고 어떤 경우엔 팁에 대한 제목만 있고 QR코드를 연결하여 영상 강의로 해결해야하는 경우도 있습니다. 이런 경우는 조금 불편합니다. 간단하게 순서만 적어놓더라도 책에 해당 내용이 있었으면 좋았을 것 같습니다.', 5, 19, 2),
(32, '2022-10-21 00:00:00', '유튜브 오빠두엑셀을 단편적이나마\r\n많은 도움이 되어 구매하게 되었습니다', 5, 20, 2),
(33, '2022-10-21 00:00:00', '읽기 아주 좋아요 잙읽혀요', 5, 21, 2),
(34, '2022-10-20 00:00:00', '실질적으로 필요한 내용들이 가득가득', 5, 22, 2),
(35, '2022-11-06 00:00:00', '감사 합니다. 잘 읽겠습니다.', 5, 23, 2),
(36, '2022-10-31 00:00:00', '배송도 빠르고 도움도 되네요 !', 5, 24, 2),
(37, '2022-10-30 00:00:00', '실무에 정말 많은 도움이 돼요', 5, 25, 2),
(38, '2022-10-28 00:00:00', '실무에 필요한 것만 쓰여 있네요', 5, 26, 2),
(39, '2022-10-25 00:00:00', '직장생활 14년차 매번 새해 다짐으로 엑셀 한번 끝내보겠다고 한게 어언 10년이 다되갑니다..\r\n회사 처음 입사했을 때 배운 스킬 그대로 부서에서 쓰는 서식 그대로 발전없이 사용하고 있던 찰나 주변 지인 추천으로 구매했는데 매우 만족스럽습니다.\r\n저자분 블로그에 교재 페이지마다 영상이 있어서 진도도 수월하게 나갈 수 있고 공부하기 좋은 것 같습니다\r\n제게 엑셀 자신감을 심어준 첫 책입니다 감사합니다', 5, 27, 2),
(40, '2022-10-19 00:00:00', '이책 절대 사지마세요 평이 좋아 샀지만 내용이 예제에 맟춘 설명이라기 보담 너무 포괄적이라 따라하기 부담스러운책 입니다\r\n그러나 내용을 많이 담으려다보니 하나하나 세세한 설명은 충실하지 않은거 같습니다 한마디로 내용이 눈에 들오오지 않는 산만한 책 입니다\r\n\r\n클로버 세개도 아깝습니다\r\n\r\n추천 절대 안합니다', 4, 28, 2),
(41, '2022-10-16 00:00:00', '실제 실무에서 쓰는 것과 컴활 시험에서 쓰는 엑셀의 차이를 알 수 있었어요.', 5, 29, 2),
(42, '2022-10-11 00:00:00', '감사 합니다. 잘 읽겠습니다.', 5, 30, 2),
(43, '2022-10-12 00:00:00', '오래전부터 구독하고 자주 들여다 보던 유튜브 채널 : 짤막한 강좌 \'한정희 강사\'님의 두번째 책이 출간됨을 축하드립니다. 기존에 \'7일 실무 엑셀\' 또한 충실한 구성으로 아주 요긴하게 잘 봤었는데 사무직에 필수적인 오피스 프로그램을 두루 다루고 있는 두번째 책에선 어떠한 종합선물세트를 선사 해주실지 실로 기대가 됩니다!!!', 5, 12, 1),
(44, '2022-11-01 00:00:00', '기출문제 풀려고 구매했는데 필기 한번에 붙었어요!!', 5, 31, 5),
(45, '2022-10-14 00:00:00', '최신 문제까지 있어서 도움이 많이 돼요. 정리도 깔끔하게 되어 있어서 보기도 편해요.', 5, 1, 5),
(46, '2022-12-20 00:00:00', '믿고 보는 박해선 번역가님', 5, 1, 4),
(47, '2022-12-14 00:00:00', '쉽게 설명되어 있어 입문용으로 좋습니다.', 5, 1, 8),
(48, '2022-11-10 00:00:00', '도커를 배울 수 있는 최신 출간책입니다.', 5, 2, 8),
(49, '2022-10-04 00:00:00', '좋아요 추천합니다 추천', 5, 3, 8),
(50, '2022-04-17 00:00:00', '그림과 보조 자료를 활용해서 도커의 핵심 개념들을 이해하기 쉽게 설명하고 있습니다. 기초 개념을 잡고 싶은 초심자에게 추천.', 5, 4, 8),
(51, '2022-11-01 00:00:00', '이거 좀 따라하니까 괜찮은거같아요', 5, 1, 3),
(52, '2022-10-04 00:00:00', 'ㄹㄹㄹㄹㄹㄹㄹㄹㄹㄹ', 5, 2, 3),
(53, '2022-09-09 00:00:00', '추천받아서 샀는데 괜찮아요', 5, 3, 3),
(54, '2022-09-03 00:00:00', '유용한 책입니다.앞으로도 잘 부탁드립니다.', 5, 4, 3),
(55, '2022-08-22 00:00:00', '이 책 읽고 단 기간에 알고리즘 개념 정리 할 수 있었습니다.', 5, 5, 3),
(56, '2022-07-08 00:00:00', '유튜브강의로 먼저 알게되었는데 너무좋아요', 5, 6, 3),
(57, '2022-07-22 00:00:00', '아직 안읽어봤지만 입문자에게 도움이 많이 될 것 같아요', 5, 7, 3),
(58, '2022-06-24 00:00:00', '유명한 이유가 있어요 추천!', 5, 8, 3),
(59, '2022-06-24 00:00:00', '구매하길 잘한 것 같아요~', 5, 9, 3),
(60, '2022-06-05 00:00:00', '코딩테스트를 위해 구매했는데 코딩테스트를 위한 가장 쉽고 좋은 책인것 같아요', 5, 10, 3),
(61, '2022-02-15 00:00:00', '사실 아직도 안읽었어요 .......', 5, 11, 3),
(62, '2022-05-25 00:00:00', '코딩테스트 시작하는 분들껜 괜찮을 거 같지만, 조금 준비하셨던 분들한텐 별로에요.개념 설명이 개괄적이고 처음 시작할 때 감 잡는 느낌이어서 세부적인 설명이 뭔가 부족하네요실제 문제풀이 사이트에서 풀어보듯, 다양한 예시(최소한 효율성 테스트 라던지)를 넣어서 풀어보고 싶은데 그게 안돼요. 복원 문제?의 한계 같아요혹시 코딩테스트 준비를 조금이라도 하셨던 분이라면 별로에요.처음 하시는 분께는 좋을 거 같아요.', 5, 12, 3),
(63, '2022-04-13 00:00:00', '나쁘지 않음 ㅇㅇㅇㅇㅇㅇ', 5, 13, 3),
(64, '2022-03-07 00:00:00', '그야말로 실질적인 도움이 되는 알고리즘 과외 선생님같은 책~!', 5, 14, 3),
(65, '2021-12-13 00:00:00', '저자님의 강의도 따로 있어서 큰 도움이 되었고 각각의 내용들이 코테에 최적화되어있다고 생각합니다', 5, 15, 3),
(66, '2021-12-07 00:00:00', '코테 준비하는데 많이 도움될 것 같아요!', 5, 16, 3),
(67, '2022-12-02 00:00:00', '독자입장에서 사고회로가 돌아가는 느낌', 5, 17, 3),
(68, '2021-09-02 00:00:00', '입문할 때 읽기 좋네용', 5, 18, 3),
(69, '2021-08-23 00:00:00', '이런 책을 3만원 넘게 주고 사다니..ㅠㅠㅠㅠㅠ', 5, 19, 3),
(70, '2021-07-12 00:00:00', '파이썬으로 코테 준비하시는 분들에겐 필독서 입니다', 5, 20, 3),
(71, '2021-04-20 00:00:00', '파이썬 정리된것도 좋고 자주나오는 문제 정리되어 있어서 좋아요', 5, 21, 3),
(72, '2021-04-09 00:00:00', '공부하기에 내용이 좋네요.', 5, 22, 3),
(73, '2021-04-05 00:00:00', '알고리즘 공부하기에 좋아요', 5, 23, 3),
(74, '2021-03-29 00:00:00', '초보자도 쉽게 따라할 수 있습니다.', 5, 24, 3),
(75, '2021-03-16 00:00:00', '도움이 많이 됩니다.', 5, 25, 3),
(76, '2021-02-25 00:00:00', '코린이 코딩전문가되고싶어 구매했어요', 5, 26, 3),
(77, '2021-02-16 00:00:00', '파이썬으로 코딩테스트 준비하시는 분들에게 꼭 도움되실거에요!', 5, 27, 3),
(78, '2021-02-12 00:00:00', '깔끔하고 보기좋아요', 5, 28, 3),
(79, '2021-02-08 00:00:00', '.', 3, 29, 3),
(80, '2021-01-21 00:00:00', '너무 좋습니다 !!', 5, 30, 3),
(81, '2022-08-26 00:00:00', '좋아요 쉬운 설명으로 이해가 쉽습니다.', 5, 1, 7),
(82, '2022-08-27 00:00:00', '책이 쉽고 깔끔해서 좋네요', 5, 2, 7),
(83, '2022-09-01 00:00:00', '고심해서 골랐는데 만족합니다.', 5, 3, 7),
(84, '2022-09-09 00:00:00', '혼자 공부하는 파이션 차근 차근 공부해 봐요', 5, 4, 7),
(85, '2022-11-05 00:00:00', '유익한 내용이 많아요~', 5, 5, 7),
(86, '2022-11-18 00:00:00', '잘 읽어보겠습니다. 기대되네요 어떤 내용인지', 5, 6, 7),
(87, '2022-11-30 00:00:00', '한번 보려고 샀어료', 4, 7, 7),
(88, '2022-12-01 00:00:00', '업무에 활용할 수 있는 좋은 책 입니다.', 5, 8, 7),
(89, '2022-12-02 00:00:00', '좋은책 감사합니다!+~~', 5, 9, 7),
(90, '2022-12-08 00:00:00', '빅데이터 분석에 도움될거라 기대합니다', 5, 10, 7),
(91, '2022-06-10 00:00:00', '한번쯤은 읽어보면 좋을듯 합니다.', 5, 11, 7),
(92, '2022-06-11 00:00:00', '혼자 공부하려고 구매..파이썬 시작...', 5, 12, 7),
(93, '2022-06-11 00:00:00', '파이썬을 혼자 공부할수 있도록 만든 책이네요.', 5, 13, 7),
(94, '2022-06-15 00:00:00', '유용합니다 잘 보았습니다', 5, 14, 7),
(95, '2022-07-15 00:00:00', '좋아요 잘읽히네요 :)', 5, 15, 7),
(96, '2022-07-29 00:00:00', '혼자 공부하려고 샀는데 이해하기 쉽고 알기 쉽게 설명이 되어있어서 재미있고 즐겁게 공부할 수 있을 것 같아요. 잘 샀어요.', 5, 16, 7),
(97, '2022-08-17 00:00:00', '아이가 공부하고 싶어해서 샀네요. 쉽고 볼만합니다.', 5, 17, 7),
(98, '2022-08-22 00:00:00', '파이썬 입문서 몇권 사봤는데. 이게 가장 상세하고 초보자들이 쉽게 이해할수 있게 잘쓰여진 책인듯.', 5, 18, 7),
(99, '2022-06-20 00:00:00', '유용합니다 잘 보았습니다', 4, 19, 7),
(100, '2022-06-25 00:00:00', '파이썬 시작부터 응용까지 한큐에 볼 수 있다. 혼공파가 유명한 이유가 있다!', 5, 20, 7),
(101, '2022-07-24 00:00:00', '파이썬 초보자도 쉽게 공부할수 있습니다', 5, 21, 7),
(102, '2022-07-03 00:00:00', '이 책은 단순한 코딩 교재가 아닌 것 같습니다. 저자에게 과외를 받는 듯한 느낌을 받을 정도로 꼼꼼하고 친절하게 구성되어 있기 때문입니다. 특히 저자는 중간중간 자신의 경험을 언급하며 독자가 코딩에 흥미를 잃지 않도록 많이 배려해 줍니다. 이런 부분을 읽으며 “역시 코딩에는 왕도가 없구나, 이 저자도 나와 비슷한 생각을 하며 묵묵히 파이썬을 정복해왔구나” 하는 생각이 들었습니다.', 5, 22, 7),
(103, '2022-08-22 00:00:00', '파이선의 기본서중에 정말 시작하기 좋고 쉽게 쉽게 잘 구성된 책입니다.\r\n이번에 개정판이 나와서 조금더 최신 문법 적용 및 구성이 더 좋아진거 같습니다.\r\n처음 하실때 해당 책을 기반으로 저자분이 동영상 강의도 있으니\r\n좋은 가이드가 되는 책입니다.', 5, 23, 7),
(104, '2022-10-16 00:00:00', '내용이 풍부하고 이해하기 쉬어요', 5, 24, 7),
(105, '2022-06-28 00:00:00', '저는 현재 데이터분석가를 준비하는 취업준비생입니다. 여러 자격증을 획득한 가운데 실습능력이 부족하여 파이썬을 배우려고 이 책을 선택하였습니다. \r\n먼저 이 책은 총 8개의 챕터로 나누어 공부할 수 있도록 잘 설계되어 있습니다. 먼저 기본 개념을 설명해준 뒤에 학습자가 코드를 보고 따라할 수 있도록 잘 설명되어져 있습니다. 특히 파이썬을 처음 배우신 분이나 초보자에게 강력히 추천 드립니다', 5, 25, 7),
(106, '2022-10-15 00:00:00', '객체지향 필수서적입니다', 5, 1, 16),
(107, '2022-10-18 00:00:00', '좋은책인거 같습니다', 5, 2, 16),
(108, '2022-09-14 00:00:00', '비전공자(경영학과)이고, 업무상 필요해서 액세스 VBA만 다루다가, C# WPF로 개발을 시작한지 2년이 조금 넘었지만, 클래스는 상속용으로만 사용하고 객체가 뭔지 전혀 이해못했다는 것을 깨달았습니다.처음부터 이 책을 읽어보고 코딩을 시작했었으면 하는 아쉬움이 많이 남아서, 앞으로 제 후배들에게는 무조건 먼저 읽으라는 말을 하고 싶네요.이상한 나라의 앨리스라는 책도 요즘 육아를 하며 아이에게 자주 읽어주다보니', 5, 3, 16),
(109, '2022-06-27 00:00:00', '내용이 아주 좋아요', 5, 4, 16),
(110, '2022-12-19 00:00:00', '잘보고있습니다 도움돼요.', 5, 1, 17),
(111, '2022-12-14 00:00:00', '자격증 시험때문에 구매!', 5, 2, 17),
(112, '2022-12-13 00:00:00', '잘 읽히고, 좋습니다.', 5, 3, 17),
(113, '2022-11-21 00:00:00', 'Sql 시험에 도움되요', 5, 4, 17),
(114, '2022-12-20 00:00:00', '질문들이 많이 도움됐어요', 5, 5, 17),
(115, '2022-12-13 00:00:00', '질문들이 많이 도움됐어요', 5, 5, 17),
(116, '2022-12-08 00:00:00', '잘 읽히고, 좋습니다.', 5, 6, 17),
(117, '2022-12-05 00:00:00', '기출문제나 문제 유형 파악하기 좋아요', 5, 7, 17),
(118, '2022-11-21 00:00:00', '난도가 높은 문제집입니다. 이 책만 봐서는 합격하기 어려울 수 있으니 개념 정리본이나 개념서를 함께 보시는 게 좋습니다.', 5, 1, 17),
(119, '2022-11-20 00:00:00', '덕분에 시험을 잘 치룰 수 있었습니다! 배송이 아주 빨라요 :)', 5, 8, 17),
(120, '2022-11-14 00:00:00', '기본적인 지식과 SQL을 실제로 사용할 줄 아신다면, 효율적으로 공부하기에 매우 좋은 책이라 생각합니다.\r\n[학습내용 정리 + 문제풀이] 구성이 아니고, 바로 [문제풀이 + Tip] 방식의 구성인 문제집입니다. 답지 설명까지 같이 읽으면서 공부했더니 도움이 많이 되었습니다.\r\n', 5, 9, 17),
(121, '2022-11-14 00:00:00', '워낙 유명한책이다보니 이 책 한권으로 자격증 준비 기본은 준비된듯 하네요ㅎㅎ', 5, 10, 17),
(122, '2022-11-13 00:00:00', '스탠다드 하네요, 잘 풀고 있습니다', 4, 11, 17),
(123, '2022-11-07 00:00:00', '공부 또는 실무용도로도 딱 좋답니다.', 5, 12, 17),
(124, '2022-11-05 00:00:00', 'sql 관련 자격증 공부는 이 책 한권이면 충분합니다', 5, 13, 17),
(125, '2022-10-29 00:00:00', '합격하는데 매우 유용합니다', 5, 14, 17),
(126, '2022-10-10 00:00:00', '역시 인기도서답게 공부하기 편합니다.', 5, 15, 17),
(127, '2022-09-04 00:00:00', '문제집 잘 풀어보고 좋은성적 기대해요', 5, 16, 17),
(128, '2022-09-11 00:00:00', '좋은 문제집이라 좋은성적 기대해요', 5, 17, 17),
(129, '2022-09-17 00:00:00', '공부하기 좋아요 추천합니다', 5, 18, 17),
(130, '2022-08-28 00:00:00', '도움이 됐으면 ㅎㅎ', 5, 19, 17),
(131, '2022-08-26 00:00:00', '여기서 나오는 문제 꽤 있어용', 5, 20, 17),
(132, '2022-08-22 00:00:00', '도움되는 책입니다!!', 5, 21, 17),
(133, '2022-08-22 00:00:00', '시험보려면 정석..!! 노랑이는 한번 꼭 다 푸시는걸 강추해요', 5, 22, 17),
(134, '2022-08-22 00:00:00', '분철서비스도 좋고 열심히 공부하겠습니다.', 5, 23, 17),
(135, '2022-08-22 00:00:00', '생각보다 적중률이 아주 높아요', 5, 24, 17),
(136, '2022-08-22 00:00:00', '가장 많이 보는 책인만큼 믿고 샀네요 좋아요', 5, 25, 17),
(137, '2022-08-22 00:00:00', '구매하길 잘한 것 같아요~', 5, 26, 17),
(138, '2022-08-22 00:00:00', 'Sql도서 선택지가 많지 않은데 도움이 되는책 같아요', 5, 27, 17),
(139, '2022-08-22 00:00:00', '시험 공부하기 좋아요', 5, 28, 17),
(140, '2022-08-22 00:00:00', '기출문제 위주라 조아요', 5, 29, 17),
(141, '2022-08-22 00:00:00', 'SQL 개발자 자격시험 대비 수험서로 좋아요', 5, 30, 17),
(142, '2022-06-25 00:00:00', '객체지향 프로그래밍을 하실 분들이라면 추천하는 책입니다.', 5, 5, 16),
(143, '2022-06-24 00:00:00', '이 책을 통해 정말 많이 배웠다.', 5, 6, 16),
(144, '2022-05-11 00:00:00', '초반에 같은 내용을 너무 많이 반복하지만, 다 읽고 난 뒤에는 그만큼 중요한 내용이기 때문에 그렇게 반복했구나 싶었다.', 5, 7, 16),
(145, '2022-04-04 00:00:00', 'oop라는 개념은 나온지 한참된 개념이지만 타인에게 명확하게 설명하기는 어렵습니다. 이 책을 통해서 확실하게 알 수 있도록 하겠습니다.', 5, 8, 16),
(146, '2022-03-26 00:00:00', '내용은 좋음. 같은 내용 반복하는 부분이 너무 많음. 요약하며 읽으면 좋을 듯,', 5, 9, 16),
(147, '2022-03-19 00:00:00', '객체지향을 바라보는 시야를 잡아주는 책입니다! 객체지향 입문용으로 추천합니다.', 5, 10, 16),
(148, '2021-02-17 00:00:00', 'OOP란 무엇인가? 객체지향이라는 것 은 알겠는데.. 객체지향은 또 무엇을 의미할까?? class를 만하는 것 인가?? OOP의 근본이 알고싶다면 이책을 적극 추천한다.다만 조금 같은말 반복하는점은 읽을때 지루한감이 없지않아 있다. 이점말고는 너무나도 좋은 책이다.', 5, 11, 16),
(149, '2022-03-16 00:00:00', '이 책은 객체지향적 코딩을 하는 사람이라면 반드시 읽어봐야 생각운신의 폭을 넓힐 수 있는 좋은 책', 5, 12, 16),
(150, '2022-02-16 00:00:00', '객체지향이 무엇인지 쉬운 설명을 통해 이해시켜줍니다', 5, 13, 16),
(151, '2022-01-18 00:00:00', '아주 정리가 잘 된 좋은 책입니다', 5, 14, 16),
(152, '2022-01-15 00:00:00', '객체지향 언어를 사용하는 개발자라면 꼭 읽어야 하는 필독서라고 생각합니다.', 5, 15, 16),
(153, '2022-01-03 00:00:00', '비유를 통해 잘 설명하려하지만 잘읽히는지는 잘모르겠네요', 4, 16, 16),
(154, '2021-10-19 00:00:00', '술술 잘 읽히고 유용해요', 4, 17, 16),
(155, '2021-09-03 00:00:00', '객체지향에 대해 제대로 알려주는 책', 5, 18, 16),
(156, '2021-02-13 00:00:00', '읽기가 쉬운 책은 아니에요. 깊은 책이에요 깊게 읽어야 좋을것같습니다.', 5, 19, 16),
(157, '2021-01-20 00:00:00', '술술잘읽히네요~', 5, 20, 16),
(158, '2021-01-07 00:00:00', '읽기 편하고 쉽습니다', 5, 21, 16),
(159, '2020-12-18 00:00:00', '객체지향 개념을 잡기위한 필독서입니다. OOP 학습자분들께 강추합니다.', 5, 22, 16),
(160, '2020-12-17 00:00:00', '이야기 형식으로 잘풀어놨어요', 5, 23, 16),
(161, '2020-10-15 00:00:00', '쉽게 읽히지만 가볍진 않은 책', 5, 24, 16),
(162, '2020-07-07 00:00:00', '내용은 정말 좋지만 같은 내용이 너무 많이 반복되서 읽기 지루했음', 4, 25, 16),
(163, '2020-05-27 00:00:00', '객체를 객체답게 생각하게되는 좋은 계기였습니다.', 5, 26, 16),
(164, '2020-05-23 00:00:00', '객체의 정확한 의미를 알게 되었습니다.', 5, 27, 16),
(165, '2020-04-26 00:00:00', '공부하기 좋은 책입니다.', 5, 28, 16),
(166, '2020-04-18 00:00:00', '잘못 이해한 개념을 잘 정리할 수 있었습니다.', 5, 29, 16),
(167, '2020-04-07 00:00:00', '좋아요', 5, 30, 16),
(168, '2022-12-18 00:00:00', '구비도서로 구매했어요', 5, 1, 11),
(169, '2022-12-08 00:00:00', '실용적이고 도움이 많이 됩니다.', 5, 2, 11),
(170, '2022-11-22 00:00:00', '사용 된 자료들이 유치해요', 5, 3, 11),
(171, '2022-11-15 00:00:00', '일러스트레이터 공부하려고 샀는데 좋았습니다', 5, 4, 11),
(172, '2022-11-02 00:00:00', '일목요연하게 잘 정리되어있구요, 굉장히 설명이 친절해서좋았어요', 5, 5, 11),
(173, '2022-09-18 00:00:00', '나는포토샵을좋아합니다', 5, 6, 11),
(174, '2022-08-25 00:00:00', '부담없이 접근할수있는 책.', 5, 7, 11),
(175, '2022-07-12 00:00:00', '도움이 많이 되는 책이에요.', 5, 8, 11),
(176, '2022-06-07 00:00:00', '잘읽어보겠습니다 감사합니다', 5, 9, 11),
(177, '2022-06-03 00:00:00', '포토샵 잘 배우겠습니다!!', 5, 10, 11),
(178, '2022-05-22 00:00:00', '포토샵 해보려고 샀습니다', 5, 11, 11),
(179, '2022-05-18 00:00:00', '도움이 많이 될거같아요', 5, 12, 11),
(180, '2022-04-13 00:00:00', '친절하고 잘 설명해줍니다', 5, 13, 11),
(181, '2022-04-05 00:00:00', '포토샵과 일러스트레이터를 동시에 배울 수 있어서 좋습니다. 게다가 가독성도 좋습니다', 5, 14, 11),
(182, '2022-03-25 00:00:00', '신기능 또한 포함해 설명되어 있어서 매우 유용한 것 같아요!', 5, 15, 11),
(183, '2022-03-13 00:00:00', '잘받았습니다. 만족합니다.', 5, 16, 11),
(184, '2022-03-13 00:00:00', '기초부터 차근차근 공부해야겠어요', 5, 17, 11),
(185, '2022-03-07 00:00:00', '설명도 너무 쉽게 잘되어있고 차근차근 따라하면서 배우기 좋은 책입니다!', 5, 18, 11),
(186, '2022-03-07 00:00:00', '원래 혼자서 포토샵, 일러 프로그램 썼는데요, 너무 기본적인 기능들밖에 몰랐습니다. 책으로 다양한 툴을 알게 돼서 좋아요. 혼자서 하루에 Lesson 3,4개씩 하니 널널하게 한달 정도 걸렸어요. 근데 1회독만 하니까 자주 안 쓰는 툴은 까먹게 돼서, 맛디 스터디로 복습하는데 괜찮네요', 5, 19, 11),
(187, '2022-02-05 00:00:00', '포토샵이랑 일러스트가 합쳐져 있어서 좋네요', 5, 20, 11),
(188, '2022-01-17 00:00:00', '잘읽겠습니다.감사합니다.', 5, 21, 11),
(189, '2022-12-14 00:00:00', '통합이라 더 공부하기 편해요', 3, 1, 19),
(190, '2022-10-28 00:00:00', '이전에 컴퓨터 활용능력 1급 기본서를 \'이기적\' 시리즈로 했었다\r\n책 내용과 구성이 너무 좋았기에\r\n정보처리기사도 \'이기적\' 책으로 선택했다', 5, 2, 19),
(191, '2022-12-20 00:00:00', '다양한 문제가 있어서 좋았어요!', 5, 1, 20),
(192, '2022-12-12 00:00:00', '좋은 책입니다. 열심히 공부할게요', 5, 2, 20),
(193, '2022-12-16 00:00:00', '2023년도에는 해커스 전산회계 1급이론+실무+최신기출문제 기본서로 한방에 합격하고 싶습니다!', 5, 3, 20),
(194, '2022-12-18 00:00:00', '한번에 끝! 핵심이론과 풍부한 기출문제로 전산회계 1급 시험을 완벽하게 대비 단기 합격가능', 5, 4, 20),
(195, '2022-12-18 00:00:00', '전산회계 1급 공부를 하는데 많은 도움이 되었습니다. 모르는 부분들도 기출 문제를 통해 배울 수 있어서 유익했습니다.', 5, 5, 20),
(196, '2022-12-19 00:00:00', '해커스 전산회계 1급으로 합격하고 취뽀까지!!', 5, 6, 20),
(197, '2022-12-19 00:00:00', '전산회계를 따기위해 책 선택의 고민이 생겨 여기저기 알아보다가 이 책으로 정착했습니다 ~ 구성이 좋네유', 5, 7, 20),
(198, '2022-12-19 00:00:00', '전산회계 1급 꼭 합격하고싶어요 취업까지 꼬우꼬우~', 5, 8, 20),
(199, '2022-12-20 00:00:00', '핵심이론과 기출문제가 한권으로 구성되어있습니다', 5, 9, 20),
(200, '2022-12-20 00:00:00', '전산회계 1급 이론+실무+최신기출문제 구성이 알찬 교재입니다', 5, 10, 20),
(201, '2021-08-08 00:00:00', '국비지원으로 코딩학원 다니는데 진도를 거의 못따라가서 생활코딩과 자바의정석 강의로 혼자 공부중이에요. 생활코딩으로 한 번 훑고 자바의정석으로 개념을 한번 더 정리한 후 예제를 푸니까 이제야 뭔가 알겠다 싶습니다.', 5, 1, 22),
(202, '2022-09-06 00:00:00', '예습중입니다 딱 좋습니당', 5, 2, 22),
(203, '2022-06-26 00:00:00', '소문 좋은건 기본이고, 내용도 대박!!!자바의 정석이죠.', 5, 3, 22),
(204, '2022-04-07 00:00:00', '내용이 알차고 좋습니다!', 5, 4, 22),
(205, '2022-02-21 00:00:00', '입문자에겐 최고의 책인 것 같습니다. 열심히 공부하겠습니다.', 5, 5, 22),
(206, '2021-11-16 00:00:00', '유튜브에 무료 강의가 있어서 동영상 보면서 같이 공부하면 좋습니다. 근데 강의가 업데이트가 안되어있어서 좀 불편함', 5, 6, 22),
(207, '2021-06-16 00:00:00', '자바를 배우기에 좋다고 소문난 책', 5, 7, 22),
(208, '2021-04-06 00:00:00', '공부 열심히 하겠습니다.', 5, 8, 22),
(209, '2021-03-27 00:00:00', '취성패들으면서 복습용으로 듣는데 이해잘됩니다!', 5, 9, 22),
(210, '2021-01-05 00:00:00', '자바를 오랜만에 다시 시작하는데 많은 도움이 됩니다.', 5, 10, 22),
(211, '2020-03-09 00:00:00', '설명이 쉽고 이해하기 편합니다!일반 자바의 정석은 응용 문제가 좀 더 많은 편이고기초편은 더 쉽게 풀어진 설명이 많은 것 같아요!전에 자바를 공부 해봤는데 못 따라가셨다면 이 책 강추합니다!!!', 5, 11, 22),
(212, '2020-12-15 00:00:00', '이번에 코딩 공부 시작해서 온라인으로 주문했습니다. 코딩 입문자들에게 교과서같은 책이고 이해하기 쉽게 정리되어 있다고 들어서 이 책으로 공부 시작하려고합니다.', 5, 12, 22),
(213, '2020-12-08 00:00:00', '초보자들을 위해 쓰여진 거 같습니다.', 5, 13, 22),
(214, '2020-10-12 00:00:00', '프로그래밍과는 전혀 관계없는 전공을 했지만 이런 저도 이해하기 쉽게 내용이 잘 구성되어 있습니다. 입문자도 무난히 공부할 수 있는 책인 것 같네요!', 5, 14, 22),
(215, '2020-07-15 00:00:00', '자바의 기본을 잘 설명해주고 예제 문제도 학습에 용이합니다.', 5, 15, 22),
(216, '2020-04-05 00:00:00', '좋아요', 5, 16, 22),
(217, '2020-02-12 00:00:00', '초보자들에게 굉~~장히 좋은 자바책', 5, 17, 22),
(218, '2020-01-17 00:00:00', 'java 기초가 부족하다는 생각에 어떤책을 고를까 하다 신판이 나와 구매하여 보고 있습니다. 탄탄한 설명, 카페를 통한 빠른 피드백, 잘 정리된 요약본까지 뭐 하나 부족한 것이 없는 책입니다.', 5, 18, 22),
(219, '2020-01-17 00:00:00', '코딩에 관심갖게 되어 주변지인 추천으로 구입하게 되었습니다.아무것도 몰랐는데, 유투브에 동영상 강의도 있고, 책도 설명이 자세히 나와 있어서 전혀 헤매이지 않고 진도를 나가고 있습니다. 코딩에 재미 붙이실 분이라면, 그리고 이론과 함께 이해하고 싶은분이라면 강추합니다.', 5, 19, 22),
(220, '2022-12-14 00:00:00', '내용이 정리가 잘되어 있어서ㅎ좋아요ㅎ', 5, 1, 18),
(221, '2022-11-29 00:00:00', '설명이 잘 되어 있어서 독학하기에 좋습니다.', 5, 2, 18),
(222, '2022-11-25 00:00:00', '좋아요. 만족합니다.', 5, 3, 18),
(223, '2022-11-25 00:00:00', '좋아요 도움이 되었어요', 5, 4, 18),
(224, '2022-11-24 00:00:00', '열심히 해보겠습니다!', 5, 5, 18),
(225, '2022-09-23 00:00:00', '열심히 하겠습니다.', 5, 6, 18),
(226, '2022-09-14 00:00:00', '책에 나온대로 계획적으로 공부하면 결과로 보상받을 것이다.', 5, 7, 18),
(227, '2022-09-01 00:00:00', '열심히 공부해보겠습니다!', 5, 8, 18),
(228, '2022-08-02 00:00:00', '열심히 하겠습니다.', 5, 9, 18),
(229, '2022-07-29 00:00:00', '모든이에게 합격~~~', 5, 10, 18),
(230, '2022-07-10 00:00:00', '자격증 시험때문에 구매했어요 화이팅!', 5, 11, 18),
(231, '2022-07-09 00:00:00', '배송도 빨랐구 분권되어있어서 공부하기편했음:)', 5, 12, 18),
(232, '2022-07-04 00:00:00', '해커스 전산세무 책은 이론 + 실기 + 최신기출로 구성되어 있어요!', 1, 13, 18),
(233, '2022-06-30 00:00:00', '전산세무 2급을 준비하기 전에 강의와 교재를 선택하는 게 고민이 많이 됐는데 교재보고 해커스로 결정했어요!', 5, 14, 18),
(234, '2022-06-06 00:00:00', '아주 열심히 공부해야 되겠내요.', 4, 15, 18),
(235, '2022-06-29 00:00:00', '전산세무 2급 교재가 정말 다양해서, 어떤 책을 구매할지 정말 신중하게 골랐습니다', 5, 16, 18),
(236, '2022-05-12 00:00:00', '회계 하시는 분이라면 꼭 읽으셔야할 것..', 5, 17, 18),
(237, '2022-05-03 00:00:00', '동생이 시험 준비중이라 구매했는데 좋아요', 5, 18, 18),
(238, '2022-04-25 00:00:00', '전산세무 공부를 시작할 때 이것저것 많이 알아봤는데 해커스 전산세무 책이 가장 합리적이라고 생각해요', 5, 19, 18),
(239, '2022-12-15 00:00:00', '인사이트가 있는 책입니다.', 5, 1, 21),
(240, '2022-12-13 00:00:00', '혼자공부하는시리즈많이구매햇는데매번도움이많이되고실망시키지않아서좋습니다', 5, 2, 21),
(241, '2022-12-08 00:00:00', '코딩에 대해 배우는 중입니다', 5, 3, 21),
(242, '2022-12-05 00:00:00', '인사이트가 있는 책입니다. 추천합니다', 5, 4, 21),
(243, '2022-12-05 00:00:00', '유용하게 잘 읽었습니다.', 5, 5, 21),
(244, '2022-09-26 00:00:00', '코딩에 대한 지식이 없는 사람이라도 얼마든지 혼자서 그 개념에 대해 잘 이해할 수 있습니다.', 5, 6, 21),
(245, '2022-09-05 00:00:00', '현재 컴퓨터공학을 전공중인 학생입니다.전공공부를 하다보면 무슨 의미인지는 알지만 누구에게 설명할 수 없는 단어,용어들이 있습니다.아직 책을 모두 읽지 않았지만, 이 책을 읽음으로서 위와같은 문제점들을 해결 할 수 있을것같습니다. 감사합니다', 5, 7, 21),
(246, '2022-09-04 00:00:00', '컴퓨터 인터넷 용어 알수 있어 좋네요', 5, 8, 21),
(247, '2022-09-02 00:00:00', '기초 개념을 잡고 가기 좋아요', 5, 9, 21),
(248, '2022-08-31 00:00:00', '컴퓨터과학 분야에 관심이 많은 학생입니다. 이 책을 읽어서 더 넓은 견문을 얻고자 합니다!', 5, 10, 21),
(249, '2022-08-25 00:00:00', '제대로 공부하기 위해 책 구매했습니다. 열심히 하겠습니다!', 5, 11, 21),
(250, '2022-08-17 00:00:00', 'It 코딩 입문자용 책인 듯. 개발자와 소통을 위해', 5, 12, 21),
(251, '2022-08-12 00:00:00', '잘 읽히고 재밌어요', 5, 13, 21),
(252, '2022-08-10 00:00:00', '코딩은 누구나 알아야할것 같아요.ㅋ', 5, 14, 21),
(253, '2022-08-02 00:00:00', '추천하는 대상 : 개발에 관심 있는 비전공자, 개발자와 함께 일하는 사람, 취미로 코딩을 하려는 사람\r\n요즘 온라인에서도 여러가지 지식을 습득할 수 있는 기회가 많습니다. 오히려 언어와 관련된 최신 정보 등은 책으로 배우지 말라고 하는 경우도 있더라구요.', 5, 15, 21),
(254, '2022-07-14 00:00:00', '얄코 항상 잘 듣구 있구요 :) 강사님 믿고 구매했습니다~ 구매 순간부터 신뢰 100% 구요!! 고민되시는 분들은 유튜브에 얄코 1개만 들어보세여~~', 5, 16, 21),
(255, '2022-07-09 00:00:00', '유튜브 보다가 많은 도움 되어 책까지 구매했습니다. 비전공자도 읽기 쉽게 풀어주신 것 같아 좋아요.', 5, 17, 21),
(256, '2022-07-05 00:00:00', '얄코님 유튜브 보면서 많은 도움 봐서 책도 많은 도움이 될 것 같아요', 5, 18, 21),
(257, '2022-07-02 00:00:00', '쉽게 시작할수 있을것같아서 구매했어요 : )', 5, 19, 21),
(258, '2022-06-28 00:00:00', '솔직 담백한 내집 마련기가 담겨 있네요 ~', 5, 20, 21),
(259, '2022-06-19 00:00:00', '솔직 담백한 내집 마련기가 담겨 있네요 ~', 5, 21, 21),
(260, '2022-06-28 00:00:00', '비전공자를 위한 필독 도서! 그동안의 궁금증이 해소되고, IT지식까지 유용하게 활용 될 것 같습니다.', 5, 22, 21),
(261, '2022-06-28 00:00:00', '개발자 생태계의 기초지식을 쌓기 위해 보기 좋은 책인 것 같습니다', 5, 23, 21),
(262, '2022-06-28 00:00:00', '개발 공부를 시작한 비전공자가 기초지식을 쌓으려고 구입했는데 만족합니다.', 5, 24, 21),
(263, '2022-06-27 00:00:00', '이 책은 코딩 지식이라는 넓은 범위에서 시작합니다.\r\n개발자를 분류하는 것부터 프로그래밍 용어, 개발자와 소통하는데 사용되는 용어들을 보다 쉽게 설명하고 있습니다.\r\n당장 IT 지식이 없는 상황에서 개발자의 용어들을 이해해야 한다면 꽤 도움이 될 것 같은 책입니다.', 5, 25, 21),
(264, '2022-06-26 00:00:00', '나도 개발자지만 가끔은 모르는 용어가 있을 때도 있고 기획자나 디자이너와 이야기를 할때 내가 아는걸 쉽게 전달하기 너무 어려웠던 경험이 많았다.', 5, 26, 21),
(265, '2022-06-26 00:00:00', 'IT지식이 없지만, IT부서와 일을 해야 한다면 도움이 될 만한 책입니다. 또는 업무 목적상 코딩을 하고 있지만, IT에 대한 기초가 약하다고 생각된다면 읽어봐도 좋겠습니다.', 2, 27, 21),
(266, '2022-06-26 00:00:00', '첫 챕터는 라이트하게 시작해서 뒤로 갈수록 딥한 주제를 다루는 식으로 되어있다. 대상 독자별로 구분하자면 IT에 대한 지식이 전무한 사람이라면 챕터 1부터 보는 것이 좋고, 조금이라도 지식이 있다면 챕터 1은 스킵하되 2,3에서 필요한 부분만 골라서 읽어도 무방할 것 같다. 엄청 깊게 파고드는 성격의 책은 아니지만, 전체적으로 빠르게 개념잡기에 유용해서 가이드로 삼기에 좋은 책이라는 생각이 들었다.', 5, 28, 21),
(267, '2022-06-20 00:00:00', '평소 구독하던 유튜브 채널인 얄팍한 코딩사전에서, 한빛미디어와 손을 잡고 책을 출시하였습니다. 혼자 공부하는 얄팍한 코딩 지식으로, 기본적인 IT 지식과 용어에 대한 소양을 해당 책을 통해 배울 수 있습니다. 얄팍하다는 타이틀이 달려있지만, 접근의 난이도가 얄팍할 뿐 알려주는 내용은 전혀 얄팍하지 않은 점이 특징입니다.', 5, 29, 21),
(268, '2022-06-12 00:00:00', 'IT 회사에서 개발직이 아닌 다른 직무로 근무하다가 개발에 관심이 생겨, 현재는 개발자가 되기 위해 학습하고 있습니다.프로그래밍에 입문한 지 얼마 되지 않았을 때, 유튜브 채널 \'얄팍한 코딩사전\'의 얄코님을 알게 된 이후로 현재까지 구독하며 IT 지식을 얻고 있는데, 얄코님이 도서를 출간한다는 소식을 듣고 매우 기대가 되었습니다.IT 회사에서 근무하다 보면 정말 알 수 없는 외계어들이 많이 들리기 때문에 \'저게 무슨 말일까..?\' 하고 혼자 골머리를 앓기도 하는데요, 그 당시에 \'혼자 공부하는 얄팍한 코딩 지식\'이 있었다면 참 좋았을 것 같습니다. 이 책은 IT쪽에서 종사한다면 많이 들을 수 있는 IT 지식과 용어를 쉽게 이해할 수 있도록 친절한 설명을 해줍니다. 또한, 초급 개발자로서 얼핏 들어는 봤지만, 자세히 알지 못하는 지식을 쉽게 학습할 수 있습니다.책이 매우 쉽게 읽히기 때문에 개발자 뿐만 아니라 비전공자와 프로그래밍 입문자에게 매우 좋은 책이라고 생각합니다. IT에 관심있는 모두에게 이 책을 추천합니다!', 5, 30, 21),
(269, '2021-03-11 00:00:00', '교재용 서적 잘 사용하겠습니다.', 5, 1, 24),
(270, '2021-03-13 00:00:00', '내용이 잘 구성되있는거 같아요 탐독하겠습니다!', 5, 2, 24),
(271, '2021-03-16 00:00:00', '도움이 많이 됩니다.', 5, 3, 24),
(272, '2021-03-19 00:00:00', '대학교재대학교재 대학교재', 5, 4, 24),
(273, '2021-03-27 00:00:00', '비전공자이지만 이해하기 쉬운 좋은 입문서같습니다. 도움 많이 되었습니다.', 5, 5, 24),
(274, '2021-04-05 00:00:00', '쉽게 배울 수 있어요.', 5, 6, 24),
(275, '2021-04-11 00:00:00', '책 보면서 따라하다 보니 전반적인 파이썬 기초에 대해 알게 되었어요', 4, 7, 24),
(276, '2021-06-08 00:00:00', '파이썬 독학에 좋습니다.', 5, 8, 24),
(277, '2021-06-13 00:00:00', '괜히 1등이 아니다.', 5, 9, 24),
(278, '2021-07-14 00:00:00', '열심히 공부해보겠습니다. 화이팅', 5, 10, 24),
(279, '2022-01-07 00:00:00', '어려워요. 초급자들은 더 쉬운 책 찾아보세요', 5, 11, 24),
(280, '2022-01-19 00:00:00', '아이가 필요하다해서 구입했어요', 5, 12, 24),
(281, '2022-02-06 00:00:00', '많은 공부가 되고 있습니다.', 5, 13, 24),
(282, '2022-02-20 00:00:00', '쉽게 파이썬을 접해볼 수 있다는 것에 의의를 둘 수 있는 책이에요.', 5, 14, 24),
(283, '2022-03-12 00:00:00', '쉽게 공부하기 좋습니다 :)', 5, 15, 24),
(284, '2022-03-14 00:00:00', '파이썬을 기초부터 차근차근 공부할 수 있어서 좋은 것 같아요.', 5, 16, 24),
(285, '2022-03-15 00:00:00', '좋습니다 또 구입해야겠다는 생각이 듭니다 만들어주신 모든 분들께 감사드립니다', 5, 17, 24),
(286, '2022-03-18 00:00:00', '좋아요 잘 보겠습니다', 4, 18, 24),
(287, '2022-03-26 00:00:00', '전반적인 내용이 유용합니다.', 5, 19, 24),
(288, '2022-04-02 00:00:00', '아들이 독학한다고 ㅋㅋ 주문했네요.', 5, 20, 24),
(289, '2022-07-03 00:00:00', '좋아요', 5, 21, 24),
(290, '2019-07-20 00:00:00', '그냥 그럼 왜 베스트셀러인지...', 2, 22, 24),
(291, '2019-07-11 00:00:00', '하나하나 설명이 좋습니다.공대다니면서 했던 간단한 프로그래밍 수준을 아는 분들한테는 더욱 좋습니다.', 5, 23, 24),
(292, '2019-11-05 00:00:00', '읽기 정말 쉽게 되어있음', 5, 24, 24),
(293, '2019-10-06 00:00:00', '원래 다른책 도서관에서 빌려보다 인기 많아서 샀는데 인기가 많은 이유가 있음', 5, 25, 24),
(294, '2019-10-02 00:00:00', '기술 입문용 구입', 5, 26, 24),
(295, '2019-09-17 00:00:00', '커뮤니티사이트도 있어서 좋아요', 5, 27, 24),
(296, '2019-08-16 00:00:00', '처음 배우는 분들에게 좋을듯 합니다', 5, 28, 24),
(297, '2019-08-10 00:00:00', '쉽지만은 않지만 그래도 깔끔합니다', 5, 29, 24),
(298, '2019-07-16 00:00:00', '추천받아 구매했는데.... 열공!!!!', 5, 30, 24),
(299, '2022-11-26 00:00:00', '전체적 흐름을 다시 보기 좋았습니디', 5, 1, 25),
(300, '2022-11-21 00:00:00', 'SQL 튜닝을 배울 수 있습니다. 난이도는 조금 높은거 같아요', 5, 2, 25),
(301, '2022-11-18 00:00:00', '많은 도움이 되는 도서이며, 배송은 말할것도 없이 깔끔하고 빠르게 진행되었습니다. 포인트 등 교보문고에서 구입하는 만족감이 큽니다.', 5, 3, 25),
(302, '2022-10-28 00:00:00', 'SQLP 자격증 시험에 도움되요', 5, 4, 25),
(303, '2022-10-16 00:00:00', 'Sql 튜닝 보기 좋아요', 5, 5, 25),
(304, '2022-10-10 00:00:00', '매출도안됬는데 구매리뷰?', 5, 6, 25),
(305, '2021-12-13 00:00:00', '유익하게 잘 보도록 하겠습니다~배송도 빠르고 좋았지만 책 상태가..티가 심하게 나는건 아니지만 그래도 아쉽네요 ㅎㅎ', 5, 7, 25),
(306, '2021-11-10 00:00:00', '업무에 잘 사용하겠습니다. 감사합니다.', 5, 8, 25),
(307, '2021-07-30 00:00:00', '도움이 많이 되어서 좋았습니다', 5, 9, 25),
(308, '2021-07-13 00:00:00', '매일 아침에 출근해서 한 꼭지씩 읽고 있어요. 도움 됩니다. 워낙 초급이라 지식이 없는데 잘 읽힙니다.', 5, 10, 25),
(309, '2021-01-22 00:00:00', '완전조아 읽기조아요', 5, 11, 25),
(310, '2020-12-12 00:00:00', '구성도 좋고 괜찮네요', 5, 12, 25),
(311, '2020-08-11 00:00:00', '기술 습득용으로 구입했어요.', 5, 13, 25),
(312, '2020-04-22 00:00:00', 'SQL 입문용으로 너무 좋은 바이블인거 같아요 ㅎㅎ', 5, 14, 25),
(313, '2020-04-07 00:00:00', '개념충만', 5, 15, 25),
(314, '2019-09-09 00:00:00', '책 내용이 아주 좋네요.친절히 설명이 잘 되어 있어서 이해가 아주 잘됩니다.', 5, 16, 25),
(315, '2019-02-21 00:00:00', '추천합니다. 많은 도움이 되는 유익한 책입니다', 5, 17, 25),
(316, '2019-02-08 00:00:00', '굿조아요오오', 5, 18, 25),
(317, '2018-12-20 00:00:00', '1장에서 컴퓨터구조론을 접목하여 근본을 설명하고 있습니다. 그것이 나머지 내용들에게까지 영향을 미칩니다. 제 기준에서는 이해가 잘 되는데 비전공자 입장에서는 어려울 수 있겠습니다.', 5, 19, 25),
(318, '2018-12-03 00:00:00', '조시형대표님 강의를 들었는데 강의에서 들었던 내용에 대한 총 정리 같아서 좋아요오라클 성능고도화보다도 훨씬 잘읽혀요확실히 독자를 배려해서 친절하게 쓰신 느낌이 들어요물론 디비에 대해서 전혀 모르는 사람이 읽기에는 어려움이 있을 수 있지만 조금씩 알아가는 입장에서는 이렇게 좋은 책이 없네요 ㅎㅎㅎ', 5, 20, 25),
(319, '2018-09-28 00:00:00', '철저히 개발자를 위한 책입니다. 되도록 쉽게 설명하기 위해서 풀어서 상세하게 설명하고 있고, 개발자가 굳이 몰라도 되는 내용은 과감히 뺐습니다.오라클성능고도화를 공부하다가 포기하신분은 이 책을 먼저 읽고 다시 오라클성능고도화를 공부하면 쉽게 읽힐 것 같습니다.다만, sqlp 를 목표로 하는 수험생은 오라클 성능고도화를 반드시 봐야 됩니다.', 5, 21, 25),
(320, '2018-06-14 00:00:00', '책 좋아요 ㅎㅎ', 5, 22, 25),
(321, '2022-12-15 00:00:00', '인사이트가 있는 책입니다.', 5, 1, 27),
(322, '2022-12-05 00:00:00', '인사이트가 있는 책입니다. 추천합니다', 5, 2, 27),
(323, '2022-11-27 00:00:00', '비전공자라 이해하기 힘든 용어들을 알 수 있어 좋아요', 5, 3, 27),
(324, '2022-11-18 00:00:00', '많은 도움이 되는 도서이며, 배송은 말할것도 없이 깔끔하고 빠르게 진행되었습니다. 포인트 등 교보문고에서 구입하는 만족감이 큽니다.', 5, 4, 27),
(325, '2022-11-10 00:00:00', '예시를 통한 지식 전달 방식이 이해도를 높였음', 5, 5, 27),
(326, '2022-10-31 00:00:00', '배송도 빠르고 도움도 되네요 !', 5, 6, 27),
(327, '2022-10-25 00:00:00', '비전공자를 위해 이해할 수 있게 쉽게 정리되어 있어요.', 5, 7, 27),
(328, '2022-10-25 00:00:00', '공부하려고 구매..', 5, 8, 27),
(329, '2022-10-24 00:00:00', '딱 IT업계에 관련된 업계의 사람들이 공통적으로 알고있기 좋은 내용들입니다', 5, 9, 27),
(330, '2022-10-23 00:00:00', '업무에 필요해서 구매했어요 잘 읽히고 이해가 잘 되요', 5, 10, 27),
(331, '2021-11-06 00:00:00', '비전공자입니다. 책 내용은 매우 좋습니다. 그러나 가격에 비해 내용이 적다는 생각이 큽니다.', 5, 11, 27),
(332, '2021-12-30 00:00:00', '비전공자로 소프트업계와 일하게되어 유트브로 공부하다가 알게되어 읽었습니다. 쉽게 설명되어 있어요 진짜 비전공자를 위한 책입니다', 5, 12, 27),
(333, '2021-12-26 00:00:00', '제목답게 IT에 대해서 전혀 모르는 사람도 이해할 수 있고 어려운 IT용어를 쉽게 설명해주셔서 왠지모를 자신감이 생기는 기분이 듭니다', 5, 13, 27),
(334, '2021-12-17 00:00:00', '천천히 읽고 있어요.', 5, 14, 27),
(335, '2021-12-05 00:00:00', '도움되고 좋습니다!', 5, 15, 27),
(336, '2021-12-02 00:00:00', '잘 읽었습니다 내용 괜찮네요.', 5, 16, 27),
(337, '2021-11-25 00:00:00', '실무보다는 IT 분야의 기본이론같은 서적. 원리가 궁금하고 전반적인 이해가 하고 싶을 때 읽으면 좋은 책.', 5, 17, 27),
(338, '2021-11-21 00:00:00', '공부하려고 샀습니다. 기대됩니다.', 5, 18, 27),
(339, '2021-11-09 00:00:00', 'IT 지식에 대해 궁금한 점이 많았는데, 도움이 되었다..!', 5, 19, 27),
(340, '2021-10-31 00:00:00', '큰 틀을 잡는데 유용한 책입니다 :)', 5, 20, 27),
(341, '2021-08-11 00:00:00', '좋아요 좋아요 좋아요', 5, 21, 27),
(342, '2021-08-08 00:00:00', '이분야가 쉬운분야는 아니지만 정독하는데 괜찮아 보이는 책입니다.', 5, 22, 27),
(343, '2021-08-03 00:00:00', '비전공자 실무자가 IT를 한 번 맛보기에 좋습니다.', 4, 23, 27),
(344, '2021-08-03 00:00:00', 'IT에 대해 아무것도 몰라서 이해차원에서 구입했어요. 아주 명쾌하게 이해는 안 가지만 그래도 얼추 이런거구나~ 알 수 있었어요. 한번 더 읽어야 저는 이해할 것 같아요! 비전공자를 위해 이런 책이 있어서 좋네요', 5, 24, 27),
(345, '2021-07-21 00:00:00', '비 전공자도 IT지식을 이해하는데 큰 도움이 됩니다', 5, 25, 27),
(346, '2021-07-14 00:00:00', '차라리 블로그 티스토리에서 찾아보는게 더 유익할듯 합니다', 2, 26, 27),
(347, '2021-07-14 00:00:00', '열심히 공부해보겠습니다~', 5, 27, 27),
(348, '2021-07-09 00:00:00', '이렇게 읽기 쉬운 책이 있었다니...깊은 지식을 습득하려하기 전에 꼭 한번 이 책을 읽어 전반적인 개념과 구조를 명확히 할 수 있게 되기를 바랍니다.', 5, 28, 27),
(349, '2021-06-02 00:00:00', '아이가 좋아하는 책이예요', 5, 29, 27),
(350, '2021-05-19 00:00:00', '비전공자+실무자인데 재밌게 읽었습니다.', 5, 30, 27),
(351, '2022-04-07 00:00:00', '내용이 알차고 좋습니다!', 5, 1, 28),
(352, '2022-10-09 00:00:00', '읽어보니깐 너무 좋았습니당.....!', 5, 2, 28),
(353, '2022-09-06 00:00:00', 'JPA에 대해 기본부터 공부할 수 있는 책', 5, 3, 28),
(354, '2022-07-09 00:00:00', 'JPA에 대한 많은 내용을 담고 있어서 도움이 됩니다.', 5, 4, 28),
(355, '2022-05-07 00:00:00', '좋은책입니다. 이책은 표지가 뭐 묻은거 같은데 원래 그런겁니다.', 5, 5, 28),
(356, '2022-01-09 00:00:00', 'jpa 개념과 동작원리를 최대한 쉽게 설명하려고 서술되었다', 5, 6, 28),
(357, '2021-12-14 00:00:00', '책이 너무 오래됐다처음 나올 당시에는 좋은 책이었겠지만지금은 환경이 많이달라져서 쓸데 없는부분이나 안맞는 부분이 꽤 많다이 때문에 초심자가 기본서로 보기에는 좋지 않아 보인다', 5, 7, 28),
(358, '2021-08-31 00:00:00', '공부해봐야겠어요 잘보겠습니다', 5, 8, 28),
(359, '2021-07-01 00:00:00', 'JPA는 이거 하나면 끝!', 5, 9, 28),
(360, '2021-05-28 00:00:00', '자바 ORM 표준 JPA 프로그래밍(에이콘 오픈 소스 프로그래밍 시리즈)', 5, 10, 28),
(361, '2021-03-16 00:00:00', '도움이 많이 됩니다.', 5, 11, 28),
(362, '2020-02-02 00:00:00', '자세한 설명으로 막힘이 없습니다', 5, 12, 28),
(363, '2020-07-18 00:00:00', '도움이 많이 됩니다. 파편화된 인터넷의 정보보다 체계적인 학습이 가능한 책이 좋네요. 너무 비싼게 단점.', 5, 13, 28),
(364, '2020-04-01 00:00:00', 'JPA를 시작한다면 이 책으로!!', 5, 14, 28),
(365, '2019-07-10 00:00:00', '제발 출고 하시는 분은 책의 품질을 검토해 주세요많지는 않았지만 책을 받아 보고 기분이 상한 적이 더러 있었습니다.이 책도 표지가 매우 낡은 느낌이고 끈으로 너무 심하게 조여져서 옆면이 일부 스크래치가 10여 페이지나 있었어요.', 5, 15, 28),
(366, '2019-05-09 00:00:00', '유용해요', 5, 16, 28),
(367, '2019-04-28 00:00:00', '이해가 잘 되네요', 5, 17, 28),
(368, '2019-01-08 00:00:00', 'good조아요오옹', 5, 18, 28),
(369, '2019-01-06 00:00:00', '책은 정말 좋은데 책 상태가 아주 개판이네요.전부터 배송되는 책들이 하나같이 다 문제가 있습니다. 전부터 계속 그랬는데 따로 말은 안해왔습니다만 소비자가 직접 고르고 사는게 아니라고 상태 개판인거 따로 빼놨다가 판매하는게 아닌가 싶은 의심이 들 정도입니다.JPA에 대해 막연하게 공부해보고 싶은 사람들에게는 추천할만한 책입니다. 자세하게 설명이 나와있고 개발에 대해 어느정도 이해도가 있는 사람이라면 충분히 이해할만한 수준입니다.', 5, 19, 28),
(370, '2018-11-28 00:00:00', '좋습니다.', 5, 20, 28),
(371, '2017-04-28 00:00:00', 'mybatis만 쓰다가 jpa를 한번 써볼까 하고 공부해보려고 사본 책. 사길 정말 잘한 책.', 5, 21, 28),
(372, '2017-01-16 00:00:00', '유용합니다.', 5, 22, 28),
(373, '2016-12-30 00:00:00', '음.JPA 국내서적이 이녀석 뿐이죠.내용이 부실하지도 않고. 잘 설명이 되어있어서 좋아요!나중에 버전업 되면서 추가 된거 해서 계정판 나왔으면 좋겠어요.', 5, 23, 28),
(374, '2016-12-29 00:00:00', '기모띠', 5, 24, 28),
(375, '2016-12-27 00:00:00', '정말 쉽고 도움이 많이되네요 ORM이 뭔지 알기 쉽게 설명해놨어요', 5, 25, 28),
(376, '2022-12-05 00:00:00', '잘 받았고 잘 읽어보겠습니다', 5, 1, 29),
(377, '2022-11-14 00:00:00', '정말 좋은 책입니다. 한 번 구매해서 읽어보시는 것을 추천드립니다.', 5, 2, 29),
(378, '2022-11-04 00:00:00', '업무 향상이 느껴집니다', 5, 3, 29),
(379, '2022-10-06 00:00:00', '클린코드는 개발자라면 읽어봐야할 책', 5, 4, 29),
(380, '2022-07-21 00:00:00', '추천 받아서 구매했습니다. 정독할게요', 5, 5, 29),
(381, '2022-07-20 00:00:00', 'clean architecture책에 이어 사봤는데 워낙 유명한 책인 만큼 이름 값을 합니다.', 5, 6, 29),
(382, '2022-06-25 00:00:00', '책이 아주 좋습니다.', 5, 7, 29),
(383, '2022-05-28 00:00:00', '개발자라면 필독도서 입니다~', 5, 8, 29),
(384, '2022-04-26 00:00:00', '추천해서 봤어요 좋아요', 5, 9, 29),
(385, '2022-04-22 00:00:00', '잘읽어볼게요...', 5, 10, 29),
(386, '2021-06-15 00:00:00', '프로그램 개발하는데 유용해요~', 5, 11, 29),
(387, '2021-05-07 00:00:00', '깨끗한 코드를 작성하는 방법은 배우기 어렵다. 단순히 원칙과 패턴을 안다고 깨끗한 코드가 나오지 않는다. 고생을 해야 한다. 스스로 연습하고 실패도 맛봐야한다.', 5, 12, 29),
(388, '2021-05-03 00:00:00', '유용해요 추천합니다', 5, 13, 29),
(389, '2021-02-16 00:00:00', '성장하고자 하는 개발자라면...', 5, 14, 29),
(390, '2020-11-15 00:00:00', '개발자들의 필수책', 5, 15, 29),
(391, '2020-08-05 00:00:00', '이해가 쏙쏙 갑니다.', 5, 16, 29),
(392, '2020-07-25 00:00:00', '자바 개발자는 아니지만 좋은코드를 작성하는 방식에 대해 알 수 있어 좋습니다', 5, 17, 29),
(393, '2020-06-13 00:00:00', '좋은 내용이 많습니다. 예제 코드는 99% JAVA인 것을 사기 전에 꼭 짚고 넘어가냐 합니다', 5, 18, 29),
(394, '2020-05-20 00:00:00', '조금은 레벨업 하고 싶다면,', 5, 19, 29),
(395, '2020-05-14 00:00:00', '좋아요', 5, 20, 29),
(396, '2019-02-09 00:00:00', '이 책을 읽으면 실력이 늘어난다거나 기발한 방법이 떠오르는게 아니라 그동안 자신의 코딩이 얼마나 부족했는지...(흔한말로 개판으로 짠 코딩인지)를 알게된다. 또한 가볍게 읽는다고 해서 클린~하게 코드를 짤 수 있게 되는것도 아니다. 한번 읽고 나면 마음은 앞서가지만 실제로 책의 내용을 코드에 반영하기란 쉽지 않다는걸 또 다시 깨닫게된다. 열심히 읽고 또 읽고 분석해야 겨우 이해하고 적용할 수 있는 어려운 책이란 것도 구입전에 알고 계시길 바란다', 5, 21, 29),
(397, '2019-11-01 00:00:00', '프로그래밍에 대한 생각을 한번 더 하게 해주어서 감사합니다.', 5, 22, 29),
(398, '2019-10-31 00:00:00', '정리가 잘 되어있어요', 5, 23, 29),
(399, '2019-10-22 00:00:00', '내용이 정말 좋네요', 5, 24, 29),
(400, '2019-09-05 00:00:00', '다들 추천해줘서 샀는데 좋응거 같아요 잘 읽히고 어렵지 않아서 좋네요 잘산거 같아요', 5, 25, 29),
(401, '2019-08-29 00:00:00', '잘산것같네요. 입문자들은 한번쯤 정독할만한 책인것 같아요.', 5, 26, 29),
(402, '2019-07-29 00:00:00', '좋습니다. 감사합니다.', 5, 27, 29),
(403, '2019-06-15 00:00:00', '필요해서 샀습니다.', 5, 28, 29),
(404, '2019-05-24 00:00:00', '그돔안의 문제점을 정리해주어서 좋았습니다.', 5, 29, 29),
(405, '2019-01-02 00:00:00', '프로그래머 필독서', 5, 30, 29),
(406, '2022-02-16 00:00:00', '잘 정리되어있습니다.', 4, 1, 26),
(407, '2022-02-03 00:00:00', '솔직히 회로랑 알고리즘은 비전공 개발자면 개빡셈. 알고리즘은 머리가 좋으면 이해할수도 있는데 회로는 이 챕터 보기 전엔 기본서 하나 더 봐야 이해됨. 그 2챕터 제외하곤 나머진 유용하고 제법 쉽게 설명하려고 노력도 하고, 저자가 전반적으로 이해도나 수준이 높아보임. 비전공 개발자면 한번 인내해서 다 읽으면 cs면접엔 자신감이 쌓임.', 4, 2, 26),
(408, '2022-01-20 00:00:00', '컴퓨터공학 지식을 쉽고 빠르게 정독할 수 있는 책', 5, 3, 26),
(409, '2022-01-19 00:00:00', '프로그래밍 개념이 머릿속에 쏙쏙 들어오네요.', 5, 4, 26),
(410, '2022-01-14 00:00:00', '쉽지는\r\n않지만 그래도 기존 교재 대비 읽을만 합니다\r\n좀 빨리 나왔더라면 더 좋았을걸 아쉽네요', 5, 5, 26),
(411, '2022-04-11 00:00:00', '프로그래머가 아니어도 일단 자기가 쓰는 컴퓨터의 작동 원리를 알고 싶다면 읽어도 좋을 책. 다만 이과적 지식(수학의 n진수법/물리학 등)이 있으면 더 잘 이해할 수 있음.', 5, 6, 26),
(412, '2022-03-15 00:00:00', '저자의 엔지니어로서의 60년 내공을 잘 보여주는 책이다.\r\n당신이 60년 내공을 감당할 자신이 있으면 읽어라!\r\n아니면 도전도 하지말자. 60년 뒤에 프로그래밍 시작할듯 ㅋ', 3, 7, 26),
(413, '2022-01-19 00:00:00', '컴퓨터와 소프트웨어 하드웨어 기본 개념을 잘 만들었습니다!', 2, 8, 26),
(414, '2022-01-10 00:00:00', '책 자체는 참 좋다고.. 컴퓨터 전공 근처 가보신 분께서 잘 샀다고 해주시네요 ㅎ 저도 그렇다고 생각합니다. 뒤로 갈수록 다소 어려울 수 있으나 개인적으로는 소장할만 한 것 같습니다.', 5, 9, 26),
(415, '2022-01-08 00:00:00', '예전에 배웠던 내용도 곱씹어가며 정리해가며 잘 읽고 있어요', 5, 10, 26),
(416, '2021-12-06 00:00:00', '정말 강력 추천합니다.', 5, 11, 26),
(417, '2021-11-13 00:00:00', '앞선 다른 리뷰와 같이 방대한 컴공 지식을 다룹니다. 비전공자 출신으로 ai 연구를 하고 있는데, cs 기초를 정리하고 싶어서 구입했습니다. 이 책 한권으로 비전공자가 리뷰를 하기는 어렵지만, 기본서가 될 수는 있습니다.', 5, 12, 26),
(418, '2021-10-15 00:00:00', '재밌고 유익하고 좋아요~', 5, 13, 26),
(419, '2021-10-13 00:00:00', '음 어렵긴 해요. 참고할 책 있으면 좋겠네요.', 5, 14, 26),
(420, '2021-09-09 00:00:00', '어느정도 컴퓨터의 기초에 대해 들어본 적이 있는 상태에서 읽으면, 정리하기 좋은 책', 5, 15, 26),
(421, '2021-07-24 00:00:00', '80년대초 프로그래밍을 처음 접할때 느낌이 새록새록', 5, 16, 26),
(422, '2021-07-21 00:00:00', '글이 많은 편이라 읽는데 시간은 걸리지만, 여러 필수적인 내용을 모두 포함하고 있어 정독하기 좋습니다!', 5, 17, 26),
(423, '2021-07-14 00:00:00', '열심히 공부할께요~~', 5, 18, 26),
(424, '2021-05-23 00:00:00', '곱씹을수록 정말좋은 책 입니다', 5, 19, 26),
(425, '2021-05-20 00:00:00', '내용을 쉽게 설명해주다보니 분량도 늘어나고 약간 책 읽는데 루즈해지는 면은 있습니다. 근데 늘어난 분량에서는 전공서에서 못본듯한 내용도 종종 보여 시간날 때마다 보게될 것 같네요.', 5, 20, 26),
(426, '2021-05-16 00:00:00', '막 프로그래밍을 시작한 시점인데, 이런 책이 나온 건 행운입니다. 보자마자 흥미롭다고 생각는데, 사람 감상이 다 비슷한가봅니다.이만한 볼륨의 책이 나온지 한 달 만에 2쇄라니.잘 읽겠습니다.', 5, 21, 26),
(427, '2021-07-12 00:00:00', '전공자, 비전공자 모두에게 도움이 되는 책입니다', 5, 22, 26),
(428, '2021-07-09 00:00:00', '공부하는데 많은 도움이 될 것 같아요.', 5, 23, 26),
(429, '2021-07-09 00:00:00', '공부하는데 많은 도움이 될 것 같아요.', 5, 24, 26),
(430, '2021-06-29 00:00:00', '유익합니다. 추천합니다.', 5, 25, 26),
(431, '2021-06-20 00:00:00', '정독해서 읽어야될 책', 5, 26, 26),
(432, '2021-06-07 00:00:00', '유익합니다. 추천합니다.', 5, 27, 26),
(433, '2021-06-07 00:00:00', '하드웨어를 토대로 프로그래밍 기초를 만드는데 도움이 됩니다', 5, 28, 26),
(434, '2021-04-17 00:00:00', '컴퓨터 공학 전공자들이 지식을 정리할 때 읽는 책 비전공자도 재미읽게 있는 이라는 제목은 조금 난감하네요.', 2, 29, 26),
(435, '2021-04-13 00:00:00', '자세히 정독하고 싶어 구입했어요', 5, 30, 26),
(436, '2022-12-05 00:00:00', '정보처리기사 준비에 잘 활용하겠습니다.', 5, 1, 31),
(437, '2022-12-09 00:00:00', '내용이 보기 좋게 구성되어 있네요 ㅎㅎ', 5, 2, 18),
(438, '2022-11-16 00:00:00', '빠르게 실기 시험 합격 할 수 있을 것 같습니다 !', 5, 3, 18),
(439, '2022-10-16 00:00:00', '공부에 아주 도움이 됩니다.', 5, 4, 18),
(440, '2022-10-12 00:00:00', '자세하고 좋아요', 5, 5, 18),
(441, '2022-08-08 00:00:00', '실전모의고사 6회 참고문헌 스타일 설정 이상해요ㅠㅠ 채점프로그램 수정좀해주세요.책에는 기울임만적혀있는데 뭐가 많네요..', 4, 6, 18),
(442, '2020-05-29 00:00:00', '유용해요', 5, 1, 32),
(443, '2022-12-29 00:00:00', '업무 상 필요해서 샀는데 좋습니다', 5, 2, 32),
(444, '2022-12-16 00:00:00', '업무에 많은 도움을 줄 수 있습니다.', 5, 3, 32),
(445, '2022-07-31 00:00:00', '유용하게 만들어짐.', 5, 4, 32),
(446, '2020-08-03 00:00:00', '좋아요.', 5, 5, 32),
(447, '2020-05-25 00:00:00', '책 내용이간단해요', 5, 6, 32),
(448, '2020-03-29 00:00:00', '빠른배송 감사합니다,열심히 읽을예정', 5, 7, 32),
(449, '2019-11-12 00:00:00', '데이터를 분석한 그래프 작성시 꿀팁이 많아 도움 됩니다~', 5, 8, 32),
(450, '2019-09-14 00:00:00', '대학원생인데, PPT나 포스터를 만들 때 많은 도움이 됩니다!', 5, 9, 32),
(451, '2019-05-29 00:00:00', '텍스트의 시각화. 효과적으로 데이터를 보여주는데 참고할 만한 팁이 많아서 회사에 두고 필요할 때 찾아보고 있습니다.', 5, 10, 32),
(452, '2018-03-09 00:00:00', '실무에 도움이 됩니다', 5, 11, 32),
(453, '2017-12-05 00:00:00', '알기 쉬운 사례와 함께 간결하게 설명해줘서 좋아요', 5, 12, 32),
(454, '2017-07-11 00:00:00', '주제별로 분류하여 찾아보기 편함', 5, 13, 32),
(455, '2016-09-07 00:00:00', '디자이너 뿐만이 아니라 실무자들도 꼭 한 번은 읽어봐야 하는 책', 5, 14, 32),
(456, '2022-12-08 00:00:00', '교육 때문에 샀는데 잘 봤습니다!', 5, 1, 33),
(457, '2022-11-19 00:00:00', '해설만 보강되면 좋은 것 같습니다.', 4, 2, 33),
(458, '2022-11-08 00:00:00', 'adsp 자격증 공부에 많은 도움이 되었어요', 5, 3, 33),
(459, '2022-11-07 00:00:00', '비전공자도 보다 쉽게 공부할 수 있었어요', 5, 4, 33),
(460, '2022-11-04 00:00:00', '새로 나온 책은 오류도 없어서 공부하기 좋았어요', 5, 5, 33),
(461, '2022-11-02 00:00:00', '시험에서 출제되는 문제가 많았습니다', 5, 6, 33),
(462, '2022-10-29 00:00:00', '공부하기 좋아요 추천합니다', 5, 7, 33),
(463, '2022-10-17 00:00:00', '유명한 민트 책이죠', 5, 8, 33),
(464, '2022-10-16 00:00:00', '자격증 공부하려고 샀습니다', 5, 9, 33),
(465, '2022-10-08 00:00:00', '아직 보기 전이지만 한번에 붙고싶어요', 5, 10, 33),
(466, '2022-08-15 00:00:00', '솔직히 잘 모르겠어요. 많이 읽는다니 그냥 샀러요', 5, 11, 33),
(467, '2022-08-11 00:00:00', '시험에 꼭 붙었으면 좋겠어요....화이팅!!!!', 5, 12, 33),
(468, '2022-07-27 00:00:00', '이 책 보고 자격증 합격 했습니다!!', 5, 13, 33),
(469, '2022-07-25 00:00:00', '도움되는책이에요 한번에 합격할께요', 5, 14, 33),
(470, '2022-06-27 00:00:00', '데이터 분석 준전문가 과정을 준비하면서 어떤 도서로 할까 했는데 이 책을 선택하고 후회가 없습니다.', 5, 15, 33),
(471, '2022-06-21 00:00:00', '도움이 됩니다 가ㅁ사합니다ㅗㅇ', 5, 16, 33),
(472, '2022-06-15 00:00:00', '기출정리잘되어있고오탈자는홈페이지에서회원가입후확인가능합니다', 5, 17, 33),
(473, '2022-05-24 00:00:00', 'adsp시험 보는데 이책 한권이면 충분한거 같아요! :D', 5, 18, 33),
(474, '2022-05-24 00:00:00', '잘 읽히고 정리가 잘 되어있어요', 5, 19, 33),
(475, '2022-05-23 00:00:00', '기출문제 정리가 깔끔해서 좋았습니다.', 5, 20, 33),
(476, '2022-08-16 00:00:00', '책 리뷰는 처음 남겨봅니다만, 저자와 출판사는 반성하셔야 할 것 같습니다.\r\n우선 책 내용이 너무 빈약해서 뒤에 기출 문제 풀다가 당황했네요 최소한 기출 문제를 실으려면 관련된 이론들은 알려주고 실어야 하는 것 아닌가요. 문제 해설도 빈약한 것은 마찬가지 입니다.\r\n심지어 오타나 문제 오류 등이 공부 시작한 첫 날부터 눈에 들어옵니다..\r\n이 책이 많은 선택을 받았던 이유는 대체재가 없었기 때문인 것 같네요.', 2, 21, 33),
(477, '2022-10-04 00:00:00', '열심히 공부해보겠습니다', 5, 22, 33),
(478, '2022-09-16 00:00:00', '한 번 읽고 합격 끄아앙', 5, 23, 33),
(479, '2022-09-13 00:00:00', '정독하고가면 시험합격 문제없습니다', 5, 24, 33),
(480, '2022-09-12 00:00:00', '다른 책 보셔도 무방합니다. 꼭 이 책을 보실 필요는 없다고 생각합니다. 요즘 좋은 책 많이 나와 있습니다.', 3, 25, 33),
(481, '2022-09-05 00:00:00', '다른책은 본적없어서 비교할 순 없지만 내용이 빈약하긴해도 뒤에 기출만으로 시험은 커버 가능합니다. 오탈자 얘기가 많은데 딱히 눈에 거슬리는 것 저는 없었네요.', 5, 26, 33),
(482, '2022-09-01 00:00:00', '공부하는데 도움 많이 받았습니다!', 5, 27, 33),
(483, '2022-08-29 00:00:00', '이 책 읽고 합격했어요!ㅎㅎ', 2, 28, 33),
(484, '2022-08-29 00:00:00', '데이터분석준전문가 시험 준비하면서 민트책이라는 이 책이 가장 유명해서 이걸로 공부했어요. 해설이나 문제에 간혹가다 오타나 잘못 쓰여진게 있지만 그냥 눈치껏 해석하고 넘어갔어요~ 이론-문제-모의고사-기출 이런 식으로 있어서 시험 전부터 미리 계획 세워서 하면 공부 잘 될것같아요! 저는 벼락치기로 해서 계획대로는 못했지만,, 책에 30일플랜으로 나뉘어 있어서 이대로 해도 좋을거같아요', 5, 29, 33),
(485, '2022-08-22 00:00:00', '해설이 빈약함 ㅎㅎ', 4, 30, 33),
(486, '2022-12-20 00:00:00', '믿고사는 수제비 일단 23년합격 기원 아멘', 5, 1, 37),
(487, '2022-12-13 00:00:00', '초보자도 쉽게 공부할 수 있도록 체계적으로', 5, 2, 37),
(488, '2022-12-12 00:00:00', '저는 비전공자인데, 수제비 선생님들이 직접 찍은 인강 (워너에듀) 과 함께 공부하니까 너무 좋은거 같고, 네이버 카페 수제비가 너무 잘되어있어요. 공부하기 너무 편해요.', 5, 3, 37),
(489, '2022-12-05 00:00:00', '2023 수제비 정보처리기사 필기 책 정말 보고 완벽한 바이블 인것 같습니다.!!!!', 5, 4, 37),
(490, '2022-12-05 00:00:00', '23년도 정보처리기사 준비를 위해 수제비를 선택했습니다. 비전공자들도 이해하기 쉽게 편찬된 내용과 수험을 위한 암기법(두음), 수제비 책의 특징인 기출문제 정리까지! 마지막으로 해당 저자 직강의 인강이 준비되어 있어, 정보처리기사 준비에 매우 도움이 됩니다. 23년도 1차 정보처리기사 준비는 수제비와 함께!', 5, 5, 37),
(491, '2022-12-04 00:00:00', '비전공자에게 최고인 정보처리기사책 수제비!!\r\n2023년 새롭게 도전하면서 공부해나가겠습니다.', 5, 6, 37),
(492, '2022-11-29 00:00:00', '정보처리기사는 수제비!!', 5, 7, 37),
(493, '2022-11-25 00:00:00', '한번에 합격 하도록 하겠습니다.', 5, 8, 37),
(494, '2022-10-29 00:00:00', '학원에서 추천받았어요', 4, 1, 34),
(495, '2022-10-25 00:00:00', '잘 받아서 보고 있습니다.', 5, 2, 34),
(496, '2022-07-23 00:00:00', '설명이 너무 친절해용', 5, 3, 34),
(497, '2022-07-21 00:00:00', '천천히 정독해볼게요', 5, 4, 34),
(498, '2022-06-10 00:00:00', 'C 언어에 대해서 차근차근 알아갈 수 있어서 좋습니다', 5, 5, 34),
(499, '2022-04-19 00:00:00', '잘받았습니다. 빠르고 확실히 좋아요', 5, 6, 34),
(500, '2022-03-18 00:00:00', '배송 잘 받았습니다!', 5, 7, 34),
(501, '2022-01-10 00:00:00', 'c언어를 공부하려고 샀어요', 5, 8, 34),
(502, '2022-01-04 00:00:00', '비유나 이런게 적절해서 이해가 쉬운 편이에요..', 5, 9, 34),
(503, '2021-12-23 00:00:00', '설명이 자세합니다.', 5, 10, 34),
(504, '2021-12-23 00:00:00', '기본 개념을 배우기 좋습니다.', 5, 11, 34),
(505, '2021-08-05 00:00:00', 'C언어 익히기 교습서로 평이한 서술이 강점', 5, 12, 34),
(506, '2021-07-27 00:00:00', '괜히 베스트셀러가 아니네요. 책이 정말 친절해요.', 5, 13, 34),
(507, '2021-07-25 00:00:00', 'c언어 익히기에 정말 좋은 책이에요', 5, 14, 34),
(508, '2021-07-18 00:00:00', '배송이 빨라서 좋아요', 5, 15, 34),
(509, '2021-06-03 00:00:00', '학교 교재로 구입했어요', 5, 16, 34),
(510, '2021-05-18 00:00:00', '출판된 지 11년 정도 지났는데 대단한 입지', 5, 17, 34),
(511, '2021-04-19 00:00:00', '기초부터 설명의 순서가 잘되어 있습니다.', 5, 18, 34),
(512, '2021-04-15 00:00:00', '쉽게 잘읽혀요 ^^', 5, 19, 34),
(513, '2021-04-15 00:00:00', '친구가 새로 공부를 시작해서 구매 했습니다.\r\n다른 책과 비교했는데 이 책이 더 좋다고 하네요.\r\n좋은 입문서가 되길 바랍니다!', 5, 20, 34),
(514, '2021-04-11 00:00:00', '고2 아들이 공부하고 싶다고 해서 사줬는데 잘 읽힌다네요', 5, 21, 34),
(515, '2021-04-03 00:00:00', '책 잘 받았습니다 ㅋㅋ', 5, 22, 34),
(516, '2021-03-22 00:00:00', '주변사람의 추천으로 구매했는데 쉽게 잘 읽혀요', 5, 23, 34),
(517, '2021-03-09 00:00:00', '추천받아서 샀습니다!', 5, 24, 34),
(518, '2021-03-05 00:00:00', '정말 좋은 책이네요. C입문서로 추천합니다.', 5, 25, 34),
(519, '2021-01-05 00:00:00', '잘읽겠습니다감사합니다', 5, 26, 34),
(520, '2020-12-11 00:00:00', '책의 내용은 좋지만 배송된 책상태가 별로 안좋습니다\r\n접힌부분 찢어진부분 찌그러진 부분 선택하실때 잘 생각해보고 구매하시길 바랍니다', 3, 27, 34),
(521, '2020-11-24 00:00:00', '학교에서 완벽하게 배우지 못한 게 너무 아쉬워서 한번 사봤는데 기초가 정말 튼튼하고 설명도 엄청 쉬워서 2주일만에 완독했어요! 이렇게 쉽게 풀어썼는데 필요한 내용이 다 있다는게 놀라울 정도였습니다.', 5, 28, 34),
(522, '2020-11-15 00:00:00', '굳굳', 5, 29, 34),
(523, '2020-10-17 00:00:00', '컴공으로 부전공하는데 선배들이 추천해주셨어요. 과제할때 매우 유용합니다.', 5, 30, 34),
(524, '2021-04-14 00:00:00', '동영상 강의를 듣다가 궁금한점 카페에 1:1 문의글을 남겼는데 저자쌤의 친절한 답변에 감동!!!설명도 잘 되어 있는것 같아서 넘 좋네요^^대박나시길~~~~', 5, 1, 38),
(525, '2022-11-28 00:00:00', '내용이 간략하고 깔끔해서 원하는 기능 설명을 바로 찾을 수 있고, 과제 하는데에 많은 도움이 되었습니다 ', 5, 2, 38),
(526, '2022-09-29 00:00:00', '초보를 위한 기본의 기본 책이나 초보에게는 설명이 적어서 어려울 수 있고 그 다음 단계의 사람에게는 깊이가 부족하다고 느낌', 5, 3, 38),
(527, '2022-09-13 00:00:00', '자세한 설명으로 도움이 됩니다!', 5, 4, 38),
(528, '2022-08-31 00:00:00', '동영상 강의 보면서 초보자가 따라 하기에 쉽게 되어 있는 것 같네요. 페이지 수가 적어 완독에 대한 부담도 적고 칼라로 되어 있어 따라하기도 편하네요', 5, 5, 38),
(529, '2021-08-31 00:00:00', '캐드 완전 초보자 유튜브 강의와 함께 공부 하면 완전 성공 할수 듯 합니다. 첫날 부터 공부 하는데 하루에 강의 5개 공부 목표...', 5, 6, 38),
(530, '2022-12-04 00:00:00', '컴퓨터과학에 문외한 사람에게 추천합니다. 내용이 어렵지 않고 구성이 알차서 쑥쑥 읽히는 책입니다.', 5, 1, 39),
(531, '2022-11-07 00:00:00', '초보자에게 추천하는책, 면접 준비용으론 어려움', 5, 2, 39),
(532, '2022-12-15 00:00:00', '혼공시리즈는 항상 만족감을 주는 것 같습니다.', 3, 3, 39),
(533, '2022-12-05 00:00:00', '유용하게 잘 읽었습니다.', 5, 4, 39),
(534, '2022-12-05 00:00:00', '유용하게 잘 읽었습니다.', 5, 5, 39),
(535, '2022-11-09 00:00:00', '혼자 공부하는 책 시리즈 좋아요', 5, 6, 39),
(536, '2022-11-07 00:00:00', '많은 도움을 주는 책입니다.', 5, 7, 39),
(537, '2022-10-08 00:00:00', '어럽지 않아서 좋습니다', 5, 8, 39),
(538, '2022-09-12 00:00:00', '각 장마다 마무리 페이지로, 용어정리와 함께 확인 문제로 습득여부를 시험해볼 수 있도록 하고 있었고, 별책으로 용어 노트를 제공해 주고 있었다. 중간중간에 있는 ‘여기서 잠깐’ 박스도 매우 유용하다.아직은 100% 모두 다 내 것이 되지는 않았지만, 여기저기 열어보면서 필요할 때마다 도움 받고 싶은 교재이다. 강추하고픈 컴퓨터관련 기초다지기 혼공교재이다.', 5, 9, 39),
(539, '2022-09-11 00:00:00', '컴퓨터 구조와 운영체제에 대해 알아가고 싶은 비전공자와, 수업을 들었더라도 잘 기억이 나지 않아 복습의 필요성을 느끼는 전공자에게 강력히 추천합니다.', 5, 10, 39),
(540, '2022-12-04 00:00:00', '드문드문 정리되지 않은 컴퓨터에 관한 내용을 쉽게 싹 정리할 수 있어서 좋습니다', 5, 11, 39),
(541, '2022-11-07 00:00:00', '벌써 네 번째 읽어보는 혼공 시리즈 책입니다. 이번에는 컴퓨터 구조와 운영체제를 주제로 나왔네요. 저는 솔직히 혼공 시리즈가 너무 쉽다는 이유로 별로 좋아하지 않았습니다. 전공자 입장에서는 더 세부적인 걸 원하게 되는 것 같습니다. 그러나 몇몇 다양한 책을 읽어보니 혼공 시리즈만큼 읽기 편한 책이 없었습니다. 이제는 비전공자 또는 막 공부하기 시작하는 전공생에게 너무 도움이 되는 시리즈라고 느끼고 있습니다.혼자 공부하게 되면 자신이 공부한 지식이 제대로 머리에 남았는지 알기 쉽지 않습니다. 그렇기에 공부한 후에 지식을 점검하는 것은 꼭 필수라 생각합니다. 이 책은 각 장의 마지막에 마무리로 정리를 다시 해주고, 확인 문제를 통해 제대로 공부했는지 점검할 수 있게 해줍니다. 이게 혼공 시리즈의 장점이라 생각합니다.컴퓨터 구조와 운영체제 수업을 선행 학습해보고 싶은 2학년 전공생에게 추천합니다. 제가 컴퓨터구조, 운영체제 수업을 들을 때 이 책이 왜 없었는지 아쉽기만 합니다. 그때로 돌아간다면 수업보다 이 책으로 먼저 공부를 시작했을 것입니다.', 5, 12, 39),
(542, '2022-12-15 00:00:00', '”혼자 공부하는~” 시리즈의 다른 책 처럼 스스로 학습할 수 있도록 잘 다듬어진 책 한권을 끝내면 내 자신이 더 크게 얻을 수 있는 지식의 깨달음을 경험할 수 있도록 잘 안내하고 있어서 ICT를 전공하고 특별히 운영체제나 컴퓨터 구조에 대해 길을 묻는 후배들에게 좋은 길잡이가 될 것이며, 마지막 페이지를 덮을 때쯤이면 스스로 나 자신이 많이 성장해 있음에 대견해 할 것이다.', 5, 13, 39),
(543, '2022-08-30 00:00:00', '혼자서 공부하기에 친절한 책입니다. 만족합니다.', 5, 14, 39),
(544, '2022-09-11 00:00:00', '역시 믿고 보는 혼공 시리즈다. 컴퓨터 구조와 운영체제를 한 권으로 콤팩트하게 다룬 책이라니..컴퓨터과학과 학생이 왜 컴퓨터의 하드웨어 구조를 알아야 하는지부터 시작해서 명령어의 동작 방식을 설명하고, 자연스럽게 운영체제 개념으로 넘어간다. 운영체제가 무엇인지와 프로세스와 스레드가 무엇인지를 소개한 후, 대용량의 연산을 효율적으로 수행하기 위한 멀티 스레딩, 멀티 프로세싱을 설명한다.여기에 추가로 가상 메모리와 파일 시스템까지 설명하는 알찬 책이다.어쩌다보니 코스가 꼬여 아직 컴퓨터 구조, 운영체제 수업을 듣지 못했는데, 수강 전에 개념 다잡기용으로 큰 도움이 될 것으로 기대한다. 아직 컴구, OS를 듣지 못한 (또는 들었으나 기억에 남는 것이 없는) 모든 컴퓨터관련학과 학생들에게 추천한다. 물론 비전공자에게도 정말 친절한 선생님이 되어준다.', 5, 15, 39),
(545, '2022-09-11 00:00:00', '역시 믿고 보는 혼공 시리즈다. 컴퓨터 구조와 운영체제를 한 권으로 콤팩트하게 다룬 책이라니..컴퓨터과학과 학생이 왜 컴퓨터의 하드웨어 구조를 알아야 하는지부터 시작해서 명령어의 동작 방식을 설명하고, 자연스럽게 운영체제 개념으로 넘어간다. 운영체제가 무엇인지와 프로세스와 스레드가 무엇인지를 소개한 후, 대용량의 연산을 효율적으로 수행하기 위한 멀티 스레딩, 멀티 프로세싱을 설명한다.여기에 추가로 가상 메모리와 파일 시스템까지 설명하는 알찬 책이다.어쩌다보니 코스가 꼬여 아직 컴퓨터 구조, 운영체제 수업을 듣지 못했는데, 수강 전에 개념 다잡기용으로 큰 도움이 될 것으로 기대한다.아직 컴구, OS를 듣지 못한 (또는 들었으나 기억에 남는 것이 없는) 모든 컴퓨터관련학과 학생들에게 추천한다. 물론 비전공자에게도 정말 친절한 선생님이 되어준다.', 5, 16, 39),
(546, '2022-09-04 00:00:00', '가려웠던 부분을 긁어주는 느낌. 내가 무엇을 모르는지 감이 안잡히는 대학교를 막 졸업한 사람들에게 추천해주고싶다. 물론, 이론적인 내용을 다시 짚어보고싶은 이직 준비자에게도 추천해주고 싶다.', 5, 17, 39),
(547, '2022-09-04 00:00:00', '컴퓨터구조, 운영체제 공부', 5, 18, 39),
(548, '2022-11-27 00:00:00', '자바스크립트를 배우기시작한지 한달도 안된시점에서 책을 읽었는데 최신 구문들을 다루고 있어서 오히려 내 입장에서는 옛날구문들이 낯설었다. 내용자체가 쉽지는 않고 원리에대한 설명들이 많다. 이해하기 쉽지는 않지만 한페이지씩 넘길때마다 코드가 어떻게 동작하는지 알아가는 재미가있고 왜 내 코드가 에러도 안뜨는데 이상하게 동작했는지 알게되는 기적을 경험했다. 코드가 동작하는 원리를 알아야 더 좋은 코드를 짤수있다는점을 또 한번 배우게 되었고 앞으로 자바스크립트에 대해 어떤 걸 더 배우게 될지 알수있어서 좋았다.', 5, 1, 41),
(549, '2022-11-20 00:00:00', '19차 개발자 리뷰어에 신청하여 이 책을 받아본 사람입니다. 웹 취약점 점검 실습을 위해 홈페이지를 만들어 보고 싶었는데 자바스크립트가 쓰일 수 있다고 하여 이 책 리뷰어로 신청하여 받았습니다. 중급이상용으로 저자분이 책을 집필하신거 같으며 책 읽기에 편한 구조는 아니지만 구글 및 유투브를 참고하며 꾸준히 읽으면 나쁘지 않은거 같네요 다만 책이 700페이지가 넘어가다 보니 분권이 되있으면 더 좋겠다는 아쉬움은 있었습니다. 공부하기에 좋은 책 잘 읽고 갑니다^^', 5, 2, 41),
(550, '2022-09-15 00:00:00', '내용은 굉장히 좋습니다만, 간간히 번역이(문체가) 이상하게 되어 있어 읽는 것이 어려운 부분이 종종 있습니다.', 5, 3, 41),
(551, '2022-08-17 00:00:00', '최신 명세를 깊이있게 알려줌. 중급 이상 추천', 5, 4, 41),
(552, '2022-12-15 00:00:00', '업무에 많은 도움이 됩니다', 5, 1, 36),
(553, '2022-11-30 00:00:00', '도움됩니다 보고서 잘 쓰려고 샀어요', 5, 2, 36),
(554, '2022-12-21 00:00:00', '좋은 내용입니다. 추천해요', 5, 3, 36),
(555, '2022-02-19 00:00:00', '첫 직장에서 보고서 작성으로 욕 먹지 않기 위해', 5, 4, 36),
(556, '2022-12-21 00:00:00', '보고서 작성법처럼 간결하고 전달력 있는 책이에요. 덕분에 글쓰는 법 많이 배웠어요!', 5, 5, 36),
(557, '2022-10-12 00:00:00', '감사 합니다. 잘 읽겠습니다.', 5, 6, 36),
(558, '2022-10-15 00:00:00', '아주 유용해요^^ 추천', 5, 7, 36),
(559, '2022-05-16 00:00:00', '감사 합니다. 잘 읽겠습니다.', 5, 8, 36),
(560, '2022-05-19 00:00:00', '핵심메시지를 간결하게 요약을 잘하는 것이 모든 문서의 관건. 그동안의 업무 스타일에 대해서 돌아보게 되었고, 도움도 많이 받았습니다.', 5, 9, 36),
(561, '2022-06-18 00:00:00', '회사에서 보고서를 작성하게 됩니다.', 5, 10, 36),
(562, '2022-12-15 00:00:00', '실무적이에요', 5, 11, 36),
(563, '2022-12-17 00:00:00', '좋아요.', 5, 12, 36),
(564, '2022-01-06 00:00:00', '회사에서 보고서를 쓸때 도움이 많이 됩니다', 5, 13, 36),
(565, '2022-03-13 00:00:00', '보고서 작성 실무에 큰 도움이 됩니다.', 5, 14, 36),
(566, '2022-11-26 00:00:00', '넘 잘 받았고, 작은 선물도 감사했습니다.', 5, 15, 36),
(567, '2022-11-27 00:00:00', '요약이 잘 되어있어 비교적 어렵지않게 접근할 수 있었습니다.', 5, 16, 36),
(568, '2022-08-25 00:00:00', '보고서 쓸때 많은 도움이 됩니다', 5, 17, 36),
(569, '2022-10-11 00:00:00', '좋은 책이에요 잘 정독하고 실무에 반영토록 하겠습니다!', 5, 18, 36),
(570, '2022-10-14 00:00:00', '실무에 적용가능해 유익했습니다', 5, 19, 36),
(571, '2022-10-23 00:00:00', '보고서쓰기 공부하려 구매했어요~^^', 5, 20, 36),
(572, '2022-11-19 00:00:00', '너무 좋아요 ㅋㅋ 강력추천', 5, 21, 36),
(573, '2022-10-11 00:00:00', '도움이 됩니다 아주 좋네요', 5, 22, 36),
(574, '2021-05-05 00:00:00', '마치 자습서를 읽으며 하나하나 알아가는 느낌입니다.', 5, 23, 36),
(575, '2022-12-12 00:00:00', '잘 받았습니다 고맙습니다', 5, 1, 42),
(576, '2022-11-23 00:00:00', '자격증 공부 해 보려고 해요', 5, 2, 42),
(577, '2022-11-19 00:00:00', '수험생 시험치고 자격증 도전', 5, 3, 42),
(578, '2022-11-19 00:00:00', '수험생 시험끝나고 자격증 도전해 봅니다', 5, 4, 42),
(579, '2022-11-14 00:00:00', '홈페이지도 잘 되어 있어서. 컴활 준비하고 있다면 꼭 추천해요', 5, 5, 42),
(580, '2022-11-13 00:00:00', '책이 분권되고 교재내용도 중요도에 따라 등급이 나누어져있어 바쁘면 중요한것만이라도 볼 수 있게 구성되어져 너무 좋았어요.', 5, 6, 42),
(581, '2022-10-13 00:00:00', '시나공 브랜드는 언제나 컴퓨터 도서 분야에서 믿고 공부할 수 있는 브랜드입니다', 5, 7, 42),
(582, '2022-08-27 00:00:00', '믿고 보는 시나공!', 5, 8, 42),
(583, '2022-12-04 00:00:00', '아직 안 봐봤지만 도움 됐으면 좋겠습니다', 3, 1, 43),
(584, '2022-12-03 00:00:00', '유튜브로 강의들을 수 있어서 좋았너요', 5, 2, 43),
(585, '2022-09-22 00:00:00', '늦게라도 공부를 시작하려 구매했는데 좋아요!', 5, 3, 43),
(586, '2022-09-22 00:00:00', '늦게라도 자격증을 따볼까 싶어 구매했는데 내용이 정말 알차네요 ㅎ', 5, 4, 43),
(587, '2022-08-31 00:00:00', '계속 해야지 하면서 미루다가 마침 인사이트에서 출간!\r\n이번 가을은 러스트와 함께~', 5, 1, 46),
(588, '2022-08-15 00:00:00', '아하.. 러스트란 이런것이었구나', 5, 2, 46);
INSERT INTO `review_info` (`ri_seq`, `ri_date`, `ri_content`, `ri_score`, `ri_mi_seq`, `ri_bi_seq`) VALUES
(589, '2022-08-02 00:00:00', '러스트의 기본을 넘어 심화적인 내용을 접할 수 있고 시스템 프로그래밍을 맛볼 수 있다', 5, 3, 46),
(590, '2022-11-27 00:00:00', '기본적인 개발에 대한 지식이 없는데 도움이되네요', 5, 1, 47),
(591, '2022-11-09 00:00:00', 'AWS와 테라폼을 공부하려고 샀는데 정말 잘 읽어지고 알고 싶은게 가득해서 좋습니다', 5, 2, 47),
(592, '2022-10-16 00:00:00', '내가 못하면 aws한테 시키자.', 5, 3, 47),
(593, '2022-07-21 00:00:00', 'aws를 공부하기 위해 구매했습니다. 정독할게요', 5, 4, 47),
(594, '2022-06-26 00:00:00', '요즘 IT를 구성할때 클라우드 형태로 구성을 많이 합니다.\r\n클라우드는 장점은 서버 및 네트워크 등을 인터넷으로 빌려주는 서비스로, 언제 어디서든지 사용할 수 있다는 장점이 있습니다.\r\n클라우드 서비스를 제공하는 곳은 AWS, Azure, 네이버 클라우드, 구글 클라우드 등 다양하게 서비스하는 곳이 있습니다.\r\n클라우드의 특징은 내가 사용한 만큼 요금을 지불하는 종량제요금제 라는 것입니다.\r\n그래서 돌발적으로 접속 수가 늘어나는 경우에는 오토스캐링을 통해 서버를 늘렸다가 줄일수도 있습니다.', 5, 5, 47),
(595, '2022-04-26 00:00:00', '나쁘진 않은데 막 좋은 책도 아닙니다.\r\n입문자용 난이도인데, 이 책이 아니어도 더 좋게 입문할 수 있는 다른 방법이 많습니다.', 4, 6, 47),
(596, '2022-02-16 00:00:00', '그림이 많아요. 많이', 4, 7, 47),
(597, '2022-01-27 00:00:00', 'AWS를 편하게 그림으로 이해할수 있습니다.', 5, 8, 47),
(598, '2021-12-13 00:00:00', '좋아요 유익하네요 좋아요 유익하네요', 5, 9, 47),
(599, '2021-11-08 00:00:00', '기초적인 내용을 잘 배울 수 있는 책입니다.', 5, 10, 47),
(600, '2021-11-03 00:00:00', '개발에 도전하는 사람이라면 누구나 한 번쯤 사용하게 되는 AWS의 다양한 서비스에 무엇이 있는지, 그리고 그 원리는 무엇인지 기본 지식부터 최신 기술까지 학습할 수 있다.', 5, 11, 47),
(601, '2021-10-29 00:00:00', '웹개발자로 일하면서 AWS는 알아야되는 요소 중 하나라고 생각한다.\r\n\r\nAWS를 사용해보았지만, 제대로 공부해본적이 없었는데 이 책을 통하여 AWS에 대한 기본 개념들을 익힐 수 있었다.\r\nAWS에 대해 이해하기 쉽게 그림을 통하여 설명해주고, 표로 잘 정리해줘서 쉽게 이해할 수 있었다.\r\n\r\nAWS에 대해 깊은 지식을 알고싶은 분들에게는 적합하지 않은 것 같다. AWS를 처음 접하는 입문자나 기본적인 개념들을 익히고 싶은 분들에게 이 책을 추천해주고싶다.', 4, 12, 47),
(602, '2021-10-09 00:00:00', '판단 미스로 구입했네요. ㅠㅠ\r\n그래도 한번 도전 할께요.', 1, 13, 47),
(603, '2021-07-26 00:00:00', '이해하기 쉽게 그림과 함께 기본적인 내용이 담겨 있어 잘 읽히네요', 5, 14, 47),
(604, '2021-07-24 00:00:00', 'AWS 쉽게 그리고 빠짐없이 이해하기 좋은...', 5, 15, 47),
(605, '2021-07-12 00:00:00', 'AWS서비스 특징과 기술적인 요소가 잘 정리되어 있습니다.', 5, 16, 47),
(606, '2021-07-12 00:00:00', 'AWS가 워낙 방대해서 어디서부터 시작해야 할지 막막할 때 부담없이 접하기 좋은 책입니다.AWS 용어와 가장 기본적인 EC2와 VPC 개념을 익히고 RDS, S3 스토리지까지 다루므로 입문자가 필수 기술로 AWS를 쉽게 접해 볼 수 있다는 게 장점입니다.', 5, 17, 47),
(607, '2021-06-28 00:00:00', 'AWS를 아예 모르는 사람이 보기에 좋을 정도입니다.\r\n특별한 기술설명이 들어 있는것도 아니고 S3는 스토리지다..RDS는 데이터베이스다..라는 정도의 설명만 있습니다.\r\n한번이라도 AWS오프교육. 동강 . 블로그 등으로 공부해보신 분들은 굳이 사실 필요없구요.\r\n저도 AWS를 직접 다뤄보진 않았고 동강으로 공부한 정도인데.\r\n이 책 받은 지 2시간만에 다 읽었습니다. 그냥 헌책방에 팔려구요', 3, 18, 47),
(608, '2022-12-16 00:00:00', '아이패드 드로잉에 관심 있으신 초보자들에게 추천합니다. 하나부터 열까지 세세하게 알려줘서 좋았어요', 5, 1, 45),
(609, '2022-11-22 00:00:00', '그림그리기가 은근히 사람에게 안정과 기쁨을 줘요', 5, 2, 45),
(610, '2022-09-27 00:00:00', '중고책옴 걍 서점서구입하세요', 5, 3, 45),
(611, '2022-09-22 00:00:00', '작가님 그림을 좋아해서 인스타 구경하다 아이패드드로잉 책을 구매하였습니다. 자세하고 예제도 귀여운 그림이여서 만족합니다', 5, 4, 45),
(612, '2022-09-21 00:00:00', '제가 몰랐던 여러가지 팁들이 수록되어 있어서 더 열심히 배우고 있습니다. 손으로 직접 그리는건 처음이라 사용법은 알아도 어설프게 사용하고 있었는데 덕분에 잘 배우고 있어요.이 책 다 마스터 하면 어느정도 막힘없이 프로크리에이트를사용할수 있을거 같아요. 책으로 배우는게 훨씬 많이 배울수 있네요. 동영상 강좌도 적당하네요.', 5, 5, 45),
(613, '2022-09-21 00:00:00', '책 제목처럼 혼자 해도 프로 작가처럼 잘 그릴 수 있는 알찬 책입니다.', 5, 6, 45),
(614, '2022-09-12 00:00:00', '아이패드 활용도를 120% 증가시켜준 책..아이패드 병에 못이겨 구매 후 영상용으로 방치하던 사람들에게 강력추천합니다.', 5, 7, 45),
(615, '2022-09-09 00:00:00', '이쁜일러스트와 함께 아이패드 크리에이티브를 익힐수 있어서 너무나 좋네요', 5, 8, 45),
(616, '2022-08-21 00:00:00', '따라 그리고 배우기 쉽게 설명 되어있어 좋아요', 5, 9, 45),
(617, '2022-08-07 00:00:00', '초보한테 도움되는 내용이에요', 5, 10, 45),
(618, '2022-07-28 00:00:00', '정말 친절한 지침서입니다....책 사기 전에 우연히 다른툴이랑 프로크리에이트 사용법 검색했는데 작가님 유튜브채널이나오더라구요!그래서 열심히 보고 따라했고 마침 그때가 딱 책 내셨을때라 바로 가서 샀습니다ㅎㅎㅎ책보고 따라하기 태어나서 처음으로 끝을본것같아요;친절하고 유용하고 호로록 읽힙니다 정말 강추!', 5, 11, 45),
(619, '2022-07-21 00:00:00', '정리도 잘되있고 기초가 좋아요', 5, 12, 45),
(620, '2022-07-10 00:00:00', '일단 초보자가 알기쉽게 구성되어 읽고 궁금할수 있는 부분을 언급해주고 정리도 해주니 좋아요~ 하다보면 잘 몰라서 하다 말게 되는데 중간중간 동영상도 첨부되어 있어서 이해가 잘 되고 아이패드 활용법도 짧지만 알차게 구성되어 있네요', 5, 13, 45),
(621, '2022-07-06 00:00:00', '좋은 경험이 될꺼 같내요. 작가로 입문 하려면 여러가지 봐야 할꺼 같내요', 5, 14, 45),
(622, '2022-07-07 00:00:00', '작가님의 브러쉬도 좋고 디테일한 프로크리에이트 기능 설명이 진도 따라가기 편합니다', 5, 15, 45),
(623, '2022-12-19 00:00:00', '이해하기 쉬운 설명', 5, 1, 49),
(624, '2022-12-15 00:00:00', '매우 유익한 책이었습니다.', 5, 2, 49),
(625, '2022-12-14 00:00:00', '어려운 내용이 쉽게 되어있네용!!', 5, 3, 49),
(626, '2022-12-13 00:00:00', '매우 도움 됩니다. 추천', 5, 4, 49),
(627, '2022-12-08 00:00:00', '생각보다 그렇게 많이 도움되지는 않아요. 광고빨인듯', 5, 5, 49),
(628, '2022-12-06 00:00:00', '회사 입사후 엑셀이 버거웠는데 많은 도움이되었습니다. 사실 책 제목이 너무 마음에 와닫아서 샀는데 정말 회사에서 엑셀 쓰시는 분들의 필독서로 추천합니다.', 5, 6, 49),
(629, '2022-11-25 00:00:00', '이해가 쉽고 좋네요', 5, 7, 49),
(630, '2022-11-23 00:00:00', 'VLOOKUP 함수를 이 책 보고 비로소 완벽히 이해했네요.', 5, 8, 49),
(631, '2022-11-17 00:00:00', '6년전 저희 회사 임직원분들 강의때부터 뵈었었는데, 책도 보니 너무 쉽고 이해가 잘되게 잘쓰셨군요. 항상 감사합니다!', 5, 9, 49),
(632, '2022-11-16 00:00:00', '만족합니다. 그렇게 도윰되는지는 잘.', 5, 10, 49),
(633, '2022-09-22 00:00:00', '엑셀 급하게 배워야되서 이책 샀어요! 표지부터 쏙쏙 눈에들어오고 내용도 쉽게 설명되있어서 이해하기 편하네요. 저같은 엑셀 왕초보자 한테는 진짜 큰 도움됩니다!', 5, 11, 49),
(634, '2022-11-15 00:00:00', '제발 다 읽지도 못하는 엑셀 책들 말고 이거 보고 시간도 돈도 단축하세요!', 5, 12, 49),
(635, '2022-11-10 00:00:00', '엑셀이 쉽게 이해되고 활용하는데 많은 도움이 됐습니다!', 5, 13, 49),
(636, '2022-11-05 00:00:00', '5일동안 한 번 돌렸습니다. 일의 생산성과 효율성을 높여보겠습니다!', 5, 14, 49),
(637, '2022-11-01 00:00:00', '회사는 엑셀을 가르쳐주지 않기에', 5, 15, 49),
(638, '2022-09-27 00:00:00', '1~2day class!! perfect!!!탈잉vod 수강자로서 강추합니다. 초보자, 엑셀에 자신이 없는 분에게 추천합니다.엑셀에 자신이 없어 등에서 식은땀을 흘렸던 때가 생각나네요!쉽게~ 편하게~ 설명되어 더이상 참고서가 필요없어요. 초보자라도 1~2일이면 완독이 가능해요.', 5, 16, 49),
(639, '2022-09-12 00:00:00', '공부하기 좋아요 추천합니다', 5, 1, 44),
(640, '2022-09-01 00:00:00', '스터디카페가 있어서 좋아요.', 5, 2, 44),
(641, '2022-12-15 00:00:00', '빅데이터 분석과 관련된 개념들을 차근차근 정리해 볼 수 있었습니다.', 5, 3, 44),
(642, '2022-12-11 00:00:00', '추천합니다. 역시 공부는 시나공', 5, 4, 44),
(643, '2022-11-19 00:00:00', '열심히 공부해 보겠습니다.', 5, 5, 44),
(644, '2022-09-29 00:00:00', '이기적 수험서 시리즈는 혼자 공부하는 혼공에 최적화되어 있기 때문에 자격증 따려고 굳이 학원을 가지 않아도 된다', 5, 6, 44),
(645, '2022-09-28 00:00:00', '가격도 저렴하고 내용도 좋습니다.', 5, 7, 44),
(646, '2022-09-17 00:00:00', '책뿐만 아니라 스터디카페도 이용가능해서 좋네요~', 5, 8, 44),
(647, '2022-09-13 00:00:00', '4회차 시험이 반영되어 있어서 5회차 대비하기 좋은 것 같습니다.', 5, 9, 44),
(648, '2022-09-13 00:00:00', '벼락치기에 최적화된 이기적 수험서!!!!!!', 5, 10, 44),
(649, '2022-12-15 00:00:00', '지피지기면 백전백승! 이라는 말이 있죠.우리 모두 빅데이터 분석기사 한번에 합격 갑시다~!', 5, 11, 44),
(650, '2022-05-23 00:00:00', 'C# ,c언어보다는 간편화가살짝되있어서좋았습니다', 5, 1, 48),
(651, '2022-05-06 00:00:00', '내용은 좋지만, 프로그래밍 언어를 처음 접하는분이 이 책을 보고 공부하기는 어려우실 것 같습니다.', 5, 2, 48),
(652, '2022-05-01 00:00:00', '싑고 좋습니다! 감사히 읽겠습니다~', 5, 3, 48),
(653, '2022-01-05 00:00:00', 'C#에 대해서 더 많이 알 수 있게 되었습니다.', 5, 4, 48),
(654, '2021-12-25 00:00:00', '만족합니다~ 좋아요~', 5, 5, 48),
(655, '2021-10-13 00:00:00', '업무에 도움이 되고 있습니다.', 5, 6, 48),
(656, '2021-09-01 00:00:00', 'C#공부하고 마스터하기에 참 좋은 책', 5, 7, 48),
(657, '2021-08-25 00:00:00', '고등학생 전문서적으로 구입했어요', 5, 8, 48),
(658, '2021-08-05 00:00:00', '기초부터 다시 보고 싶다는 분들에게 추천!', 5, 9, 48),
(659, '2021-07-09 00:00:00', 'C# 공부할때 꼭 필요해요', 5, 10, 48),
(660, '2021-06-08 00:00:00', 'C# 독학하는데 좋습니다.', 5, 11, 48),
(661, '2021-05-22 00:00:00', '감사히잘읽겠습니다 ㅎㅎ', 5, 12, 48),
(662, '2021-05-12 00:00:00', 'C# 초보자 입문용 으로 딱 이네요 ^^*', 4, 13, 48),
(663, '2021-04-08 00:00:00', '부담스럽지 않은 입문서', 5, 14, 48),
(664, '2021-04-06 00:00:00', '시간날때 보기위해 주문한 책 이네요. 잘 읽히고 좋아요.', 5, 15, 48),
(665, '2021-04-05 00:00:00', 'c# 기초 이해하기에 좋아요!!', 5, 16, 48),
(666, '2021-03-12 00:00:00', '예제가 있어 이해하기 좋습니다. 기초를 배우거나 다른 언어를 배우신 분들에게 좋아요', 5, 17, 48),
(667, '2021-03-11 00:00:00', '예제 기반의 설명으로 C# 개념을 이해하는 데 도움을 준다.', 5, 18, 48),
(668, '2022-09-09 00:00:00', '유용한 책인것은 분명하나 개정 2판임에도 불구하고 검수를 안하신건지 오탈자가 너무 많습니다. 초반에는 없으나 읽으면 읽을수록 많네요. 자잘한 오탈자까지는 이해하나 복붙된 내용도 있고 심지어 예제 코드에서 다른 내용의 코드가 복붙된 경우도 있어요. 깃헙을 참고하면 되긴 하지만 제 값을 주고 산 사람으로서 안좋은 마음이 조금 있네요', 5, 1, 50),
(669, '2022-10-04 00:00:00', '너무나도 큰도움이 되는 책입니다 꼭 추천드립니다', 5, 2, 50),
(670, '2022-08-14 00:00:00', '파이썬 머신러닝 완벽 가이드(2판)(위키북스 데이터 사이언스 시리즈 81)', 5, 3, 50),
(671, '2022-06-25 00:00:00', '책이 아주 좋습니다.', 5, 4, 50),
(672, '2022-06-21 00:00:00', '파이썬 머신러닝 공부에 이거보다 좋은책 없음', 5, 5, 50),
(673, '2022-06-17 00:00:00', '매우 좋은 책입니당', 5, 6, 50),
(674, '2022-06-05 00:00:00', '이론설명과 실습구성이 잘 되어있어서 지루하지 않게 보았습니다', 5, 7, 50),
(675, '2022-05-21 00:00:00', '지난 기억을 되새기고 제대로 입문을 해보자는 생각으로 샀습니다.', 5, 8, 50),
(676, '2022-04-29 00:00:00', '권철민 작가님 온라인 강의를 보고 구매했어요. 사길 정말 잘했습니다. 꼭 사세요', 5, 9, 50),
(677, '2022-12-18 00:00:00', '이쪽에 대해 정말 하나도 모르는 사람도 책을 쫓아가다보면 어느새 상품을 등록하고 있는 본인 모습을 보게 될 것 같습니다.', 5, 1, 51),
(678, '2022-12-17 00:00:00', '스마트 스토어 운영에 관심이 생겨 구입했는데 이 책 한 권으로 핵심은 물론 세세한 정보까지 모두 얻을 수 있었습니다. 정말 추천합니다~', 5, 2, 51),
(679, '2022-12-17 00:00:00', '초보가 읽기에 정리가 잘되어있고 쉽게 읽힙니다.', 5, 3, 51),
(680, '2022-12-16 00:00:00', '아직 다 읽진 못했지만 가독성 좋은 구성으로 잘 읽혀요', 5, 4, 51),
(681, '2022-12-16 00:00:00', '현금흐름의 중요성을 알게되었고 그 방법중에 온라인셀러가 되면 좋겠다는 생각으로 책을 구매했습니다. 책이 두께만큼 설명도 너무 자세히 되어있고, 네이버카페도 있어서 가입했습니다.', 5, 5, 51),
(682, '2022-12-14 00:00:00', '지인추천으로 구매해서 책내용대로 실습중이에요. 어려운절차도 쉽게 기재되어있어 교과서처럼 잘 배우고있습니다. 좋은정보 감사합니다^^', 5, 6, 51),
(683, '2022-12-13 00:00:00', '하나씩 그냥 따라하기만해도 된다는 글을 보고 구매하였습니다', 5, 7, 51),
(684, '2022-12-13 00:00:00', '구성 괜찮네요~', 5, 8, 51),
(685, '2022-12-12 00:00:00', '스마트 스토어를 시작하고 싶은데 막막해서 찾아보다 구매했습니다.', 5, 9, 51),
(686, '2022-12-09 00:00:00', '초보자도 따라하기 쉽게 모든 과정이 캡쳐 된 화면으로 구성되어있어요. 막막했던 사업자 등록부터 마켓 개설, 도매사이트 이용방법, 상위노출, CS까지 모든 과정이 책에 들어있어요. 바로 적용할 수 있는 지침서입니다.', 5, 10, 51),
(687, '2022-12-07 00:00:00', '쉽게 따라할 수 있고 자세하게 나와있어서 좋아요 강추합니다!!', 5, 11, 51),
(688, '2022-12-06 00:00:00', '스마트스토어의 기초도 몰랐던 제가 사업자를 내고 한걸음 한걸음 시작할 수 있도록 자세한 설명과 용기를 주는 책입니다.', 5, 12, 51),
(689, '2022-12-05 00:00:00', '어렵게 느껴지기도 하지만 처음은 항상 어려운 법이니 힘을 내어 봅니다.', 5, 13, 51),
(690, '2022-12-04 00:00:00', '따라서 열심히 해보겠습니다.^^', 5, 14, 51),
(691, '2022-12-04 00:00:00', '스마트스토어를 이제막 공부하는데 많은 도움이 되고있어요~ 두꺼운게 그만큼 내용이 너무 알차요!!^ㅡ^', 5, 15, 51),
(692, '2022-12-04 00:00:00', '스마트스토어를 시작하는분들에게 강추합니다~ 책이 두꺼운데 그만큼 도움되는 양질의 글들이 많아요!^ㅡ^ 작가님처럼 열심히 해서 성공적인 스토어가 되도록 할꺼에요>< 화이팅!!', 5, 16, 51),
(693, '2022-12-02 00:00:00', '완전 집중되고 처음으로 무언가 열심히 해보고싶은 욕구가 생겼어요 뭘 해야할지 막막했는데 이 책 읽고 한결 나아졌고 벌써 강의 들어볼 생각에 설레요', 5, 17, 51),
(694, '2022-11-30 00:00:00', '하루에 꾸준히 해보겠습니다', 5, 18, 51),
(695, '2022-11-26 00:00:00', '우선 다 읽어 봐야겠지만, 이 책을 통해서 셀럽의 기초 기반을 잘 만들었으면 하네요.', 5, 19, 51),
(696, '2022-11-26 00:00:00', '아직 앞부분리지만 쉽게 정리 되어 있는 거같습니다~', 5, 20, 51),
(697, '2022-11-25 00:00:00', '유용한 정보를 얻을것같습니다', 5, 21, 51),
(698, '2022-11-25 00:00:00', '아무것도 모르는 상태에서 이 책하나로 스마트 스토어 만들고 상품등록하고 모든걸 할수 있어서 좋았어요.', 5, 22, 51),
(699, '2022-11-23 00:00:00', '스마트스토어 관련 리뷰수가 가장 많아서 구입했습니다..다른 책들은 스토어 개설까지를 너무 디테일하게 다루는 바람에 정작 중요한 스토어 관리 부분은 너무 대충 넘어가는 반면에 이책은 가입부터 관리까지 체계적으로 정리를 해서 좋았습니다..', 5, 23, 51),
(700, '2022-11-22 00:00:00', '내용이 좋고 확실한 책이라 바로 고민없이 샀습니다', 5, 24, 51),
(701, '2022-11-22 00:00:00', '몇 달 전부터 막연하게 스스를 하고 싶다는 생각 뿐이었는데 이 책 하나로 바로 실행에 옮길 수 있었습니다!', 5, 25, 51),
(702, '2022-11-21 00:00:00', '관심을 가지고 시작해보고 싶은 마음에 구입했습니다', 5, 26, 51),
(703, '2022-11-17 00:00:00', '초보자에게 아주 친절한 책입니다. 강추합니다.', 5, 27, 51),
(704, '2022-11-16 00:00:00', '책이 설명이 잘 되어 있어서 이해하기 쉬웠어요! 스마트스토어 처음 시작하시는 분들이 읽기 좋은 책 같아요!', 5, 28, 51),
(705, '2022-11-12 00:00:00', '너무 좋아요 온라인 강의를 비싸게 여러군데서 구매하였는데 강의내용들이 와닿지않아 결국에는 도서를 구매하게 되였어요. 너무 알차게 꽉찬 내용에 감탄했습니다. 가성비템입니다. 강추입니다!', 5, 29, 51),
(706, '2022-11-12 00:00:00', '여러군데 온라인강의를 비싸게 구매하였으나 제대로된 내용이 없어서 결국에는 도서를 구매하게 되였습니다. 너무 저렴한가격에 가성비템입니다 강추!!!', 5, 30, 51),
(707, '2022-12-20 00:00:00', '좋은책이에요. 도움이많이되요', 5, 1, 54),
(708, '2022-12-19 00:00:00', '필기랑 병행하려고 샀는데 어려워보이는데 차근차근하면 쉬워요~^^', 5, 2, 54),
(709, '2022-12-12 00:00:00', '잘 받았습니다 고맙습니다', 5, 3, 54),
(710, '2022-12-11 00:00:00', '역시 믿고사는 시나공입니다 ㅎㅎ', 5, 4, 54),
(711, '2022-11-23 00:00:00', '2급을 시나공으로 준비했는데 아주 만족해서 1급도 시나공 선택했습니다.', 5, 5, 54),
(712, '2022-10-23 00:00:00', '집중돼요', 4, 6, 54),
(713, '2022-09-11 00:00:00', '제발 합격하고 싶어요 제발~~~~~', 5, 7, 54),
(714, '2022-08-18 00:00:00', '1트 합격 가즈아!~', 5, 8, 54),
(715, '2022-08-03 00:00:00', '시나공 컴활 자격증 책은 정석이죠!', 5, 9, 54),
(716, '2022-07-26 00:00:00', '시험합격하겠습니다 굿굿', 5, 10, 54),
(717, '2022-10-26 00:00:00', '아키텍처 설계에 많은 도움이 되었습니다.', 5, 1, 52),
(718, '2022-08-16 00:00:00', '소프트웨어 아키텍처의 보편 원칙에 대한 설명', 5, 2, 52),
(719, '2022-07-13 00:00:00', '간단하게 읽을 수 있는 책', 5, 3, 52),
(720, '2022-06-20 00:00:00', '아키텍처의 설계 및 개발에 대하여 꼼꼼하게 잘 설명하고 있습니다.', 5, 4, 52),
(721, '2022-04-27 00:00:00', '클린한 아키텍처를 설계하기 위한 지침서', 5, 5, 52),
(722, '2022-04-07 00:00:00', '내용이 알차고 좋습니다!', 5, 6, 52),
(723, '2022-02-08 00:00:00', '좋은 내용을 알게해준 저자에게 감사 드립니다', 5, 7, 52),
(724, '2022-01-19 00:00:00', '클린 코드에 이은 클린 아키텍처. 코드를 위해 정말 필요한 내용만 가득합니다.', 5, 8, 52),
(725, '2022-01-16 00:00:00', '가볍게 내용 정리하는 데 좋은 것 같아요', 5, 9, 52),
(726, '2022-01-15 00:00:00', '아직 읽어 보진 않았지만, 설계 관점에서 도움이 될 수 있는 책이라고 생각합니다.', 5, 10, 52),
(727, '2021-06-18 00:00:00', '빠른 배송 감사합니다!책도 깔끔하고 프로그램 개발하는데 유용하네요~', 5, 11, 52),
(728, '2021-11-24 00:00:00', '기술 습득용으로 구입했습니다.', 5, 12, 52),
(729, '2021-08-06 00:00:00', '배송이 빨라서 좋아요.', 5, 13, 52),
(730, '2021-07-12 00:00:00', '믿고 읽는 책입니다', 5, 14, 52),
(731, '2021-05-28 00:00:00', '이책 적극 추천합니다!', 5, 15, 52),
(732, '2021-05-23 00:00:00', '회사 개발서로 구입했습니다', 5, 16, 52),
(733, '2021-02-10 00:00:00', 'ㅎㅎ좋아요', 5, 17, 52),
(734, '2020-11-24 00:00:00', '좋은 책 잘 읽겠습니다.', 5, 18, 52),
(735, '2020-09-06 00:00:00', '설계의 중요성을 깨닫게 해 준 책', 5, 19, 52),
(736, '2020-08-24 00:00:00', '해외 평은 별로라 걱정했는데 괜찮은편입니다. 저자의 이전 책을 읽었다면 중복되는 부분이 많아서 실망할 수도 있습니다.', 5, 20, 52),
(737, '2020-07-22 00:00:00', '잘읽었습니다...', 5, 21, 52),
(738, '2020-05-30 00:00:00', '역시 최고의 책입니다', 5, 22, 52),
(739, '2020-04-13 00:00:00', '소프트웨어 아키텍처에 대한 지식을 높이고자 읽게 되었다.', 5, 23, 52),
(740, '2020-02-21 00:00:00', '평소 궁금했던 사항에 대해서 자세한 설명을 익힐 수 있어서 좋습니다.', 5, 24, 52),
(741, '2020-02-16 00:00:00', '클린 아키텍쳐', 5, 25, 52),
(742, '2020-02-14 00:00:00', '코딩을 처음 배울 때부터 알았으면 좋았을 책!', 5, 26, 52),
(743, '2020-01-29 00:00:00', '내가 왜 이제까지....', 5, 27, 52),
(744, '2019-12-16 00:00:00', '유용합니다~~~', 5, 28, 52),
(745, '2019-12-06 00:00:00', '클린 시리즈는 전체적으로 만족도가 높은 것 같습니다.', 5, 29, 52),
(746, '2019-12-01 00:00:00', '아키텍처를 생각하며 개발을 잘하고자 해요.', 5, 30, 52),
(747, '2022-12-14 00:00:00', '우선 항목을 보니 시중에 나와있는 B2B 마케팅 관련 도서 중에 제일 나은것 같네요. 제가 원하던 책인것 같아 기쁜 마음으로 구매합니다. 잘 읽겠습니다. :)', 5, 1, 57),
(748, '2022-10-08 00:00:00', '좋은책인거 같습니다.', 5, 1, 53),
(749, '2022-02-16 00:00:00', '잘 정리된 자세한 내용입니다.', 5, 2, 53),
(750, '2022-02-13 00:00:00', '오브젝트란 무엇일까에 대한 고찰을 하게 됨', 5, 3, 53),
(751, '2022-01-29 00:00:00', '계속 정독해서 읽을 만한 책 리팩토링을 위한 기본이 될 책이라 봅니다', 5, 4, 53),
(752, '2022-01-13 00:00:00', '오브젝트가 무엇인지 알게해주는책', 5, 5, 53),
(753, '2021-12-21 00:00:00', '객체지향 토끼책에 이어 실제 코드를 통해 공부하고 싶다면 놓쳐서는 안될 책', 5, 6, 53),
(754, '2021-10-05 00:00:00', '조영호님의 객체 시리즈 오브젝트 라고 해서 샀다 목차만 봐도 유익하고 내공이담긴 내용이 가득한듯하다 한단계 레벨업하는 계기가 될수있길', 5, 7, 53),
(755, '2021-06-26 00:00:00', '추천받아 구입했어요', 5, 8, 53),
(756, '2020-12-18 00:00:00', 'OOP 학습자들이 꼭 읽어야 할 필독서입니다. 꾸준히 공부해야할 책인 것 같습니다', 5, 9, 53),
(757, '2020-12-08 00:00:00', '깊이있고 진짜 잘 쓰여진 좋은 책이다.\r\n\r\n저자의 의도인지는 모르겠으나, 똑같은 내용을 자꾸 반복해서 설명하고 있기는 하다.\r\n예를들면, 이미 했던 말을 또 한다던지, 앞에서 했던 말을 표현을 조금 다르게 했다던지, 같은 내용을 다시한번 기재한다던지, 이런부분이 너무 많다...\r\n\r\n개인적으로는 객체지향 언어를 사용하는 개발자의 필독서라고 생각될 정도로 좋은 인사이트를 주는 책이라 생각한다.\r\n다만... 같은이야기의 반복을 줄인다면, 더 명확해지고 책 분량도 줄어들어 진입장벽도 낮아지지 않을까 싶다.', 5, 10, 53),
(758, '2019-10-04 00:00:00', '아직 많은 부분을 읽지는 않았지만 좋은 책', 5, 11, 53),
(759, '2022-12-20 00:00:00', '어지간하면 책에 대한 리뷰를 안쓰는데 진짜 좋은 책이라고 생각합니다, 철학이 담긴 책이라고 해야할지, 컴퓨터공학 필수교재가 되었으면 좋겠습니다. 물론 이 분야를 가르칠 수 있는 교수들이 몇명이나 있을지는 모르겠지만...', 5, 12, 53),
(760, '2020-10-05 00:00:00', '선물해줬는데 좋아하네요. 꼼꼼하게 체계적으로 잘 쓰여져서 도움이 많이 될 듯 하네요.', 5, 13, 53),
(761, '2020-09-02 00:00:00', '객체지향의 바이블', 5, 14, 53),
(762, '2020-03-07 00:00:00', '깔끔한 책 한권 쓰기위해 쏟은 정성이 보인다', 5, 15, 53),
(763, '2020-02-05 00:00:00', '설명이 자세하고 알기 쉬워서 좋아요', 5, 16, 53),
(764, '2020-02-04 00:00:00', '개념을 잡고 실무적으로 활용하는데 도움이 됩니다', 5, 17, 53),
(765, '2020-01-10 00:00:00', '객체에 대한 설명을 잘해주셔서 열심히 공부하고 있습니다', 5, 18, 53),
(766, '2019-12-28 00:00:00', '반복해서 읽을만큼 좋은 훌륭한 책입니다. 정말 잘 쓰여진 책입니다.', 5, 19, 53),
(767, '2019-10-20 00:00:00', '객처지향을 더 잘 이해할 수 있을거 같아요', 5, 20, 53),
(768, '2019-06-21 00:00:00', '객체지향이 무엇인지조차도 모르는 이제 막 프로그래밍 언어에 흥미를 가지게 되었습니다. 하지만 굉장히 기대되고 추천받은만큼 열심히 읽으려 합니다. 어려워도 좋은 책이라고 하니 정보찾아가며 공부하며 정독하려구요!!', 5, 21, 53),
(769, '2019-06-15 00:00:00', '객체지향 설계의 정수를 담은 도서이다. 초보 개발자를 넘어 설계자가 되려면 꼭 소장하고 모두 이해해야 할 내용이다. 저자의 명쾌하고 정확한 글들은 참고문헌의 도서를 모두 읽어야 하는 수고를 덜어주고, 올바른 방향으로 이끌어주는 좋은 지침서가 될 것이다.\r\n좋은 소프트웨어 설계 도서를 만들어준 저자의 노력에 감사를 드린다.', 5, 22, 53),
(770, '2019-07-11 00:00:00', '정말 읽고싶었던 책이라 기분 좋게 주문했는데 책이 구겨져서 왔어요. 저번에 깨끗하게 와서 믿고 샀는데 실망이에요', 5, 23, 53),
(771, '2019-07-10 00:00:00', '객체지향에 대해 쉽게 설명되어 있는 책을 읽게 되어 행복 했습니다.\r\n몇 안 되는 다시 읽어 보고 싶은 책입니다.', 5, 24, 53),
(772, '2019-06-11 00:00:00', '프로그래밍 패러다임의 목적인 근본적인 질문을 시작으로\r\n객체지향 목적과 지향점을 자세히 알려줍니다.', 5, 25, 53),
(773, '2022-12-20 00:00:00', 'it지식을 쌓는데 도움돼요', 5, 1, 56),
(774, '2022-12-19 00:00:00', '도서관에서 대출 해 봤는데 눈에 쉽게 들어오지 않아서 구매했어요', 5, 2, 56),
(775, '2022-12-06 00:00:00', '꾸준히 보기에 좋습니다~', 5, 3, 56),
(776, '2022-12-05 00:00:00', '잘 받았고 잘 읽어보겠습니다', 5, 4, 56),
(777, '2022-12-04 00:00:00', 'c programming language 공동 저자가 쓴 책입니다. 오랜 기간 강의 해 온 경험이 녹아든 책입니다.', 5, 5, 56),
(778, '2022-11-14 00:00:00', '처음 제목을 보고 그저 그런 사람이 썼을 거라 생각했는데, 저자가 매우 유명한 분입니다. 번역 또한 훌륭합니다. 컴퓨터에 대한 기초가 없거나 더 알고자 하는 모든 분께 도움이 될 책입니다.', 5, 6, 56),
(779, '2022-10-24 00:00:00', 'UI디자이너나 앱 기획자가 보는 용은 아닌것같아요', 5, 7, 56),
(780, '2022-10-09 00:00:00', 'it 지식 관련해서 실무에 큰 도움이 되는 책입니다.', 5, 8, 56),
(781, '2022-09-18 00:00:00', '도움이 많이 되요 마음에 들어요', 5, 9, 56),
(782, '2022-09-13 00:00:00', '읽기 편하고 잘 읽혀요', 5, 10, 56),
(783, '2022-09-12 00:00:00', '기초지식용으로 읽어보려고 구입했어요. 마음에 듭니다.', 5, 11, 56),
(784, '2022-09-03 00:00:00', '초보자가 봐도 단번에 이해가 되는 입문책입니다', 5, 12, 56),
(785, '2022-09-03 00:00:00', 'IT 분야의 다양한 지식을 얻을수 있어요.', 5, 13, 56),
(786, '2022-09-02 00:00:00', 'IT좀 아는 사람 읽고 나서 이 책을 읽었는데 디테일이 남다르네요 두 책을 같이 읽으니 훨씬 도움이 되는 것 같아요', 5, 14, 56),
(787, '2022-08-26 00:00:00', '정말 컴퓨터에 대해서 전반적인 이해도가 쑥쑥 넘 찾고있던책이라 잘 읽고 있습니다.', 5, 15, 56),
(788, '2022-08-25 00:00:00', '내용이 충실해요 읽기 편안합니다.', 5, 16, 56),
(789, '2022-08-24 00:00:00', '관심분야라서 구매했습니다.', 5, 17, 56),
(790, '2022-08-24 00:00:00', '일때문에 컴퓨터를 사용하면서도 자세히 모르는게 답답해서 구매했는데 잘 산것 같아 넘 좋아요', 5, 18, 56),
(791, '2022-08-13 00:00:00', '종이책구매자ho***|2022.07.07|신고', 5, 19, 56),
(792, '2022-07-07 00:00:00', 'ㅇㄹㅇㄹㅇㄹㅇㄹㄴㅁㄹㅇㄹ', 4, 20, 56),
(793, '2022-04-26 00:00:00', '제목만 봐서는 IT문외한을 위한 교양서 처럼 보이는데, 실제 내용은 꽤 깊이가 있다. IT의 역사적 측면에서도 꽤 잘 나온다. 전공자지만 몰랐던 내용도 꽤 있다.그리고 어려운 IT 내용을 역사와 더불어 상세히 쉽게 설명해서 전공자나 전공자가 아니라도 모두 볼수 있는 좋은 책인것 같다.', 5, 21, 56),
(794, '2022-06-27 00:00:00', 'IT지식이 없는 일반인이 읽기에 다소 부담스러운 두께에 지루한 내용이라 잘 안 읽혔는데 인내심 갖고 차례대로 말고 흥미 있는 분야 위주로 보니 괜찮네요', 5, 22, 56),
(795, '2022-06-17 00:00:00', '서점에서 보고 구입했어요. 전공자인데도 잼있어용.. 어릴 때 배웠던 피상적이고 비유 위주의 컴퓨터 지식과는 다르게 의외로 직설적인(?)내용입니다', 5, 23, 56),
(796, '2022-06-06 00:00:00', '정리가 잘 되어 도움이 많이 됩니다', 5, 24, 56),
(797, '2022-06-03 00:00:00', '나름 두껍지만 종이질 덕에 책이 가벼워서 좋습니다.', 5, 25, 56),
(798, '2022-05-27 00:00:00', '관련 지식의 향상에 많은 도움이 되었습니다', 5, 26, 56),
(799, '2022-05-15 00:00:00', '회사 업무하는데 많은 도움이 될것 같습니다.', 5, 27, 56),
(800, '2022-05-15 00:00:00', '부담없이 읽기 좋아요', 5, 28, 56),
(801, '2022-05-15 00:00:00', '부담없이 읽기 좋아요', 5, 29, 56),
(802, '2022-04-30 00:00:00', '가독성이 그렇게 좋은 편은 아닌 것 같다.', 5, 30, 56),
(803, '2022-12-03 00:00:00', '실제업무에서 이론적으로 엑셀에서 기능을 대충 알고만있고 <이런 기능이 있는 것만 알고있고 모르겠네>라는 생각만하다가 이번기회에 정리하려고 구매했습니다. 이번 책을 통해 실제활용/적용까지를 기대해봅니다ㅎㅎ 고심했는데 제대로 정리할 수 있는 좋은책을 만나서 너무 좋습니다.', 5, 1, 61),
(804, '2022-12-16 00:00:00', '현대적이 소프트웨어 엔지니어링을 접할 수 있어 좋습니다', 5, 1, 60),
(805, '2022-12-16 00:00:00', '구글에서 사용하는 소프트웨어 엔지니어링이 궁금해서 구매했습니다', 5, 2, 60),
(806, '2022-11-26 00:00:00', '많은 도움이 되는 도서이며, 배송은 말할것도 없이 깔끔하고 빠르게 진행되었습니다. 포인트 등 교보문고에서 구입하는 만족감이 큽니다.', 5, 3, 60),
(807, '2022-11-18 00:00:00', '아직 다 읽어보진 않았지만 도움이 됩니다', 5, 4, 60),
(808, '2022-11-18 00:00:00', '유용하고 쉽게 잘 읽혀요.', 5, 5, 60),
(809, '2022-11-07 00:00:00', '좋아요좋아요좋아요좋아요', 5, 6, 60),
(810, '2022-11-07 00:00:00', '유용하고 좋은 책입니다 참고하기 좋습니다', 5, 7, 60),
(811, '2022-08-29 00:00:00', '책 내용 구성이 좋습니다.', 5, 9, 60),
(812, '2022-08-29 00:00:00', '책 내용 구성이 좋습니다.', 5, 10, 60),
(813, '2022-08-25 00:00:00', '내용이 충실해요 읽기 편안합니다.', 5, 11, 60),
(814, '2022-08-16 00:00:00', '저동네는 어떻게 일하나 엿보기', 5, 12, 60),
(815, '2022-07-28 00:00:00', '개발자라면 꼭 읽어보고싶은 책', 5, 13, 60),
(816, '2022-07-01 00:00:00', '까먹고 있었는데 책이 안왔습니다. 주문일자는2일입니다.', 5, 14, 60),
(817, '2022-06-24 00:00:00', '역시 유명한 책은 다르네요!!', 5, 15, 60),
(818, '2022-06-16 00:00:00', '구글의 개발자들의 일하는 방식을 배울수 있는 유용한 정보가 가득합니다.', 5, 16, 60),
(819, '2022-05-15 00:00:00', '읽으면서 너무 공감하는 내용이 많습니다. 모든 팀원에게 추천하고 싶습니다.', 5, 8, 60),
(820, '2022-05-15 00:00:00', '개발직군에게는 필수 , 비개발 직군도 강력 추천 도서.', 5, 17, 60),
(821, '2022-05-17 00:00:00', '성장하는 엔지니어링 조직이 될것 같습니다', 5, 18, 60),
(822, '2022-05-25 00:00:00', '스타트업 개발자, 중니어 개발자라면 무조건 읽어라. 사수가 생긴다.', 5, 19, 60),
(823, '2022-05-25 00:00:00', '조직 문화, 운영에 큰 도움이 됩니다', 5, 20, 60),
(824, '2022-05-17 00:00:00', '애매하지만 뭔가 손에 잡힐듯 한 소프트웨어 엔지니어링 개념을 잡아줄 좋은 가이드가 되어줄 것입니다.', 5, 21, 60),
(825, '2022-11-14 00:00:00', '블로그에서 평소 도움이 많이 되었는데 책으로 나오다니 기대되네요!', 5, 1, 63),
(826, '2022-12-11 00:00:00', '2023년부터 GA4 활용도가 높아지는데,\r\n자세하고 알기쉽게 설명되어 있어 큰 도움이 됩니다.\r\n데이터분석 실무자, 퍼포먼스마케터 들에게 실무에 도움이 될 것같은 책이에요', 5, 2, 63),
(827, '2022-11-21 00:00:00', '구글애널리틱스4를 어떻게 활용할지 고민이 많았는데 정독해볼께요 :)', 5, 3, 63),
(828, '2021-11-13 00:00:00', '내용이 알기 쉽게 잘 되어있어요. 동영상강의도 있어서 독학하기도 좋습니다.', 5, 1, 58),
(829, '2021-10-31 00:00:00', '한꺼번에 필요한 내용을 다루고 있어 읽고 공부하기 편해요', 5, 2, 58),
(830, '2021-10-25 00:00:00', '기초부터 차근차근 설명되어 혼자 공부하기에 편리합니다.', 5, 3, 58),
(831, '2021-09-08 00:00:00', '유익한 정보 감사해요 호호', 5, 4, 58),
(832, '2021-08-29 00:00:00', '좋은 책 인것 같아요', 5, 5, 58),
(833, '2021-08-07 00:00:00', '웹 브라우저에 사용되는 html, css, x-javax-script 언어를 처음 접하는 사람도 알기 쉽게 설명한 책 입니다.', 5, 6, 58),
(834, '2021-07-09 00:00:00', '최고의 기본서 다만 실무적인 내용은 살을 코드펜이나 깃허브를 보며 덧붙여야할듯', 4, 7, 58),
(835, '2021-06-30 00:00:00', '배송 빠르고 잘 보고 있습니다', 5, 8, 58),
(836, '2021-06-15 00:00:00', '열심히 공부할게요 화이팅!!', 5, 9, 58),
(837, '2021-06-06 00:00:00', '고경희 저자님과 함께 힘찬 아장아장을 해보겠습니다!', 4, 10, 58),
(838, '2022-02-15 00:00:00', '설명이 알기 쉽고 개념정리가 잘 되어 있는 느낌입니다 보면서 꼭 따라해볼것!', 5, 11, 58),
(839, '2022-01-29 00:00:00', '웹 공부를 막 시작한 입문자라면 이 책보다 더 좋은 지침서는 없을거라 생각합니다.', 5, 12, 58),
(840, '2022-02-22 00:00:00', '알기 쉽게 잘 쓰여진 책입니다.', 5, 13, 58),
(841, '2022-02-08 00:00:00', '동영상 강의를 들으면서 혼자 공부할 수 있어요', 5, 14, 58),
(842, '2022-02-05 00:00:00', '추천 받고 구매하게 됐습니다.', 5, 15, 58),
(843, '2022-01-11 00:00:00', '개념부터 잘 정리됐네요!', 5, 16, 58),
(844, '2022-01-03 00:00:00', 'Do it! HTML+CSS+자바스크립트 웹 표준의 정석', 5, 17, 58),
(845, '2021-12-28 00:00:00', '그동안 많을 책을 구입해서 봐왔지만 이책처럼 정말 끝까지 정독을 한건 이번이 처음이었던것 같아요.', 5, 18, 58),
(846, '2021-12-23 00:00:00', '설명이 친절하게 잘 되어있습니다.', 5, 19, 58),
(847, '2021-11-26 00:00:00', '웹을 공부하는 사람들에게 강추!', 5, 20, 58),
(848, '2022-12-17 00:00:00', '문과라 학원 수업에 따라가기 힘들었는데 도움됩니다', 5, 21, 58),
(849, '2022-11-18 00:00:00', '많은 도움이 되는 도서이며, 배송은 말할것도 없이 깔끔하고 빠르게 진행되었습니다. 포인트 등 교보문고에서 구입하는 만족감이 큽니다.', 4, 22, 58),
(850, '2022-11-11 00:00:00', '후기 믿고 봅니다 추천!', 5, 23, 58),
(851, '2022-08-15 00:00:00', '빠르게 웹개발에 대해 공부할 수 있는 책, 쉽게 설명해주고 테스트 문제도 있어 이해도를 점검할 수 있다.', 5, 24, 58),
(852, '2022-08-10 00:00:00', '입문자 수준에 맞춰 잘 기술되어있습니다.', 5, 25, 58),
(853, '2022-07-05 00:00:00', '한 권 잘 보면 전공과목 A+ 가능', 5, 26, 58),
(854, '2022-06-03 00:00:00', '웹개발은 처음인데 시작해보려 합니다.', 5, 27, 58),
(855, '2022-04-22 00:00:00', '쉽게 이해할수 있어서 좋습니다', 5, 28, 58),
(856, '2022-04-17 00:00:00', '책은 좀 작지만 내용이 알차서 열심히 해본다고 하네요^^', 5, 29, 58),
(857, '2022-03-28 00:00:00', '웹프로그래밍 공부하자!', 5, 30, 58),
(858, '2022-12-01 00:00:00', '독학하기 좋을만큼 컴활2급필기 이론과 기출문제가 잘 정리되어 있어서, 인강이나 학원 도움없이 1주만에 컴활2급필기 준비를 마칠 수 있게 구성되어 있어서 만족하고 있어요.', 5, 1, 62),
(859, '2022-11-30 00:00:00', '컴퓨터활용능력 2급 자격증 필기 상시시험에 도움이 됩니다. 컴퓨터활용능력 2급 자격증 필기 상시시험 준비하시는 모든분들 이 교재 강력추천합니다.', 5, 2, 62),
(860, '2022-11-28 00:00:00', '컴활2급 시험을 준비하다가 에듀윌에서 서평단을 모집한다는 소식을 보고 덥석 신청하게 되었습니다.', 5, 3, 62),
(861, '2022-11-24 00:00:00', '체계적인 교재 구성으로 시험 대비로 딱 좋아요. 또한, 단기간에 공부할 수 있도록 출제 예상 포인트와 기출 문제가 많이 수록되어 있어 시험 공부하시는데 유용했어요. 또한, 해설지도 잘 되어 있어 틀린 문제는 해설지만으로도 충분히 이해하고 넘어가실 수 있고 그럼에도 불구하고 모르시는 문제는 실시간 질문 답변으로 저자에게 실시간으로 답변 받는 서비스까지 제공해줘서 그 부분이 정말 메리트 있었어요. 단기간에 컴활 필기 시험 합격하시고 싶으신 분들께 적합한 교재에요. - 서평단 참여', 5, 4, 62),
(862, '2022-11-21 00:00:00', '취업준비할때 많이 응시하는 컴활시험!컴활1급 같은 경우에는 많이 어려워서 취득이 쉽지 않아요.그래서 컴활1급을 취득하기전에 컴활2급을 먼저 준비하는 수험생도 많은데요.이때 컴활2급 합격을 도와줄 수 있는 컴활2급필기교재를 추천하려고 합니다.', 5, 5, 62),
(863, '2022-11-21 00:00:00', '컴퓨터활용능력 2급 단기 효율적 학습 최적화 교재로 합격 도전 추천[서평 이벤트 참여]', 5, 6, 62),
(864, '2022-11-20 00:00:00', '책 제목처럼 초단기끝장을 낼 수 있는 아주 효율적인 교재인 것 같습니다. 시험에 기출되었던 핵심 이론과 상시시험에 출제되었던 기출 문제들을 적절하게 잘 구성되어 있어서 단기간에 필기 시험 합격을 할 수 있도록 도와주는 고마운 교재라서 너무나 좋았습니다![서평단 이벤트 참여]', 5, 7, 62),
(865, '2022-11-17 00:00:00', '요즘 컴활 2급 필기교재 초단기끝장으로 완벽 대비하고 있어요.', 5, 8, 62),
(866, '2022-11-17 00:00:00', '에듀윌 컴활 필기 문제집으로 공부하면 1주 합격 플래너와 초고속 이론정복 플래너로 공부할 수 있습니다. 이 교재가 초단기 합격을 이루기 위한 교재여서 컴활 2급 필기 공부도 초단기로 할 수 있도록 1과목, 2과목 공부와 상시시험 기출복원문제, 상시시험 기출 변형문제까지 전부 다 공부하는데 일주일이면 다 된다는 것이 신기했습니다.', 5, 9, 62),
(867, '2022-11-17 00:00:00', '컴활2급필기는 단시간에 합격하는게 좋기때문에기출문제를 많이 풀어보는게 중요한것 같더라구요.요약노트+7개년기출이 정리되있기때문에믿음직스러웠고 무료자료가 많아서 독학수험생에게 좋을듯 합니다!', 5, 10, 62),
(868, '2022-11-16 00:00:00', '컴활2급필기교재는 1급보다는 난이도가 조금 쉬운편인것같아요. 에듀윌컴활필기는 출제 예상 포인트를 알려주는 책입니다.', 5, 11, 62),
(869, '2022-11-16 00:00:00', '책 안에 답이 다 체크되어 있어 공부가 쉬워서 좋아요! [서평단 이벤트 참여]', 5, 12, 62),
(870, '2022-11-16 00:00:00', '답만 보고 바로 넘어갈 수 있게 기출문제를 구성해두었기에 공부하는데 더욱 편했고, 실제 시험처럼 문제를 풀어보고 현재 실력을 확인해볼 수 있어 엄청 동기부여가 되더라구요! [서평단 이벤트 참여]', 5, 13, 62),
(871, '2022-11-16 00:00:00', '컴퓨터자격증 중에 가장 유용한 자격증은 컴활 자격증일텐데요. 1급을 취득하기 위해서는 엑세스를 공부해야하기 때문에 익숙하지 못한 수험생들은 그로인해 자격증을 취득하는데 짧으면 3개월 길면 1년이 더 걸리기도 합니다. 하지만 하나의 자격증에 목을 메기에는 다른 공부많기 때문에 효율적인 선택이 필요한듯 보입니다. 차선책이 컴활2급 시험이라도 먼저 취득하는 것인데요. 컴활2급필기교재 중 에듀윌컴활필기 후기를 가져왔습니다. 이번에 출간된 컴활필기문제집은 단 1주만에 필기를 취득할 수 있도록 정말 필요한 정보만 수록하고 있습니다.', 5, 14, 62),
(872, '2022-11-16 00:00:00', '2023 컴활2급필기교재 독학을 위한 컴활교재 추천!! 에듀윌 초단기끝장 교재로 합격하세요!!', 5, 15, 62),
(873, '2022-11-15 00:00:00', '에듀윌컴활필기 플래너만 따라오면 정말 1주안에 합격할 것 같은 느낌이..!', 5, 16, 62),
(874, '2022-11-15 00:00:00', '내용 구성이 군더더기가 없습니다. 굳이? 하는 내용이 전혀 없어 노른자 요약 노트만 보고 기출문제와 연결 지어 교재에서 짚어주는 핵심만 암기해서 교재에서 구성한 커리큘럼인 1주 안에 완성하실 수 있었습니다.', 5, 17, 62),
(875, '2022-11-13 00:00:00', '에듀윌컴활필기 책에는 시험에 나온! 나올! 것만 모은 노트를 제공해줘서 좋았고 이 노트에 기출분석 기반으로 시험에 나왔던 내용만 정리되어있고 또한 개정 출제기준에 따라 앞으로 출제가 예상되는 내용만 모아져 있어서 짧은 시간 내에 꼭 필요한 부분만 암기할 수 있어서 단기공부하기 좋았습니다! 저는 시험직전까지 활용해볼 예정이에요', 5, 18, 62),
(876, '2022-11-12 00:00:00', '각 개념의 출제 횟수와, 문제들의 개념을 한 눈에 확인시켜 주는 책입니다. -서평단참여', 5, 19, 62),
(877, '2022-11-11 00:00:00', '2023 에듀윌 IT 자격증 컴퓨터 활용 능력 2급 필기교재는 노른자 용약 노트로 핵심을 공부하고, 답만 보는 상시시험 기출 복원 문제를 풀며 개념을 익힙니다. 그 후, 기출 변형 문제를 풀어보며 이해한 내용을 점검해볼 수 있습니다. 제가 에듀윌 교재를 가장 추천하는 이유 중 하나인 스터디 플래너를 활용해 자신의 스타일에 맞게 자격증 준비를 할 수 있습니다!', 5, 20, 62),
(878, '2022-11-09 00:00:00', '컴활2급 필기 책 추천해요!', 5, 21, 62),
(879, '2022-12-13 00:00:00', 'IT 관련 자기계발 목적으로 좋아요', 5, 1, 65),
(880, '2022-09-04 00:00:00', '데이터 분석 공부에 유용하다.', 4, 2, 65),
(881, '2022-08-29 00:00:00', '파이썬으로 데이터분석을 알고 싶으신분들에게 추천합니다. 차근차근 쉽게 배울 수 있는 책입니다. 다양한 예제와 실습을 통해서 데이터 분석에 대한 재미를 느낄 수 있습니다.', 4, 3, 65),
(882, '2022-07-02 00:00:00', '데이터 분석과 인공지능에 강의를 들었으나, 직접 손으로 치면서 따라하지 않아서\r\n막상 스스로 해보려고 하면 어려운 부분이 있엇습니다. 이 책은 초보자 분부터 이미 경험이 있는 분들까지\r\n하나씩 천천히 실습해나가면서 진행하면 많은 것을 얻을 수 있는 책입니다.', 5, 4, 65),
(883, '2022-06-22 00:00:00', '초보자도 한 눈에 쏙 들어올 만큼 책이 잘 읽힙니다.', 5, 5, 65),
(884, '2022-06-22 00:00:00', '실망시키지 않는 Do it 시리즈! 초보자도 쉽게 배울 수 있을 만큼 한 눈에 쏙쏙 들어옵니다!', 5, 6, 65),
(885, '2022-06-22 00:00:00', '쉽고 빠르고 군더더기 없이', 5, 7, 65),
(886, '2022-06-22 00:00:00', '파이썬에 대한 기초가 전혀 없는 비개발자들도 책에 있는 내용으로 쉽게 데이터 분석 프로젝트를 경험할 수 있다는 점에서 추천하는 책입니다! :)', 5, 8, 65),
(887, '2022-06-20 00:00:00', '믿고 보는 Do it 시리즈입니다 한 눈에 쏙 들어오고 너무 잘 읽혀요!', 5, 9, 65),
(888, '2022-06-19 00:00:00', '독자분들에게 skill을 알려주는 방향보다 데이터 분석시, 어떠한 기준 조건을 가지고 접근을 하고\r\n그래서 그런 경우에 기준을 정하고 그때 python에 어떠한 기능을 이용하라는 방법으로 설명되어 있습니다.\r\n실제 업무에 활용하려면, 책에 있는것고 다른 상황을 고려하고 책에서는 언급이 되어 있는 부분은 아니지만\r\n다른방향을찾아가는것을자연스럽게학습할수있습니다.', 5, 10, 65),
(889, '2022-06-17 00:00:00', '파이썬 기초 문법부터 pandas,시각화,데이터 정제, 실습 예제 등등 알차게 구성되어 있다. kaggle에서 경진대회 우승자 코드를 분석하면 기본적인 코드로 깔끔하게 EDA 분석을 하고 기본 모델로 성능을 높힌 경우가 많다. 데이터 분석의 70%는 EDA이므로, 뭐든지 기본이 중요함! 불금에도 알차게 보냈음. 연구원들에게 추천해줘야겠다.', 5, 11, 65),
(890, '2022-06-05 00:00:00', '파이썬 기초부터 판다스 기초, 실제 데이터 수집과 분석, 그래프 작성까지 체계적으로 배울 수 있습니다. 데이터 분서 교재로 사용해도 좋습니다.', 5, 12, 65),
(891, '2022-12-19 00:00:00', '입문하기 좋고 설명도 잘 되어있어요', 5, 1, 64),
(892, '2022-12-18 00:00:00', '쉽게 설명되어있어 도움됩니다', 5, 2, 64),
(893, '2022-12-08 00:00:00', '빅데이터분석에 도움될까 싶어 구매합니다', 5, 3, 64),
(894, '2022-11-29 00:00:00', '공부하기 좋은 것 같습니다.', 5, 4, 64),
(895, '2022-11-18 00:00:00', '잘 읽어보겠습니다. 기대되네요 어떤 내용인지', 5, 5, 64),
(896, '2022-10-26 00:00:00', '유용하고 도움이 됩니다.', 5, 6, 64),
(897, '2022-08-24 00:00:00', '머신러닝 알고리즘의 기본기부터 딥러닝 모델 별로 적용될 수 있는 사례들을 알려주어 파이썬 프로그래밍으로 머신러닝/딥러닝과 친숙해지고자하는 초보자들도 쉽게 접근 가능한 책입니다. 다만, 파이썬 자료구조와 라이브러리에 대한 기본기는 좀 필요할 것 같습니다^^', 5, 7, 64),
(898, '2022-07-29 00:00:00', '추천받아서 샀는데 엄청 꼼꼼해서 초보자도 이해할 수 있고 좋아요', 5, 8, 64),
(899, '2022-07-20 00:00:00', '완전 초짜가 읽기엔 무리가 있어 반드시. 파이썬 입문 서적 학습한 다음에 접근 하시는걸 권장 드려요. 책 내용은 넘 잘돼 있어요.', 5, 9, 64),
(900, '2022-07-15 00:00:00', '혼자 공부하기 좋아요', 5, 10, 64),
(901, '2022-07-07 00:00:00', '실습하지 않고, 읽어보기만 해도 도움이 되었습니다.', 5, 11, 64),
(902, '2022-06-03 00:00:00', '책은 정말 좋은 책 같은데 책 상태가 너무 안좋은거 같아요. 여기저기 찢어져있고 중고 잭같은데 교환 안되나요? 책도 많이 구매했는데 새책으로 다시 보내주셔야되는거 아닐까요?', 3, 12, 64),
(903, '2022-04-05 00:00:00', '책에 자세하게 설명이 되어있어서 이해하는데 쉬워요!', 5, 13, 64),
(904, '2022-03-28 00:00:00', '쉽게 적혀있지만 내용이 적진 않은것 같습니다ㅠ', 5, 14, 64),
(905, '2022-02-28 00:00:00', '선형대수 없이도 이론을 잘 설명해놨습니다 저 같은 초심자에게 매우 좋은듯', 5, 15, 64),
(906, '2022-02-21 00:00:00', '머신러닝에 입문하기에 제일 적당한 책인 것 같습니다. 무료제공되는 강의는 형식적인 강의가 아닌 적재적소에서 모르는 부분을 확실히 잡아 줄 수 있었습니다. 학원이나, 인터넷 강의에서 입문이라고 비싼 돈 주고 강의 듣는 것 보다 이렇게 책으로 공부하는 것이 효과적인 것 같습니다.', 5, 16, 64),
(907, '2022-02-17 00:00:00', '인공지능 학습을 위해 선택했다. 좋은 출발이 기대된다.', 5, 17, 64),
(908, '2021-12-28 00:00:00', '공부하려고 샀어요 좋아요!', 5, 18, 64),
(909, '2021-12-06 00:00:00', '평소 읽고 싶었던 책인데 정독했습니다.', 5, 19, 64),
(910, '2021-11-27 00:00:00', '잘 읽혀요. 빠른 배송 감사합니다.', 5, 20, 64),
(911, '2021-11-20 00:00:00', '틈틈히 공부하려고 책을 구매했습니다. 아직은 시작 단계이지만 기대를 갖고 진행 합니다.', 5, 21, 64),
(912, '2021-11-19 00:00:00', '유익하고 좋아요~만족합니다.', 5, 22, 64),
(913, '2021-11-15 00:00:00', '평소 관심있는 장르로 재미있게 봤습니다.', 5, 23, 64),
(914, '2021-10-17 00:00:00', '가장 쉽게 머신러닝의 기초를 습득할 수 있도록 해 주는 도서다. GOOGLE COLAB, Jupiter Notebook 부터 출발하기에 대단히 쉽게 따라 할 수 있다.', 5, 24, 64),
(915, '2021-10-04 00:00:00', '정말 혼자 공부하기 좋네요. 기대 이상입니다.', 5, 25, 64),
(916, '2021-09-27 00:00:00', '쉽게 설명되어 있어 좋아요', 5, 26, 64),
(917, '2021-09-25 00:00:00', '데이터 분석을 처음 해볼 때 이 책을 읽으면 조아요.', 5, 27, 64),
(918, '2021-09-10 00:00:00', '배우기 쉬운데 예제가 재미없어요 생선분류 럭키백분류 노잼..', 5, 28, 64),
(919, '2021-08-15 00:00:00', '혼자 공부하는데 도움이 많이 됩니다', 5, 29, 64),
(920, '2021-08-09 00:00:00', '빠른 배송 감사합니다~!구성 깔끔하고 개발하는데 많은 도움이 되네요~', 5, 30, 64),
(921, '2022-11-29 00:00:00', '스마트폰으로 유튜브를 사용할 수 있는 쉬운 방법들을 잘 정리한 책입니다.', 5, 1, 68),
(922, '2022-11-09 00:00:00', '너무너무 도움이 되는 내용들이 잔뜩입니다!!기대하셔도 좋아요!!', 5, 2, 68),
(923, '2022-11-09 00:00:00', '마스크, 스티커, 필터, 애니메이션 등을 넣어 좀더 완성된 느낌의 좋은 영상을 제작해볼수도 있고, 마지막 마무리에 요즘 누구나 유튜브 채널을 개설하면서 궁금해하고 알고 싶은 최종화면에 구독버튼, 추천 영상 추가하는 방법 그리고 요즘 대세인 YouTube Shorts 에 저작권까지 꼭 알아야만 하는 내용까지 빠트리지 않고, 꼼꼼히 잘 알려주는 교재로, 혼자 독학하기에도 좋고, 평생학습관이나 복지관등 교재가 필요한 수업에도 적극 활용해볼수 있을거 같습니다. 큰글씨와 충분한 이미지, 짧으면서도 간결한 설명이 지루하지 않아서 영상제작 초보입문에서 활용까지 적극 추전합니다.', 5, 3, 68),
(924, '2022-11-09 00:00:00', '사진 예쁘게 찍기, 영상 만들어서 유튜브에 올리기 등 너무 궁금했었는데 이 책 한권으로 해결 되요.', 5, 4, 68),
(925, '2022-11-07 00:00:00', '책은 생각보다 두껍지 않아서 가벼운 마음으로 읽기 쉬웠고, 가까운 곳에 두었다가 필요할 때마다 찾아보기도 좋았다.', 5, 5, 68),
(926, '2022-11-02 00:00:00', '이 책은 따라 하면서 해볼 수 있도록 잘 구성이 되어 있습니다.책의 구성은 왕초보가 따라 할 수 있도록 유튜브를 처음 시작하는 방법과 스마트폰으로 동영상 도구를 이용하여 영상을 편집하는 기본과 고급 편집 기술까지 따라 해 볼 수 있도록 구성되어 있습니다.그리고 유튜버를 시작하시는 분들께 필요한 간단한 마인드에 대한 글과, 구독자 수 증가 및 조회 수, 시청 지속시간을 늘리는 방법 등에 대해서 기술되어 있습니다. 저는 이런 거 생각 없이 시작하게 되었는데 참 유용한 정보네요', 5, 6, 68),
(927, '2021-12-03 00:00:00', '아키텍처 설계에 많은 도움이 되었습니다.', 5, 1, 67),
(928, '2022-02-16 00:00:00', 'Sql 자체가 많이 어려운 편은 아니고, 독학하기 좋은 책이네요.', 5, 2, 67),
(929, '2022-02-21 00:00:00', '관심이 생겨서 독학해보려고했는데 너무 어려워요 ㅎㅎㅎ', 5, 3, 67),
(930, '2022-01-28 00:00:00', '이거 조차 나올거라고는 생각도 못했는데 자격증 부분으로서도 괜찮아 보이고 실무 부문은 물론이라고 생각 듭니다.', 5, 4, 67),
(931, '2022-01-12 00:00:00', 'SQL을 공부하는데 충분한 설명이 있어 많은 도움이 됩니다.', 5, 5, 67),
(932, '2022-01-09 00:00:00', '설명이 매우 친절하고 자세해요.', 5, 6, 67),
(933, '2021-12-19 00:00:00', 'SQL을 처음 배우는데 도움이 많이 돼요!', 5, 7, 67),
(934, '2021-11-22 00:00:00', 'SQL 를 배우는 초심자 입장에서 굉장히 도움이 많이 되는 책입니다. 설명이 매우 친절하고 자세해요.', 5, 8, 67),
(935, '2022-12-02 00:00:00', '리뷰할게없닿ㅎㅎㅁ야', 5, 9, 67),
(936, '2022-11-24 00:00:00', '좋은책 감사합니다~~', 5, 10, 67),
(937, '2022-09-26 00:00:00', '혼자 SQL학습하기에는 이 책이 정리도 잘되어있고 딱입니다.', 5, 11, 67),
(938, '2022-08-24 00:00:00', '혼자 sql 독학하기 좋아요!', 5, 12, 67),
(939, '2022-06-25 00:00:00', 'Sql 많이 까먹어서 복습 겸 공부하려고 샀어용 잘 쓸게요 ㅎㅎ', 5, 13, 67),
(940, '2022-04-29 00:00:00', '제목처럼 혼자 공부하고 SQL을 처음 접하는 사람들에게 좋은 책이라는 생각이 듭니다.', 5, 14, 67),
(941, '2022-04-26 00:00:00', '감사합니다. 잘 읽겠습니다!!!', 4, 15, 67),
(942, '2022-04-12 00:00:00', '독학할 때 좋습니다', 5, 16, 67),
(943, '2022-03-28 00:00:00', '잘 읽었습니다. 도움이 됩니다.', 5, 17, 67),
(944, '2022-03-03 00:00:00', '유튜브 영상이랑 같이 보면 좋아요', 5, 18, 67),
(945, '2022-11-13 00:00:00', '혼자서 공부할 때 정말 유용한 책인 것 같습니다!', 5, 19, 67),
(946, '2022-10-28 00:00:00', '블로그에 대한 통합적인 영역에서 쉬운 스타트를 원한다면.', 4, 1, 69),
(947, '2022-09-08 00:00:00', '블로그를 운영하는데 도움이 되는 정보가 많아요~김동석 작가님의 인터넷 강의도 듣고 있는데 이 책도 같이 읽으면서 도움이 많이 되었습니다..', 5, 2, 69),
(948, '2022-07-16 00:00:00', '잘 볼게요 감사합니다.', 5, 3, 69),
(949, '2022-12-20 00:00:00', '아직 다 읽지는 않았지만 친절하고 자세한 설명에 무릎을 탁 칩니다.', 5, 1, 70),
(950, '2022-11-09 00:00:00', '개발자이면서 아키텍처 설계에 관심이 있는 분이라면 읽어봐야 하는 책입니다', 5, 2, 70),
(951, '2022-10-30 00:00:00', 'The Hard Parts라는 말에 어렵다고 느낄 수 있으나 서비스를 운영하는 엔지니어 본인 입장에서는 그동안 해결하기 어려웠던 두루뭉술했던 이슈들이 교통정리가 되는 결과에 도달했다. 다시 정독하고 서비스에 어떻게 녹여낼 수 있을지 오히려 좋은 귀감이 된 책이였다.', 5, 3, 70),
(952, '2022-10-29 00:00:00', '이 분야의 탑. 기술 번역서로서의 가치도 최상급', 5, 4, 70),
(953, '2022-10-10 00:00:00', '전작에 이은 완벽한 정리와 설명', 5, 5, 70),
(954, '2022-12-14 00:00:00', '도움이 많이 됩니다. 필요한 부분을 선택해서 보기 편하게 되어 있어요..', 5, 1, 71),
(955, '2022-12-09 00:00:00', '이 리뷰에는 스포일러가 포함되어있습니다..', 5, 2, 71),
(956, '2022-12-09 00:00:00', '컴퓨터 공부용으로 잘 활용하고 있습니다.', 5, 3, 71),
(957, '2022-10-27 00:00:00', '배송도빠르고책도도움이되네여.', 5, 4, 71),
(958, '2022-08-24 00:00:00', '잘 봤습니다. 감사합니다..', 5, 5, 71),
(959, '2022-08-23 00:00:00', '좋아용 만족합니다 ㅎㅎㅎㅎㅎ.', 5, 6, 71),
(960, '2022-08-09 00:00:00', '- 초보자도 쉽게 따라할 수 있어서 실무에 많은 도움이 됩니다..', 5, 7, 71),
(961, '2022-07-27 00:00:00', '한권으로 여러 프로그램 적용가능해서 좋아요.', 5, 8, 71),
(962, '2022-07-21 00:00:00', '혼자 공부하기 아주 좋은 책입니다.', 5, 9, 71),
(963, '2022-06-17 00:00:00', '잘 설명 되어 있어 차근차근 따라 함 될 것 같아요~~^^.', 5, 10, 71),
(964, '2022-06-06 00:00:00', '좋아요! 유용합니다!.', 5, 11, 71),
(965, '2022-12-09 00:00:00', '책 그림이나 글씨체가 부드럽고 선명해서 오래 보더라도 눈이 피곤하지 않습니다.', 5, 1, 72),
(966, '2022-12-02 00:00:00', '좋은책 감사합니다!~~~', 5, 2, 72),
(967, '2022-10-08 00:00:00', '좋은책인거 같습니다.', 5, 3, 72),
(968, '2022-10-03 00:00:00', '장점 : 예제가 많아서 좋았다. 난 개념을 한번에 이해하기엔 머리가 그리 좋지않아 활용해보고 직접 그 부분을 사용해봐야 이해를 하는 스타일이라 이해하기 좋았다.단점 : 모든 언어책이 그러하듯 두껍다 == 무겁다...언제 공부할까 라는 걱정이 조금 생겼다. 한해를 넘기지 말아야 할텐데.. 공부에 대한 압박이 느껴졌다...', 5, 4, 72),
(969, '2022-10-03 00:00:00', '본 책은 입문자부터 최신 자바 정보가 담긴 리마인드용 책이 필요한 개발자 모두에게 추천하는 책입니다. <이것이 자바다>는 자바 입문부터 시작하여 중급이상의 프로그래밍을 위한 개념까지 모두 다루고 있습니다. 또한 예제소스를 무려 708개나 제공하고 있으며 유튜브 강의 또한 무료로 제공하고 있습니다. 학습 중에 궁금한 것이 생기면 물어볼 수 있는 채널로 저자가 운영하는 네이버 카페를 활용할 수 있는 것도 본 책의 특징이라고 생각합니다. 게다가 자바 8부터 자바 17까지 버전에 대해 다루고 있는 책이기 때문에 코딩테스트와 자바 관련 면접을 준비하기에도 꽤 유용한 책입니다. 저는 <이것이 자바다>를 강의 교재로 쓰기에도 좋고 자습서로 사용하기에도 매우 좋은 책이라고 생각합니다.', 5, 5, 72),
(970, '2022-10-02 00:00:00', '두꺼운 책의 두께와 표지만 봤을 때는 다소 학생 혹은 처음 프로그래밍을 공부하려는 학생들에 흥미를 끌기에는 아쉬워 보였지만 책을 하나씩 읽어보면 정말 놓치는 것 하나 없이 다양한 그림 예제들과 많은 소스예제들로 빼곡하게 채워져 있기 때문에 정말 기본부터 하나씩 알아가기 좋았다.또한 각 단원이 끝날 때마다 확인 문제를 통해서 배운 내용들을 복습할 수 있는 점이 좋았다.하지만 가장 눈에 띄었던 점은 Java 버전을 8부터 17까지 대응하고 있다는 것과 자바의 기본 이론뿐만 아니라 Oracle연동과 그걸 통해서 간단한 게시판을 만들어보는 예제까지 정말 기본부터 응용까지 많은 내용들을 다루고 있는게 좋았다.자바개발자라면 옆에 두고 계속 읽어봐야할 바이블이다!', 5, 6, 72),
(971, '2022-10-01 00:00:00', '초보자부터 개발자까지, 자바의 바이블같은 책자바는 어플 개발자들 사이에서 가장 많이 사용하는 툴 중 하나인데요.알기쉽게 기초부터 실무까지 자세한 설명으로 매우 유용한 바이블같은 도서였습니다.입문자는 물론 객체지향에 대해서 확실한 지식을 얻고자 하는 현업의 개발자나 최신 기술을 익히기 위한 전문 개발자에게도 유익한 책입니다.', 5, 7, 72),
(972, '2022-06-04 00:00:00', '흥미롭고 재밌어요.', 5, 1, 74),
(973, '2022-11-13 00:00:00', '아이가 이모티콘을 좋아해서 직접 배우고 싶다고 해서 구매했습니다. 좋네요.', 5, 2, 74),
(974, '2022-10-12 00:00:00', '꼭 도전해 보고싶네뇨', 5, 3, 74),
(975, '2022-07-15 00:00:00', '이모티콘 만들어 돈벌고 싶네요~', 5, 4, 74),
(976, '2022-06-16 00:00:00', '무조건 돈 버는 카카오 이모티콘 만들기', 5, 5, 74),
(977, '2022-11-15 00:00:00', '기획입장에서 고민할때 도움됩니다.', 5, 1, 73),
(978, '2022-10-26 00:00:00', '프로덕트 매니저의 입문서', 5, 2, 73),
(979, '2022-09-26 00:00:00', '회사분이 추천해주셔서 잘 읽었어요', 5, 3, 73),
(980, '2022-07-29 00:00:00', '어떤식으로 움직이는지 궁금해서 구매했는데 재밌었어요', 5, 4, 73),
(981, '2022-05-11 00:00:00', '큰 조직에서 각 계층별 개발 리더의 역할이 무엇인지, Product Owner, Product Manager, Project Manager, Program Manage의 미묘한 차이가 무엇인지 잘 설명되어 있습니다', 5, 5, 73),
(982, '2022-04-02 00:00:00', '프로덕트를 만드는 모든 분들의 교과서가 되어야 하는 책입니다', 5, 6, 73),
(983, '2022-02-11 00:00:00', '그간 경험과 생각을 잘 정리해 준 좋은 책입니다.', 5, 7, 73),
(984, '2021-12-11 00:00:00', '추천 받아 읽는데 폭넓게 잘 정리되어 있는 책 같습니다', 5, 8, 73),
(985, '2021-11-24 00:00:00', '좋은 내용 감사합니다', 5, 9, 73),
(986, '2021-10-18 00:00:00', '업무를 위해 구매했는데, 뭔가 전반적으로 생각 정리가 되서 더 좋았습니다', 5, 10, 73),
(987, '2022-06-06 00:00:00', '제품을 만드는 일을 하시는 분들은 읽어야 할 책입니다', 5, 11, 73),
(988, '2019-09-17 00:00:00', '강력 추천합니다', 5, 12, 73),
(989, '2021-01-18 00:00:00', '요즘 테크 기업으로 이직해서 참고 차 읽고 있어요. 번역이 좀 아쉬워서 원서로 읽어야 할 것 같습니다.', 4, 13, 73),
(990, '2020-11-20 00:00:00', '무난하다.', 5, 14, 73),
(991, '2020-07-29 00:00:00', '보고싶은 책이었는데, 역시나 잘보고있어요 :)', 5, 15, 73),
(992, '2020-06-12 00:00:00', '스타트업을 하고 있는데 큰 도움이 됩니다', 5, 16, 73),
(993, '2020-04-22 00:00:00', 'IT분야에서 product 및 service를 기획하고 개발하는 과정에서 많은 도움이 되었음', 5, 17, 73),
(994, '2020-02-22 00:00:00', '좋아요', 5, 18, 73),
(995, '2019-12-29 00:00:00', '진정한 제품을 기획하기 위한 바이블입니다.', 5, 19, 73),
(996, '2019-01-17 00:00:00', '알고싶었던 내용입니다.', 5, 20, 73),
(997, '2022-06-25 00:00:00', '가볍게 파이썬 사용법을 익힐 수 있는 책입니다', 5, 1, 76),
(998, '2022-06-09 00:00:00', '이미 학습은 예전 구매 도서 토대호 학습해서 배웠고 활용은 했으나 실제로 도서로 학습 후 활용 능력 저하이나 어떻든 활용 사용했으나 새로운 버전의 도서 구매 신용어 확습 예정입니다. 휴~', 5, 2, 76),
(999, '2022-07-15 00:00:00', '알고리즘에 대해 연습하고 알기 쉽게 되어있습니다.', 5, 1, 77),
(1000, '2022-07-02 00:00:00', '좋아요 차근차근 해보기~', 5, 2, 77),
(1001, '2022-04-07 00:00:00', '자바로 풀어보는 코딩 테스트 문제들. 시간복잡도부터 자료구조, 정렬, 탐색,그리기, 정수론 등에 관련된 문제들. 그래프, 다익스트라, 플로이드 워셜 알고리즘 등등의 문제들을 살펴볼 수 있다. 문제를 읽고 분석한 후 손으로 풀어보고 슈도 코드를 작성하는 식으로 문제를 풀이하고 있어서 따라하고나면 새로운 문제를 접했을 때 차근차근 접근해나갈 수 있을 것 같다. 너무 두껍지 않고 내용도 좋고 마음에 든다.', 5, 3, 77),
(1002, '2022-12-01 00:00:00', '배송 빠르고 좋아요 추천합니다', 5, 4, 77),
(1003, '2022-09-13 00:00:00', '코딩 공부에 유용한 책', 5, 5, 77),
(1004, '2022-12-20 00:00:00', '디자인패턴 학습에 집중하여 공부할 수 있었습니다.', 5, 1, 78),
(1005, '2022-12-14 00:00:00', '비전공자 재발 초보입니다. 디자인 패턴을 알아야할 것 같아서 구매했습니다. 개발하다가 좀 더 잘 쓰고 싶을 때 펼쳐서 읽기 좋은 책인 것 같습니다!', 5, 2, 78),
(1006, '2022-10-08 00:00:00', '좋은책인거 같습니다.', 5, 3, 78),
(1007, '2022-09-13 00:00:00', '디자인패턴 배우기 좋은 책', 5, 5, 78),
(1008, '2022-08-19 00:00:00', '자바로 쉽게 풀어낸 디자인 패턴', 5, 4, 78),
(1009, '2022-07-02 00:00:00', '그림과 함께 설명되어 있어요.', 5, 6, 78),
(1010, '2022-06-27 00:00:00', '내용이 아주 좋아요', 5, 7, 78),
(1011, '2022-06-10 00:00:00', '디자인 패턴들에 대한 요약이 잘 되어있어 좋았지만 나에게는 좀 정신없는 구성이었다.', 5, 8, 78),
(1012, '2022-05-09 00:00:00', '디자인 패턴을 시작하는 사람들에게 최고의 책인 것 같아요!', 5, 9, 78),
(1013, '2022-04-25 00:00:00', '교보에 가서 보다가 뒷내용이 궁금해서 주문했어요~재미있고 설명 잘 되어 있습니다..꼭 어려운 책만이 좋은 책은 아니더라고요. 하지만 틈틈히 들고 읽을 수 있도록 책이 조금 작아지거나 가벼워지면 좋을 것 같긴 해요', 5, 10, 78),
(1014, '2022-04-25 00:00:00', '자바 몰라도 된다고해서, 객체지향도 몰라도 되는 줄 알고 책을 펼쳤다가 간단하게 공부하고 다시 읽기 시작했습니다. 상속하고 인터페이스 개념만 알아도 쉽게 읽히네요.', 5, 11, 78),
(1015, '2022-03-31 00:00:00', '배송도 빠르고 잘읽고 있습니다', 5, 12, 78),
(1016, '2022-03-24 00:00:00', '믿고 구매하는 헤드퍼스트', 5, 13, 78),
(1017, '2022-11-24 00:00:00', '접근에 대한 용이성.', 5, 1, 75),
(1018, '2022-11-21 00:00:00', '업무에 쓰려고 아들이 부탁한건데 너무 좋다고합니다.많은 도움이 된다고해요..', 5, 2, 75),
(1019, '2022-11-15 00:00:00', '최고의 자바 책입니다.', 5, 3, 75),
(1020, '2022-08-29 00:00:00', '현업 자바 개발자에게 가장 추천할만한 책.', 5, 4, 75),
(1021, '2022-05-12 00:00:00', '내용이 쉽진 않아 각잡고 꼼꼼히 읽어봐야 합니다.', 5, 5, 75),
(1022, '2022-04-07 00:00:00', '유용하네요 ㅋ잘 보고 있습니다. ㅋ.', 5, 6, 75),
(1023, '2022-02-08 00:00:00', '드디어 기다리던 이펙티브 자바네요 기대됩니다.', 5, 7, 75),
(1024, '2022-01-29 00:00:00', '자바 기본을 땟다고 생각하는 분이 있다면 이제는 고급적으로 자바를 이해할 시간! 그 때 이책을 보면 된다..', 5, 8, 75),
(1025, '2021-12-29 00:00:00', '자바 개발자라면 읽어야할 책.', 5, 9, 75),
(1026, '2021-09-27 00:00:00', '자바는 기본이라는 느낌이 강한데, 기본이 탄탄해야죠? 탄탄하게 만들 책이라고 보면 됩니다..', 5, 10, 75),
(1027, '2020-12-17 00:00:00', '꼭 완독해보겠습니다', 5, 11, 75),
(1028, '2021-07-12 00:00:00', '자바를 제대로 해보려고 구입했습니다', 5, 12, 75),
(1029, '2021-07-09 00:00:00', '실무에 적용할수 있는 유용한 내용들로 구성되어 있습니다.', 5, 13, 75),
(1030, '2021-04-13 00:00:00', '아직 완독하진 못했지만.. 노력', 4, 14, 75),
(1031, '2021-01-01 00:00:00', '읽기에 친절하진 않은 디자인, 글 구성과 단일 칼라 텍스트기반이라 접근성이 뛰어나진 않지만 기대하는 마음으로 읽겠습니다.', 4, 15, 75),
(1032, '2020-12-25 00:00:00', '많은 도움이 될 거 같습니다.', 5, 16, 75),
(1033, '2020-12-24 00:00:00', '자바개발자라면 필수도서', 5, 17, 75),
(1034, '2020-09-03 00:00:00', '이정도면 java 기본서', 5, 18, 75),
(1035, '2020-07-17 00:00:00', '3판 표지가 매우 이쁩니다. 보시면 압니다', 5, 19, 75),
(1036, '2020-02-24 00:00:00', '역시 실망시키지 않는 촤고입니다', 5, 20, 75),
(1037, '2019-11-15 00:00:00', '아직 다 보진 못했지만 명불허전의 책 아닐까 싶습니다', 5, 21, 75),
(1038, '2019-07-29 00:00:00', '자바를 심화적으로 배울 수 있는 책', 5, 22, 75),
(1039, '2019-06-29 00:00:00', '좋습니다. 감사합니다.', 5, 23, 75),
(1040, '2019-04-04 00:00:00', '필독서', 5, 24, 75),
(1041, '2019-03-27 00:00:00', '3판 내주셔서 감사합니다!', 5, 25, 75),
(1042, '2019-03-25 00:00:00', '자바개발자라면 한번쯤 정독할만한 독서', 5, 26, 75),
(1043, '2019-03-12 00:00:00', '이펙티브 자바 개정2판을 구입후 3판이 나와서 구입했는데 많은 도움이 될 것 같습니다.', 5, 27, 75),
(1044, '2019-03-03 00:00:00', '좋아요', 5, 28, 75),
(1045, '2022-05-24 00:00:00', '문장이 횡설수설하는 감이 있습니다.용어 설명이 제대로 안되어있어서 입문자에게 추천드리지 않습니다.네트워크를 처음 공하는데 이 책을 본다면 1장도 못 끝내고 라면 받힘으로 쓰게 될 것입니다', 5, 1, 80),
(1046, '2022-03-20 00:00:00', 'network 기본기가 잘 정리되어 있습니다.', 5, 2, 80),
(1047, '2022-10-09 00:00:00', '비전공자인데 잘 읽어보겠습니다.', 5, 3, 80),
(1048, '2022-09-13 00:00:00', '네트워크 관련 기본 개념을 알고 싶은 분에게 유용합니다.중요개념을 반복적으로 설명해줘서 자연스럽게 개념을 익히게 되는 것 같습니다.', 5, 5, 80),
(1049, '2022-08-26 00:00:00', '어느 정도 난이도 있는 네트워크 책', 5, 4, 80),
(1050, '2022-06-20 00:00:00', '유용한 내용입니다.', 5, 6, 80),
(1051, '2022-06-01 00:00:00', '네트워크 입문에 좋은 책입니다. 잘 읽히는 편', 5, 7, 80),
(1052, '2022-05-09 00:00:00', '초보자들은 모두의 네트워크 책 추천드립니다. 그 책읽으시고 이책읽어보세요', 5, 8, 80),
(1053, '2022-02-21 00:00:00', '기초를 쌓기에 좋은 거 같아요', 5, 9, 80),
(1054, '2022-02-15 00:00:00', '아직 읽어보진 않았지만, 깔끔하게 잘 정리된 책인 것 같아요.', 5, 10, 80),
(1055, '2020-11-28 00:00:00', '3년차인데 너무 상세하고 친절하고 쉽게 설명되어있어요 최고입니다 형님들 진짜 이책 너무 싸발적입니다 강추에요', 5, 11, 80),
(1056, '2022-01-25 00:00:00', '네트워크 입문자들 한테는 많은 도움이 되는거 같아요.정독합니다ㅎㅎ', 5, 12, 80),
(1057, '2022-01-10 00:00:00', '아직 안읽어봤지만 좋은 책이겠지요?', 5, 13, 80),
(1058, '2021-11-19 00:00:00', '유익하고 좋아요~만족합니다.', 5, 14, 80),
(1059, '2021-11-05 00:00:00', '좋은책인거 같습니다.', 5, 15, 80),
(1060, '2021-07-25 00:00:00', '입문에 적합한 책이라고 생각합니다.', 5, 16, 80),
(1061, '2021-05-16 00:00:00', '이 책은 레전드입니다. 무조건 읽어보세요.', 5, 17, 80),
(1062, '2020-12-27 00:00:00', '잘읽겠습니다', 5, 18, 80),
(1063, '2020-12-20 00:00:00', '좋아요~고맙습니다', 5, 19, 80),
(1064, '2020-12-17 00:00:00', '입문자도 이해하기 쉽게 상세히 기재되어있습니다. 좋아요', 5, 20, 80),
(1065, '2020-11-03 00:00:00', '4년동안 이 책을 집필했던 것이 내용에서 확 나타납니다.진짜 책이 너무 유용하고 특히 기본기 다지기엔 최고 같습니다.', 5, 21, 80),
(1066, '2020-11-21 00:00:00', '네트워크 입문자를 위해서 읽기 쉽게 설명되어 있습니다', 5, 22, 80),
(1067, '2020-11-19 00:00:00', '엔지니어를 위한 네트워크 입문 책이네요.', 5, 23, 80),
(1068, '2020-11-05 00:00:00', '네트워크 요소별 원리를 이해하고 실전에서도 활용 가능한 스킬을 배울 수 있는 유용한 책이네요. 많은 도움이 되었습니다. ^^', 5, 24, 80),
(1069, '2022-09-28 00:00:00', '책 좋아요 열공 시작합니다.', 5, 1, 79),
(1070, '2022-08-07 00:00:00', '초보자도 보기쉽게 잘 나와있네요', 5, 2, 79),
(1071, '2022-07-02 00:00:00', '도움이 많이 됐어요', 5, 3, 79),
(1072, '2022-05-06 00:00:00', '알찬 내용으로 공부하기 좋은 것 같네요~~^^', 4, 4, 75),
(1073, '2022-05-03 00:00:00', '우선 자바 기본서로써, 정석이라고 생각합니다. 자바 처음 노베인데 상세하게 잘 적혀 있어서 좋아요각잡고 꼼꼼히 읽어봐야 합니다.', 5, 5, 79),
(1074, '2022-04-24 00:00:00', '유익하고 좋습니다ㅎㅎ', 5, 6, 79),
(1075, '2022-04-20 00:00:00', '처음으로 c정복이 가능하겠다는 생각이 드네여..', 5, 7, 79),
(1076, '2022-03-05 00:00:00', '강사님 추천으로 구매한 교재입니다. 설명이 자세한 거 같아 좋아요. 생각하는 분이 있다면 이제는 고급적으로 자바를 이해할 시간!', 5, 8, 79),
(1077, '2022-03-05 00:00:00', '시중에 나와있는 책들 중 가장 좋은 것 같습니다. 입문자는 기초편 보시고 복습차원에서 이 책을 구매하시면 좋을 것 같습니다.', 5, 9, 79),
(1078, '2022-02-21 00:00:00', '책의 내용이 아주 꼼꼼하고 좋아요!!', 5, 10, 79),
(1079, '2022-01-03 00:00:00', '읽기좋게 쓰였고 유용한 내용입니다 강추', 5, 11, 79),
(1080, '2021-12-27 00:00:00', '말 그대로 자바의 정석!!! 정말 좋은 책이에요 추천합니다!!', 5, 12, 79),
(1081, '2021-12-22 00:00:00', '잘 보고 있습니다 감사합니다', 5, 13, 79),
(1082, '2021-09-08 00:00:00', '말 그대로 자바의 정석이 되는 내용들이 담겨있는 책입니다', 5, 14, 79),
(1083, '2021-08-15 00:00:00', '설명이 자세해서 좋습니다!', 4, 15, 79),
(1084, '2021-08-13 00:00:00', '자바의 정석 정말 정석입니다~~~.', 5, 16, 79),
(1085, '2021-08-09 00:00:00', '꼭 여러번 반복해서 공부합시다', 5, 17, 79),
(1086, '2021-07-30 00:00:00', '초보자 책으로 좋습니다. 이해 안되는 부분은 무료강의 제공되어 많은 도움 됩니다.', 5, 18, 79),
(1087, '2021-07-26 00:00:00', '좀 두껍긴 하지만 기본 개념부터 상세하게 설명되어 있어서 자바에 대하여 조금 더 깊게 공부하기 좋습니다.', 5, 19, 79),
(1088, '2021-07-15 00:00:00', '최고의 책입니다!', 5, 20, 79),
(1089, '2021-06-28 00:00:00', '말그대로 자바의 정석처럼 느껴졌습니다', 5, 21, 79),
(1090, '2021-06-25 00:00:00', '5년이나 지난 구판으로 JDK와 Ediplus 설치를 하려니 열흘만에 두손 들고 다른 책을 다시 구매했습니다.', 2, 22, 79),
(1091, '2021-06-16 00:00:00', '자바를 배우기에 가장 좋은 책', 5, 23, 79),
(1092, '2021-04-12 00:00:00', '역시 자바공부엔 자바의정석이네요~', 5, 24, 79),
(1093, '2021-01-11 00:00:00', '잘 읽을게요', 5, 25, 79),
(1094, '2021-01-05 00:00:00', '자바를 오랜만에 다시 시작하는데 많은 도움이 됩니다.', 5, 26, 79),
(1095, '2020-11-21 00:00:00', '좋아요', 5, 27, 79),
(1096, '2020-09-10 00:00:00', '열심히 공부하고 있습니다.', 5, 28, 79),
(1097, '2020-08-14 00:00:00', '프로그래밍 언어계의 정석인것같아요', 5, 29, 79),
(1098, '2022-12-15 00:00:00', '처음 사용하는데 도움돼요', 5, 1, 82),
(1099, '2022-12-06 00:00:00', '서비스 소개 목적에는 맞지만 출판물이라는 포맷에서는 아쉬운 면이 있습니다', 3, 2, 82),
(1100, '2022-11-23 00:00:00', '노션을 사용하고 싶은데 업무환경상 자연스레 접하지 못하는 분들에게 추천합니다.', 5, 3, 82),
(1101, '2022-11-23 00:00:00', '노션을 사용하고 싶은데 업무환경상 자연스레 접하지 못하는 분들에게 추천합니다.', 5, 4, 82),
(1102, '2022-11-14 00:00:00', '리액트의 교과서입니다. 기술 블로그 <velog>를 만든 김민준 님께서 쓰신 책입니다. 책 구성도 알차고 설명도 매우 친절합니다. 또한 계속 개정판이 나오고 있어모던한 웹을 구성할 수 있게 도와줍니다.', 5, 1, 81),
(1103, '2022-08-19 00:00:00', '잘쓰여져있네요 열심히 하겠습니다', 5, 2, 81),
(1104, '2022-07-03 00:00:00', '완전 처음 react를 접하는데 있어서 약간 어려움이 있음', 5, 3, 81),
(1105, '2022-06-25 00:00:00', '책이 아주 좋습니다.', 5, 5, 81),
(1106, '2022-01-29 00:00:00', '리액트 정리하는 데 이 만한 책도 없는 것 같습니다. 책 너무 잘샀었어요!', 5, 4, 81),
(1107, '2022-01-29 00:00:00', '리액트를 다루는 기술(개정판)', 5, 6, 81),
(1108, '2021-12-18 00:00:00', '개발자인 친구가 공부할 때 이책으로 공부했다고 해서 저도 따라샀습니다! 책이 매우 두꺼워서 언제 다볼 수 있을지 걱정이지마뉴ㅠ 그래도 다 봐야겠죠? 책이 매우 알차서 좋은것같아요!!', 5, 7, 81),
(1109, '2021-09-27 00:00:00', '공부되네요. 잘 보겠습니다.', 5, 8, 81),
(1110, '2021-09-01 00:00:00', '저자가 유명하신분이라 믿고 구입했어요.', 5, 9, 81),
(1111, '2021-07-14 00:00:00', '리액트 책은 이책만 보세유 바이블입니다', 5, 10, 81),
(1112, '2020-11-23 00:00:00', '열심히 공부하겠습니다', 5, 11, 81),
(1113, '2021-05-24 00:00:00', '도입부가 초보분들껜 다소 어렵게 느껴집니다. 다만 찬찬히 따라하다보면 어느 순간 쉽게 따라 갈 수 있습니다. 세세한 부분까지 설명되어 있어 구매해서 공부하기 좋은 것 같네요', 5, 12, 81),
(1114, '2021-05-01 00:00:00', '책 표지가 찢어져서 옴.. 저자 잘못은 아니니 그냥 별점은 만점준다 애효', 5, 13, 81),
(1115, '2021-04-23 00:00:00', '아직 많이 읽지는 않았지만 쉽게 이해할 수 있어서 좋습니다!', 5, 14, 81),
(1116, '2021-03-07 00:00:00', '리액트교과서', 5, 15, 81),
(1117, '2021-02-22 00:00:00', '책에 너무 많은 내용을 담으려고 한 것 같다.빠르게 익혀서 실무에 적용하려는 사람에게는 맞지 않을 수 있다. 실무에서 쓰이지 않는 내용이 차지하는 비중이 꽤 많고 그렇다보니 책 분량이 상당하다.', 5, 16, 81),
(1118, '2021-02-16 00:00:00', '리액트 처음 공부해보는데 정말 많은 도움이 되었어요!!', 5, 17, 81),
(1119, '2021-02-16 00:00:00', '자세히 나와있어서 좋아요', 5, 18, 81),
(1120, '2021-01-11 00:00:00', '리액트를 할꺼면 이책 봐라', 5, 19, 81),
(1121, '2020-12-18 00:00:00', '진작에 살 껄 ㅠㅠ', 5, 20, 81),
(1122, '2020-11-06 00:00:00', '생각보다 깔끔하네요', 5, 21, 81),
(1123, '2020-11-03 00:00:00', '리액트 공부하기 딱 좋은 책입니다.', 5, 22, 81),
(1124, '2020-09-24 00:00:00', '초보자한테는 조금 어려운 책일듯합니다. 다만 리액트 관련해서 필요한 부분들은 대부분 잘 설명하고 있는 책입니다.', 5, 23, 81),
(1125, '2020-08-06 00:00:00', '회사에서 작업을 시작하려고 읽어봤는데 가독성이 매우 좋습니다. 추천합니다.', 5, 24, 81),
(1126, '2020-07-07 00:00:00', '책이 확실히 꼼꼼하고 좋네요 따라하기도 좋아요', 5, 25, 81),
(1127, '2020-06-01 00:00:00', '오탈자 수정, 검수도 안한 책.책을 보는 사람이 일일이 찾아서 알려줘야 함.외국 서적을 번역해서 보는게 더 나을듯 함.처음 배워보시는 분들한테는 비추천함.', 5, 26, 81),
(1128, '2020-09-11 00:00:00', '예제도 좋고 설명도 친절합니다', 5, 27, 81),
(1129, '2020-08-10 00:00:00', '꼭 읽어보세요 추천합니다 : )', 5, 28, 81),
(1130, '2020-07-17 00:00:00', '예제가 좋아요', 5, 29, 81),
(1131, '2020-07-16 00:00:00', '아주아주 좋습니다', 5, 30, 81),
(1132, '2022-11-18 00:00:00', '많은 도움이 되는 도서이며, 배송은 말할것도 없이 깔끔하고 빠르게 진행되었습니다. 포인트 등 교보문고에서 구입하는 만족감이 큽니다.', 5, 1, 84),
(1133, '2022-11-12 00:00:00', 'UX/UI 디자이너를 위한 실무 피그마', 5, 2, 84),
(1134, '2022-11-12 00:00:00', '매우 만족스러운 강좌였습니다. 다만 이 책이 나오기 전에 피그마가 또 업데이트 되버리는 바람에 맞는 기능을 찾는게 힘들었습니다. 새로 배우시려는 분들은 노력 좀 해야 겠네요.', 5, 3, 84),
(1135, '2022-11-06 00:00:00', '내용이 좋아요 굳굳', 5, 4, 84),
(1136, '2022-11-26 00:00:00', '새로운 개념을 배워보겠어요', 5, 1, 83),
(1137, '2022-09-27 00:00:00', '공부하려고 샀습니다.', 5, 2, 83),
(1138, '2022-08-03 00:00:00', '잘읽겠습니다.감사합니다.', 5, 3, 83),
(1139, '2022-08-02 00:00:00', '좋은 책 감사드립니다!', 5, 5, 83),
(1140, '2021-10-26 00:00:00', '정말 많은 도움이 됩니다~', 5, 4, 83),
(1141, '2021-09-06 00:00:00', '창업 초기부터 혁신까지 중요한 부분들을 모두 짚어주어 도움이 많이 됐습니다.', 5, 6, 83),
(1142, '2021-07-12 00:00:00', '모든 기업의 유용한 경영방식입니다', 5, 7, 83),
(1143, '2021-04-21 00:00:00', '최고의책.창업에 국한되지 않고일상 모든곳에 적용 가능한 이론낭비를 줄이는 최강의 효율', 5, 8, 83),
(1144, '2021-03-21 00:00:00', '린하게 가자', 5, 9, 83),
(1145, '2021-01-02 00:00:00', '스타트업뿐만 아니라 대기업에 적용되는 일하는 방식', 5, 10, 83),
(1146, '2020-03-12 00:00:00', '내가 난독증이 있는것인가? 이 책의 내용은 유용하기는 한데 전체적으로 문장을 이해하기 어렵다. 내용이 어렵다기 보다 전체적인 문맥을 이해할 수 없어 각 단락을 두 번 이상 다시 봐야 한다. 내가 책 읽는 속도가 빠르지는 않지만 요 근래 본 책 중 가장 오랜 시간을 투자해야 했다. 번역이 잘못된 것인가?', 5, 11, 83),
(1147, '2017-03-11 00:00:00', '사업을 하는 사람으로서 참고할 만한 기발한 기법이 많기는 한데, 무슨 말인지 도저히 이해할 수 없는 문장이 너무나 많다. 작자가 잘못 쓴 것인지 번역자가 잘못 번역한 것인지는 모르겠지만 이는 이 책의 큰 단점이다.', 5, 12, 83),
(1148, '2020-12-11 00:00:00', '재미있습니다.', 5, 13, 83),
(1149, '2020-10-30 00:00:00', '읽기가 편하고 인사이트를 얻을수있는책 입니다', 5, 14, 83),
(1150, '2020-02-21 00:00:00', '너무 좋아요!', 5, 15, 83),
(1151, '2019-10-20 00:00:00', '창업시 꼭 공부해야되는 책', 5, 16, 83),
(1152, '2019-09-14 00:00:00', '오프라인 주의 창업가들에게도 도움이 될지도.', 5, 17, 83),
(1153, '2019-05-11 00:00:00', '생각을 많이하게해준 책이었다.', 5, 18, 83),
(1154, '2019-04-07 00:00:00', '창업과학, 과학적 창업 방법론', 5, 19, 83),
(1155, '2018-04-30 00:00:00', '창업에 흥미를 가질수 있어요ㅋ', 5, 20, 83),
(1156, '2016-10-07 00:00:00', '창업안의 창업을 담은 책이라고 생각한다. 뻔한 혁신의 방법이 아닌, 중요한 것을 혁신하는 방법론을 담았다.', 5, 21, 83),
(1157, '2022-11-13 00:00:00', 'c언어는 물론 코딩 자체가 완전 처음인 초보자 입장에서 아주 친절한 책인 것 같습니다.', 5, 1, 85),
(1158, '2022-11-13 00:00:00', ' 강력하게 추천하고 싶은 책입니다!', 5, 2, 85),
(1159, '2022-11-05 00:00:00', '그동안 나도코딩님의 유튜브 강의로 파이썬을 배웠습니다. 처음으로 코딩을 배웠는데 정말 쉽게 설명 잘 해주시더라구요. 정리가 되어있는 책도 있었으면 좋겠다 생각하고 있었는데 이번에 C 언어 입문 책이 나왔네요^^.', 5, 3, 85),
(1160, '2022-11-04 00:00:00', '도움이 많이 됐습니다. 좋아요.', 5, 4, 85),
(1161, '2022-10-25 00:00:00', '유튜브 강의 듣고 바로 구매했어요 C언어 입문자가 공부하기에 아주 좋은책입니다 유튜브+교재 아주 강력추전입니다', 5, 5, 85),
(1162, '2022-10-14 00:00:00', 'c언어를 입문하려고 했는데 어려울 것같아서 망설였는데 나도코딩님의 재미있고 쉬운강의가 책으로 나온다고 해서 구매했습니다.', 5, 6, 85),
(1163, '2022-12-15 00:00:00', '유튜브 보면서 책으로 공부하니까 재밌고 좋네요', 5, 1, 86),
(1164, '2022-12-08 00:00:00', '2023 유선배 SQL개발자(SQLD) 과외노트 도서입니다. 합격을 위한 커리큘럼으로 준비된 과외노트와 유튜브로 제공되는 무료 동영상 강의로 확실히 SQL개발자(SQLD) 준비를 할 수 있습니다. 이론마다 레벨업 테스트가 있어서 직접 문제를 풀어보면서 이론을 체득할 수 있고, 저자가 출제경향을 분석하여 쓴 이론과 이해를 돕는 그림, 표 등이 수록되어 있어서 효율적인 학습이 가능합니다. 문제마다 상세한 해설이 적혀있어서 한 문제 한 문제를 정확하게 풀 수 있으며, 실제 시험과 비슷한 수준으로 생성한 적중예상문제를 통해 어떤 문제가 어떤 형식으로 출제되는지 확인할 수 있고 직접 문제를 풀면서 내 실력이 어느정도인가도 확인할 수 있습니다. 그래서 이 책을 추천합니다.', 5, 2, 86);
INSERT INTO `review_info` (`ri_seq`, `ri_date`, `ri_content`, `ri_score`, `ri_mi_seq`, `ri_bi_seq`) VALUES
(1165, '2022-11-22 00:00:00', '이 책은 데이터베이스에 대한 기본 지식은 없어도 자격증을 취득하기로 한 초보자들을 위한 도서다. 기술 서적의 경우 전공자를 대상으로 쓰인 책이 대부분이어서 초보자들이 쉽게 이해하며 술술 읽기에는 어렵다. 이 도서는 그러한 어려움을 겪고 있는 초보자들을 위해 SQL개발자 시험의 노하우를 가진 저자가 출제경향을 분석하여 어려운 부분을 콕 짚어서 친절하고 쉽게 설명해준다. 기초 지식이 없는 비전공자들이라면 적극 추천한다.', 5, 3, 86),
(1166, '2022-11-16 00:00:00', '개발자나 엔지니어를 꿈꾸시거나 아니면 자격증을 준비하는 분들에게 좋은 책입니다. 이론을 쉽게 풀어내어 책을 읽다보면 이해가 쉽습니다. 이론 내용이 들어있는 문제가 하단에 있어 바로 풀어볼 수 있습니다. 적중예상문제를 통해 실력을 다져볼 수 있고, 유튜브와 연동해서 학습이 가능합니다. 대략적인 이해가 된다면 바로 함수를 적용해보는 연습을 하는 것이 중요합니다. 컴퓨터에서 입력하는 것으로는 모자란다면 실제로 손으로 써보는 연습을 하는 것을 추천드립니다.', 5, 5, 86),
(1167, '2021-11-09 00:00:00', '초보자도 쉽게 접근할수 있게 구성했다는 문구에 제일 먼저 눈길이 갔습니다. 베스트 1위에 유튜브 무료 동영상 강의까지 제공되니 저같은 초보자에겐 더 없이 좋은 구성일수 없으니깐요... 전문서적의 경우 무슨 말인지 이해하기 어려워 막막하고 한데 이건 저자의 경험에서 우러나와서 인지 이해하기 쉽게 풀어쓴 핵심이론과 레벨업 테스트로 이론을 차곡차곡 쌓은 후 적중예상문제로 실전 감각을 익히고 해설로 부족함도 채우면 되니깐요 마지막 마무리로느 부록으로 준비된 스피드 퀴즈로 시험전 마무리하면 굿~~', 5, 4, 86),
(1168, '2021-11-02 00:00:00', 'SQL개발자를 준비하는 모든 여러분 안녕하세요 SQL을 준비하시는 데 어떤것부터 어떻게 무엇을 준비해야 하는지 잘 모르실 것 같습니다. SQL을 공부하고 싶은데 접하기도 쉽지 않고 혼자서도 잘 되지 않는 법이죠. 그렇다면 유선배 SQL개발자 교재와 같이 공부해보시는 것은 어떠한가요? 이 교재는 SQL개발자 유선배의 노하우와 개발할 때 어떤식으로 하는지 상세하게 작성되어 있는 교재입니다. 그 외로 책의 디자인도 깔끔하며 난잡하지도 않아요 이번에 SQL개발자를 이 교재와 함께 해보시는 것은 어떠한가요?', 5, 6, 86),
(1169, '2022-12-03 00:00:00', '실제로 BI가 ERP 같은 프로그램에서 많이 쓰이고 있습니다. 태블로도 공부하고 있는데 이번 기회에 power BI에 대해서도 공부해보고 싶습니다.', 5, 1, 87),
(1170, '2022-11-30 00:00:00', '데이터분석가를 꿈꾸는 취업준비생입니다. 꼭 이책으로 도움이 되었으면 합니다!!!', 5, 2, 87),
(1171, '2022-11-30 00:00:00', 'Tableau와 streamlit을 이용해 봤는데, 실무에서는 주로 PowerBI를 사용한다고 하여 어떤 책으로 공부를 시작할까 하다가 “데이터 시각화와 탐색 with POWER BI 2nd “이 기존의 내용에 응용실습을 더해 더욱 알차게 재판되었다는 소식을 들었습니다. 하루빨리 책을 읽고 실습해보고 싶습니다!!🙌', 5, 3, 87),
(1172, '2022-11-29 00:00:00', '2nd Edition은 새롭게 퀀트 투자 관련 내용이 추가되었네요. 핫한 이슈인 투자 분석에 대한 내용이 추가되었습니다. 그리고 내용이 더 알차게 보완된 것 같아서 더욱 기대됩니다.', 5, 5, 87),
(1173, '2021-11-28 00:00:00', '첫번째 책으로 POWER BI를 배우고 지금도 업무에 잘활용하고 있는데 새로 나온 두번째은 새로운 분석이 많이 추가되어 너무 기대가됩니다!', 5, 4, 87),
(1174, '2022-12-20 00:00:00', '컴활 활용면에서도 심도있는 내용이 어려운 단어도 쉽게 알 수있어 좋았습니다.', 5, 1, 88),
(1175, '2022-12-09 00:00:00', '아주 아주 좋아요 강추합니다', 5, 2, 88),
(1176, '2022-12-09 00:00:00', '아주 아주 좋아요 강추합니다', 5, 3, 88),
(1177, '2022-12-08 00:00:00', '평소에 말로 여럿 접해서 호기심이갔던 주제들을 너무 쉽게 잘 풀어쓴 책입니다. 최근 카카오장애까지 너무 잘 다뤄주셔서 궁금증이 많이 해소되었습니다!', 5, 5, 88),
(1178, '2021-12-05 00:00:00', '예시로 드는 사례가 구시대적이고 무엇보다도 글이 장황해요.. 입문서라서 풀어쓰느라 그랬겠지 싶어도 사족이 사이사이 끼어있는 느낌입니다.', 5, 4, 88),
(1179, '2021-11-23 00:00:00', '스마트폰시대에 정보와 소통을 할 수 있는 기본기를 갖게 만드는 책입니다!', 5, 6, 88),
(1180, '2022-11-24 00:00:00', '잘 읽었습니다. 도움됩니다.', 5, 1, 90),
(1181, '2022-10-24 00:00:00', '배송이 빠르고, 혼자 공부하는데 도움이 되는 것 같네요', 5, 2, 90),
(1182, '2021-07-08 00:00:00', 'js에 대해 정확히, 깊게 알고 싶으신 분들은 추천드립니다.', 5, 1, 89),
(1183, '2021-11-11 00:00:00', '역시 리뷰대로 엄청 잘 읽히고 자세한 코드 리뷰가 좋네요~', 5, 2, 89),
(1184, '2021-10-14 00:00:00', '깊고 섬세합니다. ', 5, 3, 89),
(1185, '2021-09-08 00:00:00', 'js 원리와 기본을 배우기에 아주 좋은 책인 것 같습니다', 5, 4, 89),
(1186, '2021-12-02 00:00:00', '배송이 빨라요~ 읽을예정예요', 4, 5, 89),
(1187, '2021-09-12 00:00:00', '기본기를 탄탄하게 해주는 좋은 책입니다', 5, 6, 89),
(1188, '2021-09-07 00:00:00', '자바스크립트의 A to Z가 담겨있어서 아주 좋습니다', 5, 7, 89),
(1189, '2021-09-01 00:00:00', '자바스크립트를 깊게 이해하고 싶은 분들에게 추천하는 책', 5, 8, 89),
(1190, '2021-07-26 00:00:00', '처음부터 시작하기 좋은 자바스크립트 !', 5, 9, 89),
(1191, '2021-07-14 00:00:00', '일할때 도움이 많이 됩니다.', 5, 10, 89),
(1192, '2021-12-23 00:00:00', '책의 구성이 무척 좋습니다. 기초부터 시작되기에 처음 자바스크립트를 공부하시는 분들에게도 적합할 것 같습니다.', 5, 11, 89),
(1193, '2022-05-23 00:00:00', '자바스크립트 깊이 있는 이해를 원한다면 강추합니다!', 5, 12, 89),
(1194, '2022-02-03 00:00:00', '챕터 별 흐름이 빨라 끊어 읽기 좋고, 하루 별 공부계획 세우기에도 적합함, 내용이 친절한 편이나, 중간중간 해당 챕터 내 자세히 설명할 예정이라는 문구가 있어 큰 그림을 그리면서 공부해야 함', 5, 13, 89),
(1195, '2022-06-09 00:00:00', '읽을만합니다 도움됩니다', 5, 14, 89),
(1196, '2022-04-22 00:00:00', '잘읽어볼게요……..', 5, 15, 89),
(1197, '2022-04-20 00:00:00', '과외 수업에 쓰고 있는데 유용합니다.', 5, 16, 89),
(1198, '2022-04-16 00:00:00', '꼭 필요한 책이지만, 즉시실행함수 남발 등 코드 예제가 그리 아름답진 않음.', 4, 17, 89),
(1199, '2022-02-01 00:00:00', '컬러라서 좋습니다', 5, 18, 89),
(1200, '2022-01-29 00:00:00', '자바스크립트 정복을 위해서 반드시 거쳐야 할 책!', 5, 19, 89),
(1201, '2021-12-24 00:00:00', '기본부터 다시 다지기에 좋은 것 같습니다', 5, 20, 89),
(1202, '2022-06-15 00:00:00', '내용은 자세합니다. ', 5, 21, 89),
(1203, '2022-12-17 00:00:00', '개념 잡는 데에 도움이 됩니다.', 4, 22, 89),
(1204, '2022-12-05 00:00:00', '재미있게 읽는 책입니다.', 5, 23, 89),
(1205, '2022-11-18 00:00:00', '많은 도움이 되는 도서이며, 배송은 말할것도 없이 깔끔하고 빠르게 진행되었습니다. 포인트 등 교보문고에서 구입하는 만족감이 큽니다.', 5, 24, 89),
(1206, '2022-11-09 00:00:00', '책을 당일 배송으로 받아볼 수 있다는 것이 참 신기하고 그저 감사합니다.', 5, 25, 89),
(1207, '2022-10-16 00:00:00', '자세한설명이 잘되어있어서 너무좋았어요', 5, 26, 89),
(1208, '2022-07-31 00:00:00', '글이 아주 잘 읽히고, 빠르게 습득 됩니다. 내용이 꼼꼼히 작성되어 있어서 좋습니다.', 5, 27, 89),
(1209, '2022-07-25 00:00:00', '자바스크립트에 대한 좋은 설명이 담겨 있습니다.', 5, 28, 89),
(1210, '2022-07-10 00:00:00', '자바스크립트에 대한 장광설. 하지만 그 장광설이 이정도로 많은 분량이라면, 4만원대인 책값의 단점을 충분히 상회한다. 초급자용은 확실히 아니다.', 5, 29, 89),
(1211, '2022-07-08 00:00:00', '두껍긴 한데 잘 읽히고 좋아요', 5, 30, 89),
(1212, '2022-10-25 00:00:00', '에듀윌 책 자세하게 나와서 좋아요', 5, 1, 91),
(1213, '2022-07-12 00:00:00', '2022 에듀윌 전산세무 1급 이론편+실무편+최신 기출', 5, 2, 91),
(1214, '2022-11-09 00:00:00', '최근 들어 비전공자도 코딩을 시작하는 경우가 많습니다. 프런트엔트 분야가 백엔드에 비해 비교적 입문도 쉬울 뿐더러 코드의 무게감이 덜해 보이기도 하기 때문인 것 같습니다. 저 같은 경우에는 전공자지만, 아직 학년이 낮아 접해본 것이 매우 적어 혼자 코딩을 말 그대로 미리 독학해보기 위해 이 책을 샀습니다. 기본적인 언어들은 학교에서 강좌를 통해 듣지만 후에 프로젝트 등을 위해서 미리 공부하는 습관을 들이기에 적절한 책인 것 같습니다.', 5, 1, 92),
(1215, '2022-11-06 00:00:00', '이번 자율학습단을 통해 공부하려고 구매했습니다. 한달안에 완독할수 있도록 시간 배정을 잘하도록 하겠습니다.', 5, 2, 92),
(1216, '2022-11-05 00:00:00', '유튜브로 무료 강의도 볼 수 있고 수코딩 사이트에서 프로그램 설치없이 코드를 직접 입력해서 출력까지 해볼 수 있어서 좋았습니다! 내용도 초보자가 이해하기 쉽게 작성되어 있어 좋았습니다:)', 5, 3, 92),
(1217, '2022-10-31 00:00:00', 'youtube 강의 같이 보면 아주좋아요 초급자에 안성맞춤 입니다', 5, 5, 92),
(1218, '2021-08-25 00:00:00', '자바스크립트 마스터하고 싶어요!', 5, 4, 92),
(1219, '2021-08-04 00:00:00', 'Html 기발해요!!!!', 5, 6, 92),
(1220, '2021-04-22 00:00:00', '편집 디자인도 잘되어 있고 책의 내용도 좋아서 잘 읽히네요. 찾아보니까 유튜브 수코딩 채널에 무료 동영상도 있네요!! 입문서로 적당한 것 같아서 기대됩니다!', 5, 7, 92),
(1221, '2022-12-15 00:00:00', '오이오이 피도리 믿구 있었다구!', 5, 1, 94),
(1222, '2022-10-04 00:00:00', '좋아요 추천합니다 추천', 5, 1, 95),
(1223, '2022-05-22 00:00:00', '너무 좋습니다. 많이 파세요', 5, 2, 95),
(1224, '2022-04-14 00:00:00', '공부하는데 도움이 많이 될 것 같아요. 감사합니다.', 5, 3, 95),
(1225, '2022-01-29 00:00:00', '책에 너무 많은 부연 예제가 너무 많다. 오히려 글로 설명하는 것 좋을 것 같은데 저랑 너무 안맞네요.', 5, 5, 95),
(1226, '2021-01-28 00:00:00', '내용이 잘 정리되어 있어 이해가 잘 됩니다.', 5, 4, 95),
(1227, '2021-12-22 00:00:00', '잘읽힘 내용도 좋은 것 같습니다.', 5, 6, 95),
(1228, '2021-11-21 00:00:00', '정말 정말 좋아요.', 5, 7, 95),
(1229, '2021-11-05 00:00:00', '좋은책인거 같습니다.', 5, 8, 95),
(1230, '2021-10-18 00:00:00', '컨테이너 인프라 환경 구축을 위해 많은 도움이 될것 같습니다.', 5, 9, 95),
(1231, '2021-10-13 00:00:00', '도커, 쿠버네티스에 대한 입문서로 비추입니다.', 5, 10, 95),
(1232, '2021-06-22 00:00:00', 'CICD까지 고려한 책은 아마 유일할듯 devops 나 MLOps 를 공부하는데 도움이 될만한책', 5, 11, 95),
(1233, '2021-06-15 00:00:00', '솔직히 A부터 Z까지 기능만 줄줄이 나열해놔서 읽다 지치길 반복하는 기술 서적들이 많은데, 예제가 따라하기 쉽고 흥미로워서 저같이 입문자의 입장에서 예제를 따라 하다 보면 쿠버네티스가 뭔지, 왜 쓰는지 이해할 수밖에 없는 책인 것 같습니다. 입문 서적으로 매우 추천합니다.', 5, 12, 95),
(1234, '2021-06-12 00:00:00', '쿠버네도커에 간단한 개념과 사용법을 알고 싶은 사람들에게 매우 좋은 책, 모니터링 구축 예제까지 아주 좋습니다.', 5, 13, 95),
(1235, '2021-09-23 00:00:00', '관심이 생겨서 구매하게 되었는데 잘 읽도록 하겠습니다.', 5, 14, 95),
(1236, '2021-07-10 00:00:00', '쿠버를 시작하기에도, 시작하고나서도 읽기 좋은 책입니다.왜 쿠버를 써야 하는지, 쿠버를 쓰면 모두에게 이로운지 알 수 있습니다. 새로운 인프라 환경에 앞서 나갈 수 있습니다.', 5, 15, 95),
(1237, '2021-07-05 00:00:00', '직접 인프라 환경을 구축하고 모니터링해서 관리 자동화까지 구현할 수 있다', 5, 16, 95),
(1238, '2021-06-27 00:00:00', '정성들여 꼼꼼히 쓰여진 책입니다. 캡쳐나 삽화도 충실하고, 부록으로 kubectl을 통한 트러블슈팅 순서도까지 첨부되어 있네요. 덕분에 광범위한 주제를 다루고 있지만 단순히 트랜디한 기술들만 맛보기로 나열하고 끝낸 책이 아니라는 걸 많이 느꼈습니다.', 5, 17, 95),
(1239, '2021-06-21 00:00:00', '잘 읽히고 좋은 내용입니다', 5, 18, 95),
(1240, '2021-06-21 00:00:00', '친절한 그림 설명이 많아서 개념 이해하는데 도움이 많이 되었습니다.예를 들면 오브젝트의 yaml파일을 그냥 설명하는게 아니라, 텍스트로 yaml파일을 보여주고, 그림으로 한번 더 yaml파일을 표현해서 설명하는 식으로 책에 나와있는데, 이런 방법들이 저같이 ‘야믈 파일에 익숙해지려면 손코딩을 해야하나?’같은 시행착오와 고민을 많이 했던 사람으로선 훨씬 이해가 잘 되었습니다.쿠버네티스 입문 서적으로 매우 추천합니다 :D', 5, 19, 95),
(1241, '2022-12-19 00:00:00', '기본적인 CS 지식으로 개발자 혹은 인프라 관리자 등 다양한 분야에서 도움이 됩니다..', 5, 1, 97),
(1242, '2022-12-16 00:00:00', '한번쯤 다시 복습하는 느낌으로 읽으면 좋습니다.', 5, 2, 97),
(1243, '2022-11-08 00:00:00', '책 내용이 좋은거 같아요.', 5, 3, 97),
(1244, '2022-08-14 00:00:00', '면접준비 중인데 헷갈리는 전공 지식을 다시 복숩할 수 있어서 좋았습니다.', 5, 4, 97),
(1245, '2022-08-09 00:00:00', '좋은 책 감사합니다. 다음에도 좋은 책감사합니다..', 5, 5, 97),
(1246, '2022-08-03 00:00:00', '내용이 아주 좋아요.', 5, 6, 97),
(1247, '2022-06-27 00:00:00', '면접에 필요한 CS 지식을 한권으로 익힐 수 있어서 좋은 책입니다.', 5, 7, 97),
(1248, '2022-06-01 00:00:00', '전공자 비전공자 가릴것 없이 이제 막 대학교 졸업한 취업 준비생 또는 주니어 레벨이라면 꼭 읽기를 권장한다.', 5, 8, 97),
(1249, '2022-05-30 00:00:00', '아쉬움이 많은책..깃헙에 면접 정리 잘되어있는 레포들 많다. 거기가 더 낫다...다른 더 중요한 내용들이 많이 빠짐 정리용도로만 보시길.', 5, 9, 97),
(1250, '2022-05-15 00:00:00', '전공서적을 외우는 방식으로 하게 되면, 잘 까먹게 되고 기억해 내는데 힘들다.', 3, 10, 97),
(1251, '2022-05-01 00:00:00', '솔직히 말하면 이 책을 구매한게 너무 돈 아깝고 후회됩니다..', 3, 11, 97),
(1252, '2022-05-01 00:00:00', '전공서적을 외우는 방식으로 하게 되면, 잘 까먹게 되고 기억해 내는데 힘들다..', 1, 12, 97),
(1253, '2022-12-01 00:00:00', '생각보다 좋은 책입니다', 5, 1, 98),
(1254, '2022-05-02 00:00:00', '감사합니다. 감사합니다.', 5, 2, 98),
(1255, '2021-12-11 00:00:00', '배송이 빨라서 좋아요', 5, 3, 98),
(1256, '2021-11-07 00:00:00', '공부하기 좋은 책 같음', 5, 5, 98),
(1257, '2021-06-29 00:00:00', '공부하기좋다고하네요.도움이 됩니다.', 5, 4, 98),
(1258, '2021-05-02 00:00:00', '유익하고 좋습니다.', 5, 6, 98),
(1259, '2021-04-24 00:00:00', 'C++로 하는 코딩 테스트 대비', 5, 7, 98),
(1260, '2021-12-10 00:00:00', '편집도 깔끔하고 요즘 문단 디자인도 요즘 스타일이네요 ㅋㅋ', 5, 8, 98),
(1261, '2022-11-15 00:00:00', '업무용으로 구입하였습니다. 잘 읽겠습니다. 감사합니다.', 5, 1, 99),
(1262, '2022-10-18 00:00:00', '오래전에 쓰여진 책이지만 여전히 그 내용은 지금도 유효하군요.', 5, 2, 99),
(1263, '2022-06-07 00:00:00', '이 정석을 잘만 마스터링할 일 만 남았네요', 5, 3, 99),
(1264, '2022-06-03 00:00:00', 'java sript로 공부하기에 너무 좋은 책입니다.', 5, 4, 99),
(1265, '2022-04-30 00:00:00', '리팩토링의 대가에게 배우는 리팩토링 방법', 5, 5, 99),
(1266, '2022-04-12 00:00:00', '리팩토링의 기본을 배우기위해 구입했습니다.', 5, 6, 99),
(1267, '2022-04-10 00:00:00', '리팩토링 개념을 잡을 수 있는책!!', 5, 7, 99),
(1268, '2022-02-14 00:00:00', '공부하기 좋은 책이에요', 5, 8, 99),
(1269, '2022-01-27 00:00:00', '배송이 빨랐어요. 잘 읽을게요.', 5, 9, 99),
(1270, '2022-01-18 00:00:00', '리팩토링 기초에 교과서', 5, 10, 99),
(1271, '2022-01-15 00:00:00', '리팩토링은 개발에 있어서 필수입니다.', 5, 11, 99),
(1272, '2021-12-12 00:00:00', '자바스크립트로 되어 있어도 읽기 부담이 없었습니다. 리펙터링에 대해 알 수 있습니다.', 5, 12, 99),
(1273, '2021-11-10 00:00:00', '처음 읽었을때는 난해했는데 지금은 읽을만해요', 5, 13, 99),
(1274, '2021-11-02 00:00:00', '잘받았습니다.잘보겠습니다.', 5, 14, 99),
(1275, '2021-10-19 00:00:00', '고전이고 실무에도 유용해요', 5, 15, 99),
(1276, '2021-10-03 00:00:00', '잘읽겠습니다.감사합니다', 5, 16, 99),
(1277, '2021-08-16 00:00:00', '유용합니다~~~~~', 5, 17, 99),
(1278, '2021-08-11 00:00:00', '열공해보겠습니다. 화이팅', 5, 18, 99),
(1279, '2021-07-09 00:00:00', '예시가 친숙하지 않아서 불편하기도 하고 변수 명도 그냥 추리해서 이런의미겟꺼니 해석하면서 읽어나가ㅡㄴㄴ중. 전체적으로 많은 것을배울ㄹ 수 있을듯 싶음.ㅋㄷㄷㅋ', 5, 19, 99),
(1280, '2021-07-07 00:00:00', '추천 받아서 샀는데 좋은 것 같아요', 5, 20, 99),
(1281, '2021-07-01 00:00:00', '역시 명성대로 입니다.. 굿굿!!', 5, 21, 99),
(1282, '2021-03-06 00:00:00', '개발자라면 읽어야 할 책', 5, 22, 99),
(1283, '2021-01-04 00:00:00', '어렵지만 정리가 잘되어있네요', 4, 23, 99),
(1284, '2020-12-25 00:00:00', '도움이 많이 되었습니다.', 5, 24, 99),
(1285, '2020-12-14 00:00:00', '정말 좋습니다', 5, 25, 99),
(1286, '2020-12-05 00:00:00', '이 책의 명성을 듣고 방설이다 구매했네요. 이제 중급으로 갑니다', 5, 26, 99),
(1287, '2020-12-01 00:00:00', '좋은내용 많습니다!!!!', 5, 27, 99),
(1288, '2020-11-24 00:00:00', '리펙토링에 대해서 다시 한번 알 수 있었던 책인 것 같습니다.', 5, 28, 99),
(1289, '2020-11-12 00:00:00', '조금 오래된 책이기도하지만 기본적으로 객체지향을 중요시하는 언어들이라면 꼭 읽어주면 좋습니다.', 5, 29, 99),
(1290, '2020-11-10 00:00:00', '애자일 방법으로 막상 무작정 개발하고 나니 인터페이스 등 다듬을 부분이 많이 보였습니다. 이 책으로 어떻게 리팩터링을 시작할지 감을 잡는데 굉장한 도움이 되었습니다.', 5, 30, 99),
(1291, '2022-11-27 00:00:00', '어려운 부분뿐만 아니라 문법 설명할 때 그림이나 플로우차트를 이용해서 설명해서 C언어 처음 접하는 사람한테 좋은 책입니다.', 5, 1, 100),
(1292, '2022-11-07 00:00:00', '혼공하기에 이렇게 쉬운 책은 처음임.', 5, 2, 100),
(1293, '2022-11-07 00:00:00', '도움이 되었습니당', 5, 3, 100),
(1294, '2022-10-10 00:00:00', '어디 부분은 기본 개념이라 확실히 이해하고 넘어가야 한다는 코멘트도 달려있어 학습에 도움이 되었다.', 5, 4, 100),
(1295, '2022-08-21 00:00:00', '유용하게 잘 활용하고 있어 요', 5, 5, 100),
(1296, '2022-07-13 00:00:00', '한번쯤은 읽어보면 좋을듯 합니다.', 5, 6, 100),
(1297, '2022-06-10 00:00:00', '이번엔 꼭 c정복 한닷!!', 5, 7, 100),
(1298, '2022-04-24 00:00:00', '평소 꼭 사보고 싶었는데 아제야 보게 되네요', 5, 8, 100),
(1299, '2022-04-04 00:00:00', '전공서적으로 열심히 봐야겠어요', 5, 9, 100),
(1300, '2022-03-14 00:00:00', '쉽게 설명해준답시고 희한하게 길게 설명해서 더 헷갈리는 듯한 느낌...', 3, 10, 100),
(1301, '2022-02-20 00:00:00', '이 책을 읽고 남의 컴퓨터를 해킹해보는게 목표에요.', 5, 11, 100),
(1302, '2021-11-09 00:00:00', '책 제목 그대로 혼자 공부하는 C언어 .', 5, 12, 100),
(1303, '2022-03-06 00:00:00', '이 책은 저같은 비전공 입문자가 읽어도 될 만큼 정말 잘 설명해줍니다..', 5, 13, 100),
(1304, '2022-02-07 00:00:00', 'C언어 처음부터 차근차근 공부해 보기 위해 구매했어요.', 5, 14, 100),
(1305, '2022-02-01 00:00:00', '프로그래밍에 관심 많은 아이를 위해 구매했는데 초등학생이 보기에는 무리네요 좀 더 크면 보길 기대해봅니다.', 3, 15, 100),
(1306, '2021-11-13 00:00:00', '친절하고 자세해서 좋아요..', 5, 16, 100),
(1307, '2021-10-19 00:00:00', '혼자 공부하기 좋아요..', 5, 17, 100),
(1308, '2021-10-04 00:00:00', 'c언어를 배우고싶다면 이책을 선택한걸 후회하지 않을것이다.', 5, 18, 100),
(1309, '2021-08-16 00:00:00', 'c언어 기초를 잡기 충분한 교재.', 5, 19, 100),
(1310, '2021-07-15 00:00:00', '중학생도 혼자 공부할 수 있습니다', 5, 20, 100),
(1311, '2021-07-10 00:00:00', '독학하는데 아주 좋습니다', 5, 21, 100),
(1312, '2021-07-07 00:00:00', '비전공자에게 단비 같은책', 5, 22, 100),
(1313, '2021-06-25 00:00:00', '혼자서 공부하기 좋은 책입니다.', 5, 23, 100),
(1314, '2021-06-04 00:00:00', '좋아요', 5, 24, 100),
(1315, '2021-05-24 00:00:00', '내용의 예제분석을 잘하는 것이 이 책은 핵심입니다. 정확히 이론을 이해하고 책에서 나오는 예제를 응용할 수 있다면 익숙하게 문제를 풀 수 있을 겁니다.', 5, 25, 100),
(1316, '2021-05-23 00:00:00', '좋네요 아주좋네요 아주좋네요 아주좋네요 아주', 5, 26, 100),
(1317, '2021-05-23 00:00:00', '제목 그대로 비전공자도 혼자서 여러 예제를 통해 하나씩 이해해가며 공부하기에 좋은 교재인거 같아요', 5, 27, 100),
(1318, '2021-05-17 00:00:00', '좋아여 좋아요 좋아요 좋아요', 5, 28, 100),
(1319, '2021-04-10 00:00:00', '동영상도 제공되고, 내용도 비전공자 이해하기에 쉬워서 진짜 좋습니다.', 5, 29, 100),
(1320, '2021-03-29 00:00:00', '제목 값 한다고 말할 수 있을 만큼 혼자 공부하는 데 최적화 되있는 책이에요 쉽고 자세합니다', 5, 30, 100),
(1321, '2022-11-30 00:00:00', '빠른 배송 감사합니다 ㅎㅎ', 5, 1, 101),
(1322, '2022-08-16 00:00:00', 'IT 기획자가 되기위한 좋은 도서입니다.', 5, 2, 101),
(1323, '2022-08-13 00:00:00', '유용합니다. 재밌어요', 5, 3, 101),
(1324, '2022-08-04 00:00:00', '내용도 좋고 재미있습니다.', 5, 4, 101),
(1325, '2022-07-02 00:00:00', '인프라 전반에 거쳐서 다양한 컨셉을 제공하는 책입니다', 5, 5, 101),
(1326, '2022-06-01 00:00:00', '인프라 구조에 많은 인사이트를 얻을 수 있는 책', 5, 6, 101),
(1327, '2022-01-05 00:00:00', '많은 인사이트를 얻었습니다. 추천합니다.', 5, 7, 101),
(1328, '2021-07-09 00:00:00', 'IT인프라에 대해서 전반적으로 잘 정리되어 있다. 다만, 한권의 책으로는 모든 내용을 상세히 담기에는 역부족이기에, 필요한 파트는 다른 도서를 통해 보충하는 것이 좋을 듯 싶다.', 4, 8, 101),
(1329, '2021-06-08 00:00:00', 'IT 인프라 구조 독학에 좋습니다', 5, 9, 101),
(1330, '2021-03-07 00:00:00', '이해하기 쉽습니다. 감사합니다.', 5, 10, 101),
(1331, '2021-02-10 00:00:00', '그림이랑 설명이 너무 잘 되어 있어서 이해하기 편했어요!!', 5, 11, 101),
(1332, '2021-02-09 00:00:00', '처음부터 정독해볼 예정입니다.', 5, 12, 101),
(1333, '2022-12-08 00:00:00', '보기쉽게되어있어서 좋아요', 5, 1, 102),
(1334, '2022-11-22 00:00:00', '쉽게되어있어 초보자도이해잘가요', 5, 2, 102),
(1335, '2022-11-21 00:00:00', '이 책 잘 활용해서 고수가 되보겠습니다. ㅋㅋ', 5, 3, 102),
(1336, '2022-11-13 00:00:00', '많은편집방법예제들이있어좋습니다', 5, 4, 102),
(1337, '2022-09-11 00:00:00', '초보자도 쉽게 따라할 수 있어서 좋아요', 5, 5, 102),
(1338, '2022-08-15 00:00:00', '제공되는 예제파일로 따라하면서 익히기 좋아요.상세하고 이해하기 쉽게 설명되어 있어 저처럼 프리미어 초보자에게는 딱이네요', 5, 6, 102),
(1339, '2022-08-12 00:00:00', '편집왕초보한테 유용한 책', 5, 7, 102),
(1340, '2022-07-18 00:00:00', '유용합니다~~~!!!', 5, 8, 102),
(1341, '2022-03-31 00:00:00', '배송 진짜 빠르고 좋아요..잘 받았습니다..감사합니다..', 5, 9, 102),
(1342, '2022-02-24 00:00:00', '무엇을이 있다면 도움이 되는...', 5, 10, 102),
(1343, '2021-06-24 00:00:00', '편집의 기본에 아주 좋은 책입니다.', 5, 11, 102),
(1344, '2021-05-12 00:00:00', '잘 읽겠습니다 공부에 도움이 됩니다', 5, 12, 102),
(1345, '2021-05-05 00:00:00', '책보고 잘따라하지 못하는 타입인데 잘 따라할만큼 정리가잘되어있어요', 5, 13, 102),
(1346, '2021-05-02 00:00:00', '유튜브 영상 편집을 위한 프리미어 프로', 5, 14, 102),
(1347, '2021-04-28 00:00:00', '영상편집 교육에 좋아용', 5, 15, 102),
(1348, '2021-04-08 00:00:00', '편집도 좋고 설명도 쉬워 재밌게 잘 읽었네요.', 5, 16, 102),
(1349, '2021-04-07 00:00:00', '정리가 잘 되어있는 책입니다 아주 유용해요~', 5, 17, 102),
(1350, '2021-03-08 00:00:00', '유튜브 영상 편집을 위한 프리미어 프로', 5, 18, 102),
(1351, '2021-03-02 00:00:00', '좋아요', 5, 19, 102),
(1352, '2021-02-20 00:00:00', '도움이 많이 되었어요', 5, 20, 102),
(1353, '2022-02-15 00:00:00', '유튜브 영상 올리는걸 이 책을 보면서 시작하려 하는데 내용이 읽기쉽고 이해하기 쉽게 되어있어요.', 5, 21, 102),
(1354, '2022-01-29 00:00:00', '내용 좋아요. 유익한 책 내용 감사합니다.', 5, 22, 102),
(1355, '2022-01-04 00:00:00', '영상 편집에 꼭 필요한 책입니다.초보자도 쉽게 접근할수 있게 설명도 좋고 너무나 좋은 책입니다.', 5, 23, 102),
(1356, '2021-12-30 00:00:00', '공부하려고 샀는데 좋습니다.', 5, 24, 102),
(1357, '2021-12-25 00:00:00', '너무좋은책이입니다 추천해요', 5, 25, 102),
(1358, '2021-12-22 00:00:00', '전 5일만에 다 따라했는데요,,', 5, 26, 102),
(1359, '2021-10-01 00:00:00', '영상편집에 관심이 있어서 구매했어요', 5, 27, 102),
(1360, '2021-08-05 00:00:00', '초보자도 쉽게 입문할 수 있게 잘 만들어진 책이네요 잘 보고 배우겠습니다.', 5, 28, 102),
(1361, '2021-07-22 00:00:00', '너무너무 좋아요~!!!', 5, 29, 102),
(1362, '2021-06-30 00:00:00', '딸이 관심이 있어서 구입해줬는데 좋아하더라고요 잘보고있어요', 5, 30, 102),
(1363, '2022-12-15 00:00:00', '업무에 도움이 많이 됩니다.', 5, 1, 103),
(1364, '2022-11-27 00:00:00', '엑셀 기본적인 데이터분석하기 좋네요 감사합니다..', 5, 2, 103),
(1365, '2022-11-07 00:00:00', '일잘러시리즈를 구매합니다.', 5, 3, 103),
(1366, '2022-12-15 00:00:00', '업무에 도움이 많이 됩니다', 5, 1, 106),
(1367, '2022-11-17 00:00:00', '막 입사한 주니어들에게 선물해도 좋을 것 같아요 ㅎㅎ', 5, 2, 106),
(1368, '2022-11-15 00:00:00', '정말 일상, 그리고 회사 생활에서 도움이 되는 유익한 책이였어요 ! 특히 마케팅 관련한 취준생이나 인턴, 직원한테도 권하고 싶은 책이에요. 알찬 구성이라 많이 배우고 정보 얻게 돼서 좋았고 추천합니다 !', 5, 3, 106),
(1369, '2022-11-05 00:00:00', '사회초년생이나, 기획업무를 시작하시는 분들에게 굉장히 유용할 것 같습니다. 기획서 쓸때마다 턱턱 숨이 막히던 시절은 이제 끝! 다양한 아이디어와 기획안들을 하나의 PPT로 정리하는 방법이 잘 설명되어있어서 좋았어요', 5, 4, 106),
(1370, '2022-11-10 00:00:00', '디자인 뿐만 아니라 기획자로서 알아야 할 지식', 5, 1, 105),
(1371, '2022-10-22 00:00:00', '프론트엔드 개발자로써 알아두면 좋을 UI/UX 기본 지식을 정리할 수 있어 설득력있는 주장을 할 수 있습니다.', 5, 2, 105),
(1372, '2022-10-16 00:00:00', 'UX 족집게 강의에요', 5, 3, 105),
(1373, '2022-08-16 00:00:00', '가볍게 보기 좋은 실용적인 ux 관령 도서입니다! 유명한 법칙을 다 알게 되요', 5, 4, 105),
(1374, '2022-08-08 00:00:00', 'UX설계시의 원칙을 명료하게 제시한 책입니다. 읽는동안 무척 행복했습니다..', 5, 5, 105),
(1375, '2022-08-04 00:00:00', 'UI의 10가지 심리학 법칙 추천합니다', 5, 6, 105),
(1376, '2022-07-07 00:00:00', '사무실 책상서랍에 몰래 넣어두고 말막힐때 꺼내서 적은뒤 유용하게 써먹을 수 있는 교과서와 같은 책. 디자인 하다가 이론 부분에서 밀리면 이것만큼 활용 가능하게 딱 정리해둔 책도 드문것 같아요.', 5, 7, 105),
(1377, '2022-03-20 00:00:00', '내용 좋아요. 읽을만 해요.', 5, 8, 105),
(1378, '2022-03-01 00:00:00', '재미있게 읽었습니다.', 5, 9, 105),
(1379, '2021-12-01 00:00:00', '책 내용이 좋습니다', 5, 10, 105),
(1380, '2021-06-07 00:00:00', '사용자의 행동방식을 고려해 더욱 직관적인 UI개발에 도움이 됩니다', 5, 11, 105),
(1381, '2021-05-10 00:00:00', '잘읽었습니다.감사합니다.', 5, 12, 105),
(1382, '2021-04-15 00:00:00', '현재 공부중인 분야의 관련 서적이라 구매했습니다. 얇지만 알찬 내용이라서 왜 필독서라고 하는지 것 같아요. 가볍게 읽기 좋으니 관심 있는 분야라면 추천합니다.', 5, 13, 105),
(1383, '2021-03-09 00:00:00', '문외한인 저도 쉽게 이해할 수 있었고 유용합니다.', 5, 14, 105),
(1384, '2021-03-01 00:00:00', 'UX디자이너라면 한권쯤 소장하세요', 5, 15, 105),
(1385, '2021-02-12 00:00:00', '좋아요. 분량이 적어서 조금 아쉬워요.', 5, 16, 105),
(1386, '2021-01-16 00:00:00', '어쩌면 당연하다고 생각하던 디자인 안터페이스에 대해 심리학적으로 접근하는 것이 흥미로웠고 많은 공부가 되었습니다 :)', 5, 17, 105),
(1387, '2021-01-11 00:00:00', '핵심만 간추린 책이라서 통째로 머릿속에 암기하고 싶을 정도예요.', 5, 18, 105),
(1388, '2020-12-19 00:00:00', '심리학적배경을 설명해줘서 좋습니다.', 5, 19, 105),
(1389, '2021-05-24 00:00:00', '도움이 됩니다. 좋아요.', 5, 20, 105),
(1390, '2020-12-11 00:00:00', '앏은 책에 쉽게 풀어 쓴 ux/ui 설명이라 끊김없이 읽었네요', 5, 21, 105),
(1391, '2020-12-02 00:00:00', '문외한인 저도 흥미롭게 읽었어요. 재미있네요. ㅎㅎ', 5, 22, 105),
(1392, '2020-12-02 00:00:00', '잘보겠습니다. 잘 읽히네요', 5, 23, 105),
(1393, '2020-11-15 00:00:00', '디자인과 심리에 관한 지침서. 작지만 내용이 알차고 구성이 좋가', 5, 24, 105),
(1394, '2020-09-23 00:00:00', 'UI/ UX의 원칙을 알 수 있게 하는 책', 5, 25, 105),
(1395, '2022-11-01 00:00:00', '좀 어렵기는 합니다...', 5, 1, 109),
(1396, '2022-04-07 00:00:00', '탁월한 책입니다', 5, 5, 109),
(1397, '2021-02-21 00:00:00', '내용이 알차고 좋습니다!', 5, 2, 109),
(1398, '2019-11-10 00:00:00', '분명 좋은 내용은 맞다 하지만 독자에게 친절한 책은 아니다', 3, 4, 109),
(1399, '2018-06-26 00:00:00', '좋은 내용입니다.', 5, 3, 109),
(1400, '2017-10-16 00:00:00', '내가 읽어봤던 공학책내가 읽어봤던 IT 에세이 책들 중에는 상당히 잘 읽히는 책이다', 5, 1, 110),
(1401, '2020-09-11 00:00:00', '좋은책입니다.', 5, 2, 110),
(1402, '2020-07-10 00:00:00', '잘읽었습니다...', 5, 3, 110),
(1403, '2020-03-23 00:00:00', '좋아요', 5, 4, 110),
(1404, '2018-08-26 00:00:00', '괜찮아요', 3, 5, 110),
(1405, '2020-05-21 00:00:00', '통계를 전현 모르는 사림에게 기초통계입문서로 추천합니다', 5, 1, 111),
(1406, '2019-01-30 00:00:00', '유용합니다', 5, 1, 112),
(1407, '2019-01-30 00:00:00', 'JSP 리와인드 차 구매를 하게 됐는데 예전에 봤던 책보다 내용이나 질 면에서 읽기도 좋고 좋습니다.', 5, 2, 112),
(1408, '2018-09-28 00:00:00', '입문자를 위해 친절하게 쓰여진 책', 5, 3, 112),
(1409, '2018-08-11 00:00:00', 'jsp 초보자들의 교과서 같은 책입니다', 5, 4, 112),
(1410, '2018-03-13 00:00:00', '잘 읽어 볼께요~', 5, 5, 112),
(1411, '2017-09-17 00:00:00', '그냥 무난합니다', 3, 6, 112),
(1412, '2017-06-15 00:00:00', '아직 50페이지정도만 읽었지만 입문서적으로 좋네요', 5, 7, 112),
(1413, '2017-02-09 00:00:00', '강의 해주시는것처럼 이해가 잘 됩니다. 잘 읽고 고급까지 하겠습니다!!', 5, 8, 112),
(1414, '2016-09-26 00:00:00', '유용한 정보가 많습니다.', 5, 9, 112),
(1415, '2019-02-25 00:00:00', '2018년 말에 샀는데 번역 진짜 엉망이에요. 변수 이름이 largest 인데 주석에 있는 변수 이름을 한글로 번역해놨네요. 아니 변수 이름을 번역하는 사람이 어딨습니까?', 2, 1, 114),
(1416, '2018-04-27 00:00:00', '원서로 보세요. 현재 15년 22일 인쇄판의 번역상태가 최악입니다.특히 예문의 *, - 같은 몇몇 연산자나 포인터 표시가 .으로 쓴게 본격적인 본문 시작인 6장에서도 페이지마다 몇개씩 보일 정도로 검수상태가 나쁩니다. 본문의 오역이나 오탈자야 걸러서 볼 수나 있지 코드 예시에서 한두번도 아니고 연속해서 저러고 있으니 생각없이 보다간 이게 뭔가 할 겁니다.', 2, 2, 114),
(1417, '2022-11-01 00:00:00', '이거야 말로 C++의 정석', 5, 3, 114),
(1418, '2020-05-25 00:00:00', '기본서로 구입했습니자', 5, 4, 114),
(1419, '2019-12-06 00:00:00', '필독서 아닌가 해서 구매했어요', 5, 5, 114),
(1420, '2019-10-14 00:00:00', '씨플의 정석', 5, 6, 114),
(1421, '2018-12-25 00:00:00', '전설적인 책입니다.', 5, 7, 114),
(1422, '2018-09-09 00:00:00', '무지 두꺼워요ㅋ', 2, 8, 114),
(1423, '2018-03-11 00:00:00', '두껍ㅎㅎ', 5, 9, 114),
(1424, '2016-02-09 00:00:00', 'C++ 프로그래머라면 반드시 가지고 있어야 할 도서', 5, 10, 114),
(1425, '2022-05-03 00:00:00', '자바 기본 문법을 숙지한 상태에서 자바 웹 개발 시작 하기에 좋은 책', 5, 1, 116),
(1426, '2021-09-11 00:00:00', '추천으로 구매하게되었습니다.', 5, 2, 116),
(1427, '2017-02-06 00:00:00', 'IT 초보를 위한 필독서', 5, 3, 116),
(1428, '2016-12-29 00:00:00', '쉽게 잘 읽혀요.', 5, 4, 116),
(1429, '2016-12-01 00:00:00', '좋아요~~~~~~~~~~~~~~', 5, 5, 116),
(1430, '2016-09-26 00:00:00', '유용한 정보가 가득합니다.', 5, 6, 116),
(1431, '2021-08-30 00:00:00', '기발해요 잘읽혀요 정독해요 유용해요 좋아요 기타', 5, 1, 117),
(1432, '2020-04-01 00:00:00', '좋습니다', 5, 2, 117),
(1433, '2020-01-05 00:00:00', '이해 잘되요', 5, 3, 117),
(1434, '2018-08-31 00:00:00', '암호학에 대해서 쉽게 알수 있어어 좋습니다', 5, 5, 117),
(1435, '2018-08-08 00:00:00', '좋아요.', 5, 4, 117),
(1436, '2018-01-24 00:00:00', '좋아요', 5, 6, 117),
(1437, '2022-12-15 00:00:00', '역시 내용이 좋네요', 5, 1, 118),
(1438, '2022-11-01 00:00:00', '이것 보다 더 정확한 C 기초는 없다', 5, 2, 118),
(1439, '2022-04-18 00:00:00', '책 좋습니다!!!!!', 4, 3, 118),
(1440, '2021-06-17 00:00:00', '만약 C에 대해서 깊이 알고자 한다면 이 책은 충분한 가치를 가진다고 생각한다. 반대로 그저 입문용 서적으로만 생각한다면 독자가 생각하는 것 만큼 배우지는 못할것이다.', 5, 4, 118),
(1441, '2021-03-05 00:00:00', '정말 좋은 책이네요. C입문서로 추천합니다.', 5, 5, 118),
(1442, '2021-03-05 00:00:00', '정말 좋은 책이네요. C입문서로 추천합니다.', 5, 6, 118),
(1443, '2020-08-06 00:00:00', 'ㅡ번역 좋습니다', 5, 7, 118),
(1444, '2020-08-02 00:00:00', '좋아요!!', 5, 8, 118),
(1445, '2019-12-11 00:00:00', '좋아여', 5, 9, 118),
(1446, '2019-11-19 00:00:00', '오래 되긴 했지만 읽으면 도움이 됩니다.', 5, 10, 118),
(1447, '2019-04-24 00:00:00', 'C언어에 대하여 다시한번 생각을 할 수 있는 책입니다.', 5, 11, 118),
(1448, '2019-04-18 00:00:00', 'C언어를 깊게 이해하고자 하시는 분들을 위한 책입니다.', 5, 12, 118),
(1449, '2019-03-11 00:00:00', 'C 언어를 공부하고자 한다면 꼭 봐야한다. 하지만 초보자들이 보기엔 어려울 수도 있기 때문에, 처음 프로그래밍을 한다면 권하지 않는다.', 5, 13, 118),
(1450, '2018-02-06 00:00:00', 'C언어 프로그래밍의 바이블', 5, 14, 118),
(1451, '2018-01-20 00:00:00', 'C언어 프로그래밍의 바이블...', 5, 15, 118),
(1452, '2017-10-06 00:00:00', 'C언어 개발자라면 반드시 한번은 봐야할 책', 5, 16, 118),
(1453, '2022-07-02 00:00:00', '좋은 내용이 가득담겨있어서 벌써 절반이나 쉬지않고 읽었습니다', 5, 1, 113),
(1454, '2022-05-21 00:00:00', '설명이 아주 자세합니다!!', 5, 2, 113),
(1455, '2021-11-18 00:00:00', '코딩인터뷰의 기본입니다.', 5, 3, 113),
(1456, '2021-02-12 00:00:00', '개발자라면 한 권 가지고 있어야 할 책', 5, 5, 113),
(1457, '2020-09-09 00:00:00', '책 퀄리티에 있어서도 책 두께에 있어서도,,ㅎㅎ 앞으로의 날들이 든든해지는 책입니다.', 5, 5, 113),
(1458, '2020-07-24 00:00:00', '모든 면접의 가능성을 열어두고 심층적인 분석을 제공합니다.', 5, 6, 113),
(1459, '2020-07-24 00:00:00', '단편적인 케이스만 대비하는 것이 아니라 모든 가능성을 열어둔 심층적인 분석을 제공한다,', 5, 7, 113),
(1460, '2020-06-30 00:00:00', '공부', 5, 8, 113),
(1461, '2020-06-15 00:00:00', '조아요오오오', 5, 9, 113),
(1462, '2020-05-19 00:00:00', '조아요 코딩', 5, 10, 113),
(1463, '2020-04-04 00:00:00', '면접 준비에 유용한 내용이 자세하게 적혀져 있어서 좋았습니다. 다만 현재에도 입사시에 코딩 인터뷰를 많이 하는지 모르겠어요.', 5, 11, 113),
(1464, '2020-03-29 00:00:00', '빠른배송 감사합니다,열심히 읽을예정', 5, 12, 113),
(1465, '2020-03-15 00:00:00', '막막한 면접 앞두고 읽어 놓으면 정말 유용할 책입니다', 5, 13, 113),
(1466, '2020-03-03 00:00:00', '사실 면접관 입장에서 도움이 될 것 같아 구매했는데, 딱히 도움되진 않습니다. 다만 문제와 해설이 잘 읽히고 상세히 해설되어 있어 PS면접 준비하시는 분들께는 큰 도움이 될 것 같습니다.', 5, 14, 113),
(1467, '2019-12-18 00:00:00', '여태 읽은 책중에서 설명과 문장이 가장 명료하고 통찰적이고 심플하고 과학적임. 시간낭비를 덜게해줌. 면접 대비 아니라도 반드시 읽으면 좋은 책', 5, 15, 113),
(1468, '2019-09-11 00:00:00', '코딩 공부 열심히!', 5, 16, 113),
(1469, '2019-06-15 00:00:00', '꼭 필요해서 샀습니다.', 5, 17, 113),
(1470, '2019-05-30 00:00:00', '기본적인 틀을 잡아주는 책', 5, 18, 113),
(1471, '2019-05-04 00:00:00', '면접대비로 매우 유용한 자료라고 생각합니다. 배송기간도 빨랐고 상품도 이상없이 잘 받았습니다.', 5, 19, 113),
(1472, '2019-03-22 00:00:00', '다른 알고리즘 풀이책보다 훨씬 좋은 문제가 많다. 맨날 똑같은 스택 큐 자료구조에 멈추지 말고 이 책의 새로운 문제도 만나보길 강력 추천', 5, 20, 113),
(1473, '2019-03-10 00:00:00', '프로그래밍에 대한 기본적인 지식 및 단계별로 심화된 사고를 할 수 있게 해주는 책이에요. 조금 더 일찍 알았더라면 훨씬 더 좋았을 텐데 지금이라도 알게되서 알고리즘이랑 자료구조에 한발자국 더 가까워져서 좋아요.', 5, 21, 113),
(1474, '2019-02-03 00:00:00', '내용이 너무 알차고 도움이 많이 됩니다.', 5, 22, 113),
(1475, '2019-01-25 00:00:00', '코딩인터뷰 필수서적!', 5, 23, 113),
(1476, '2018-09-11 00:00:00', '인터뷰시 유용할거 같아요', 5, 24, 113),
(1477, '2018-05-29 00:00:00', '잘받았어요~ 천천히볼께요~', 5, 25, 113),
(1478, '2018-05-13 00:00:00', '개정판은 책이 더 커져서 책장 펼치기 쉽고 내용도 좀 더 보강돼서 좋네요', 5, 26, 113),
(1479, '2018-05-03 00:00:00', '알고리즘을 이해하기 쉽게 잘 설명해놨어요!', 5, 27, 113),
(1480, '2018-03-11 00:00:00', '코딩인터뷰 완전 분석을 읽으면 읽을수록 감탄만 나와요', 5, 28, 113),
(1481, '2018-03-11 00:00:00', '인터뷰 시 매우 유용합니다', 5, 29, 113),
(1482, '2017-09-27 00:00:00', '코딩 인터뷰에 대해 자세히 알 수 있는 정독서였고, 면접관의 생각을 더 생각할 수 있는 책.', 5, 30, 113),
(1483, '2020-08-03 00:00:00', '실용적입니다 바로 업무에 적용할 수 있어요', 5, 1, 119),
(1484, '2019-11-24 00:00:00', '업무에 참고목적으로 추천받아 구매했는데 사업계획등 회사문서작성어 도움이 많이 되네요', 5, 2, 119),
(1485, '2018-01-15 00:00:00', '최고에요', 5, 3, 119),
(1486, '2017-05-09 00:00:00', '도움많이됩니다>.<', 5, 4, 119),
(1487, '2017-03-02 00:00:00', '책갈피 갈피마다 좋은 정보가 뚝뚝 떨어집니다. 한장도 허투루 읽지마세요 ㅋㅋ', 5, 5, 119),
(1488, '2022-09-02 00:00:00', '보기 쉽게 되어있고 재밌게 공부할 수 있는 구성으로 되어있어 좋아요', 5, 1, 121),
(1489, '2022-04-01 00:00:00', '프로그램 구성이 쉽게 정리되어 프로그램의 이해단계의 분들에게 도움이 되는 책인것 같습니다.', 5, 2, 121),
(1490, '2022-01-25 00:00:00', '교재 표면 코팅이 벗겨졌네요.', 2, 3, 121),
(1491, '2021-09-29 00:00:00', '공부해보려고 구매했어요 도움 많이 될듯합니다', 5, 4, 121),
(1492, '2020-05-24 00:00:00', '흑백 버젼 보단 컬러로 되어 있어서 보기 편하네요', 5, 5, 121),
(1493, '2020-05-19 00:00:00', '말그대로 랩뷰의 정석임.', 5, 6, 121),
(1494, '2020-04-05 00:00:00', '랩뷰공부하려 구입햇습니다 감사합니다', 5, 7, 121),
(1495, '2020-03-09 00:00:00', '교재라 삿어요', 3, 8, 121),
(1496, '2019-01-06 00:00:00', '랩뷰책중에선 가장 많이 본 책인듯, 설명과 예시가 조화가 잘됨', 5, 9, 121),
(1497, '2018-08-27 00:00:00', '유용합니다', 4, 10, 121),
(1498, '2021-12-25 00:00:00', '만족합니다~ 좋아요~', 5, 1, 123),
(1499, '2018-09-06 00:00:00', '좋아요!', 5, 2, 123),
(1500, '2018-01-25 00:00:00', '좋아요~~', 5, 3, 123),
(1501, '2017-12-01 00:00:00', '예제가 여러개 있어서 공부할때 도움이 많이 됩니다.', 5, 4, 123),
(1502, '2017-07-04 00:00:00', '문제푸는 책이 아닙니다 문제푸는것은 정올이나 백준 사이트를...이 책은 예제를 통한 개념서에 가깝습니다.', 4, 5, 123),
(1503, '2017-05-12 00:00:00', '이전부터 개정 되면서 나온 책이라서 어느정도 스테디 셀러라고 볼수 있는 책 인것 같습니다.', 5, 6, 123),
(1504, '2021-09-02 00:00:00', '학교 수업 교재로 구매했습니다.', 5, 1, 122),
(1505, '2021-03-14 00:00:00', '절대 초보를 위한 책이 아님', 5, 2, 122),
(1506, '2022-12-15 00:00:00', '좋은 책으로 유익한 정보 얻었습니다.', 5, 3, 122),
(1507, '2022-09-14 00:00:00', '학교 수업 교재로 샀습니다. 깔끔하고 잘 읽히긴 한데 어려워요', 5, 5, 122),
(1508, '2022-07-19 00:00:00', '재밌고 쉽게 잘 배웠습니다.', 5, 4, 122),
(1509, '2022-06-16 00:00:00', '유명한 이유가 있어요 추천!', 5, 6, 122),
(1510, '2022-03-02 00:00:00', '알고리즘 입문서로 매우 좋습니다.', 5, 7, 122),
(1511, '2020-10-20 00:00:00', '술술 잘 읽히네요!', 5, 8, 122),
(1512, '2020-09-17 00:00:00', '사물인터넷 관련한 내용들로 공부에 많은 도움이 됩니다.', 5, 9, 122),
(1513, '2020-03-29 00:00:00', '대학수업 서적입니다', 5, 10, 122),
(1514, '2018-03-07 00:00:00', '전공책 쉽게 배운다고 써있지만 정말 쉬울지는...', 5, 11, 122),
(1515, '2020-03-23 00:00:00', '잘 쓰겠습니다 ~', 5, 12, 122),
(1516, '2020-02-04 00:00:00', '엄청 쉽지는 않지만 기본을 다지기에 좋은 책이에요', 5, 13, 122),
(1517, '2019-11-20 00:00:00', '우리나라 알고리즘 책 중 최고', 5, 14, 122),
(1518, '2019-09-14 00:00:00', '강의 교재로 구입했고, 내용이 쉽고, 매우 유익합니다', 5, 15, 122),
(1519, '2019-06-21 00:00:00', '이해가 쉽게 잘구성되어있는데 조금더 심화된내용도 있었으면 좋겠어요', 5, 16, 122),
(1520, '2019-01-23 00:00:00', '재밌어요!', 5, 17, 122),
(1521, '2018-12-13 00:00:00', '읽기 쉬워요', 5, 18, 122),
(1522, '2018-03-27 00:00:00', '쉽게 설명되어 있어 잘 읽혀집니다.', 5, 19, 122),
(1523, '2018-02-12 00:00:00', '의외로 내용이 아주 알차진 않네요', 5, 20, 122),
(1524, '2022-12-04 00:00:00', '설명이 쉽습니다.', 5, 1, 120),
(1525, '2022-06-26 00:00:00', '좋아요 기본을 쌓기위해 여러번 읽을 생각입니다', 5, 2, 120),
(1526, '2021-12-11 00:00:00', '배송이 빨라서 좋아요', 5, 3, 120),
(1527, '2021-07-07 00:00:00', '좋아요 책 내용도 많고', 5, 5, 120),
(1528, '2020-11-06 00:00:00', '강의보고 뭔가좀 부족해서 책도 같이 구매했는데 완벽합니다', 5, 5, 120),
(1529, '2020-09-17 00:00:00', '좋아요', 5, 6, 120),
(1530, '2020-07-26 00:00:00', '설명이 친절하며 잘 읽힙니다.', 5, 7, 120),
(1531, '2020-07-19 00:00:00', '이 책의 진가는 제네릭 부분에서 나타난다. 이 책 외에 다른 네 권의 자바 기본서를 갖고 있지만 윤성우의 열혈 Java 프로그래밍 만큼 제네릭을 심도있게 잘 설명한 책은 없었다.다른 책을 갖고 있어도 제네릭을 심도 있게 알고 싶다면 이 책을 구매하자. 후회는 없을 것이다.', 5, 8, 120),
(1532, '2020-02-13 00:00:00', '굿굿', 5, 9, 120),
(1533, '2019-08-26 00:00:00', '괜찮아요 입문자 용으로 추천', 5, 10, 120),
(1534, '2019-03-07 00:00:00', '새학기라 구입했어요, 많이 도움될것 같아요.', 5, 11, 120),
(1535, '2019-02-22 00:00:00', '책너무 형편없는 구성 자바프로그램설치 요건아것도없다 후회된다 본전생각난다', 2, 12, 120),
(1536, '2018-09-07 00:00:00', '이해하기 좋아요 추천합니다.', 5, 13, 120),
(1537, '2018-08-30 00:00:00', '좋아요', 5, 14, 120),
(1538, '2018-05-15 00:00:00', '좋은내용이에요', 5, 15, 120),
(1539, '2018-05-13 00:00:00', '좋아영ㅇㅇㅇㅇ', 5, 16, 120),
(1540, '2018-05-06 00:00:00', '동영상 강의도 있고 좋네요', 5, 17, 120),
(1541, '2018-05-02 00:00:00', '최고에요♥♥!!', 5, 18, 120),
(1542, '2018-01-16 00:00:00', '좋아요', 5, 19, 120),
(1543, '2018-01-04 00:00:00', '좋아요!', 5, 20, 120),
(1544, '2018-01-03 00:00:00', '최고입니다! :)', 5, 21, 120),
(1545, '2017-10-23 00:00:00', '자바초급자들이 보기에는 무난한 책입니다무료강의도 볼수 있어서 좋은거 같습니다내용도 필요한것들 위주로 쉽게 설명되어 있어서읽기 편했습니다', 5, 22, 120),
(1546, '2017-10-20 00:00:00', '이 책 역시 저 처럼 비전공자 처음 동영상 강의 들으며 경험하기 좋습니다. 첨 오라클에서 자바 다운받구 커맨드 프롬 띄우고 이름 바꿨을때 어른이 되서 첨 저 자신에게 웃었습니다. 부자로 가는 길이 결국 기술이 정답인거 같습니다.', 5, 23, 120),
(1547, '2017-09-06 00:00:00', '이 저자의 모든 책을 다 사서 읽어보는데 장단점 요약함장점:진짜 초보자들도 쉽게 접근할 수 있음 따라서 강의 들으면서 모르는거 확실하게 짚고 넘어가고 싶은 분들께 추천함단점:객체라 그런것도 있지만 C++에서 썼던 예시들,예문들 그대로 가져옴 좀더 살이 붙여진 것도 있지만 결론적으로 큰 틀은 변하지 않음 따라서 많은 예제와 응용문제를 풀고싶다면 이책은 비추', 5, 24, 120),
(1548, '2017-08-11 00:00:00', '믿고보는 열혈시리즈~', 5, 25, 120),
(1549, '2020-05-25 00:00:00', '좋아하는 시리즈..', 5, 1, 124),
(1550, '2020-02-10 00:00:00', '유용하게 잘 쓰고 있습니다~', 5, 2, 124),
(1551, '2019-08-19 00:00:00', '실무에서 사용하게 되어서 구매했는데 잘 보고 있습니다', 5, 3, 124),
(1552, '2018-01-24 00:00:00', '그렇게 유용하진 않았습니다. API를 활용해 따라하는 내용이 적혀있는데.. 시간이 지나 업데이트가 좀 필요한것 같았습니다.', 3, 1, 125),
(1553, '2020-11-14 00:00:00', '책이 딱 대학 자체 교재 정도의 퀄리티고2017년거라 그런지 업데이트가 필요한데, 별도에 안내된 링크에서는 업데이트를 해주지 않고 있습니다. 이렇게 무책임한 교재는 처음보네요. 사지마세요.', 2, 2, 125),
(1554, '2018-12-29 00:00:00', 'API 가져다 쓰는 법에 대해 잘 써있어요.', 5, 3, 125),
(1555, '2017-12-27 00:00:00', '전체적으로 완성도가 떨어집니다. 오타도 더러 보이고 구성이 체계적이지 못 합니다. 초반에는 간단한 화면캡처들에 지나치게 많은 분량을 할애하고 있구요. 주제별로 내용이 연속되지도 않습니다. 네이버, 트위터 등의 캡처된 화면들은 지금은 다 다른 모습으로 변경되어 있구요. 나중에 짜임새 있게 업데이트된 이후에라면 모를까, 굳이 지금 이 책을 구입해서 볼 필요는 없을 것 같습니다.', 2, 4, 125),
(1556, '2017-12-08 00:00:00', '워낙 기초가 없다보니까 저는 조금 어렵더라구요 입문 기초 다음으로 보면 좋을 것 같아요', 4, 5, 125),
(1557, '2017-11-18 00:00:00', '유용합니다', 3, 6, 125),
(1558, '2017-10-22 00:00:00', '유용합니다', 5, 7, 125),
(1559, '2019-10-29 00:00:00', '기발한 책입니다. 적극추천입니다.^^', 5, 1, 126),
(1560, '2019-05-28 00:00:00', '데이터과학이란 ? 질문에 기초지식의 기본서입니다', 5, 2, 126),
(1561, '2019-04-08 00:00:00', '머신러닝 기초 개념을 잡기에 좋은 책입니다. 광범위한 단어들을 간략하게 잘 표현해놓았습니다. 물론, 심도있게 알기 위해서는 구글 검색을 통해 추가적인 스터디가 필요합니다.', 5, 3, 126),
(1562, '2018-11-22 00:00:00', '책이 좋습니다. 분포에 관해서 다시 이해할 수 있어서 좋았습니다.', 5, 5, 126),
(1563, '2018-08-11 00:00:00', '사람에따라 수준이 조금 있을 수도 있어서 천천히 정독할만해요', 5, 4, 126),
(1564, '2018-08-07 00:00:00', '비전공자가 읽기엔 다소 난해한 공식들이 있지만 현재 빅데이터가 대세라 개념정리차원에서 훑어 봄', 5, 6, 126),
(1565, '2018-07-10 00:00:00', '확실히.. 내용이 많고 수시로 보기 좋으나 완전 초보용은 아니고 이해수준이 약간 있어야 한다', 5, 7, 126),
(1566, '2018-04-04 00:00:00', '좋습니다', 5, 8, 126),
(1567, '2020-04-19 00:00:00', '입문하는 초보에게 좋을듯', 5, 1, 127),
(1568, '2019-01-15 00:00:00', '좋습니다. 잘읽고있습니다', 5, 2, 127),
(1569, '2018-07-29 00:00:00', '답도 없으면서 이렇게 비쌀 필요가...', 2, 3, 127),
(1570, '2018-07-18 00:00:00', '비쌀 필요가... 어차피 30년 습득해야 알까말까인데', 2, 4, 127),
(1571, '2018-01-31 00:00:00', '입문하기에도, 실전으로 하기에도 좋은 책', 5, 5, 127),
(1572, '2017-11-12 00:00:00', '믹싱공부의 교과서 ~~필독 도서 ~ 실전 노하우 테크닉 넘 좋습니다 ~~ 걍추 걍추', 5, 6, 127),
(1573, '2017-08-17 00:00:00', '음향적인 문제 믹싱을 텍스트로 바꾼듯', 5, 7, 127),
(1574, '2018-07-31 00:00:00', '이제서야 아파치 카프카에 대한 국내 도서가 나와 정말 좋습니다. 다만 같이 살 수 있는 천 원짜리 개발자 보틀이 주먹만 한 크기이므로, 구매자들에게 상당한 주의가 필요하다고 할 수 있겠습니다.', 5, 1, 128),
(1575, '2020-10-30 00:00:00', '전체적인 개념 잡는데 도움되었습니다.', 5, 2, 128),
(1576, '2020-02-13 00:00:00', '아주 좋습니다.. 내용 알차네요.', 5, 3, 128),
(1577, '2019-11-23 00:00:00', '좋아요', 5, 5, 128),
(1578, '2019-08-09 00:00:00', '최신판으로 카프카 적용하는데 도움이 많이 될 것으로 기대됨', 5, 4, 128),
(1579, '2019-04-22 00:00:00', '실제 운영에서 적용할 수 있는 부분을 신경써준 점이 좋습니다. 좀 더 읽어볼게요.', 5, 6, 128),
(1580, '2018-09-28 00:00:00', '고민하면서 구매했는데 괜찮네요.업무용으로 공부해 두면 좋을거 같아요.잘 보고 있습니다~^^', 5, 7, 128),
(1581, '2018-06-27 00:00:00', '오타가 있습니다.P 113 - 시간 동안 장여기까지 문단 전체 들여넣기 해주세요. P132 - 이미지 Peter-Topic02 -> 파티션 01 이미지가 두번 나옴', 4, 8, 128),
(1582, '2018-05-29 00:00:00', '잘받았습니다~ 천천히 볼께요~', 5, 9, 128);

-- --------------------------------------------------------

--
-- Stand-in structure for view `review_info_view`
-- (See below for the actual view)
--
CREATE TABLE `review_info_view` (
`ri_seq` int
,`ri_date` datetime
,`ri_content` text
,`ri_score` int
,`ri_mi_seq` int
,`ri_bi_seq` int
,`mi_id` longtext
);

-- --------------------------------------------------------

--
-- 뷰 구조 `book_detail_view`
--
DROP TABLE IF EXISTS `book_detail_view`;

CREATE ALGORITHM=UNDEFINED DEFINER=`root`@`%` SQL SECURITY DEFINER VIEW `book_detail_view`  AS SELECT `a`.`bi_seq` AS `bi_seq`, `a`.`bi_title` AS `bi_title`, `a`.`bi_price` AS `bi_price`, concat((`a`.`bi_discount` * 100),'%') AS `bi_discount`, `a`.`bi_delivery` AS `bi_delivery`, `a`.`bi_reg_dt` AS `bi_reg_dt`, `a`.`bi_pi_seq` AS `bi_pi_seq`, `a`.`bi_ti_seq` AS `bi_ti_seq`, `a`.`bi_sales` AS `bi_sales`, `b`.`bti_intro` AS `bti_intro`, `c`.`bii_image` AS `bii_image`, `c`.`bii_uri` AS `bii_uri`, `d`.`bti_name` AS `bti_name`, `e`.`ai_name` AS `ai_name`, round(`f`.`score`,2) AS `score`, truncate((`a`.`bi_price` * (1 - `a`.`bi_discount`)),-(3)) AS `discount_price`, truncate(((`a`.`bi_price` * (1 - `a`.`bi_discount`)) * 0.05),-(1)) AS `point`, `f`.`review_count` AS `review_count`, `g`.`ci_path` AS `ci_path`, `g`.`ci_uri` AS `ci_uri`, `j`.`pi_name` AS `pi_name`, rank()  (ORDER BY `a`.`bi_sales` desc ) AS `OVER` FROM (((((((`book_info` `a` left join `book_text_intro` `b` on((`b`.`bti_bi_seq` = `a`.`bi_seq`))) left join `book_intro_image` `c` on((`c`.`bii_bi_seq` = `a`.`bi_seq`))) left join `book_translator_info` `d` on((`a`.`bi_ti_seq` = `d`.`bti_seq`))) join (select `h`.`bwi_bi_seq` AS `bwi_bi_seq`,group_concat(`i`.`ai_name` separator ',') AS `ai_name` from (`book_writer_info` `h` join `author_info` `i` on((`h`.`bwi_ai_seq` = `i`.`ai_seq`))) group by `h`.`bwi_bi_seq`) `e` on((`e`.`bwi_bi_seq` = `a`.`bi_seq`))) left join (select (avg(`review_info`.`ri_score`) * 2) AS `score`,count(0) AS `review_count`,`review_info`.`ri_bi_seq` AS `ri_bi_seq` from `review_info` group by `review_info`.`ri_bi_seq`) `f` on((`f`.`ri_bi_seq` = `a`.`bi_seq`))) join `cover_image` `g` on((`g`.`ci_bi_seq` = `a`.`bi_seq`))) join `publisher_info` `j` on((`j`.`pi_seq` = `a`.`bi_pi_seq`))) ;

-- --------------------------------------------------------

--
-- 뷰 구조 `review_info_view`
--
DROP TABLE IF EXISTS `review_info_view`;

CREATE ALGORITHM=UNDEFINED DEFINER=`root`@`%` SQL SECURITY DEFINER VIEW `review_info_view`  AS SELECT `a`.`ri_seq` AS `ri_seq`, `a`.`ri_date` AS `ri_date`, `a`.`ri_content` AS `ri_content`, `a`.`ri_score` AS `ri_score`, `a`.`ri_mi_seq` AS `ri_mi_seq`, `a`.`ri_bi_seq` AS `ri_bi_seq`, regexp_replace(`b`.`mi_id`,'(?<=.{2}).','*') AS `mi_id` FROM (`review_info` `a` join `member_info` `b` on((`a`.`ri_mi_seq` = `b`.`mi_seq`))) ORDER BY `a`.`ri_bi_seq` ASC ;

--
-- 덤프된 테이블의 인덱스
--

--
-- 테이블의 인덱스 `author_info`
--
ALTER TABLE `author_info`
  ADD PRIMARY KEY (`ai_seq`);

--
-- 테이블의 인덱스 `book_info`
--
ALTER TABLE `book_info`
  ADD PRIMARY KEY (`bi_seq`),
  ADD KEY `book_info_FK` (`bi_pi_seq`),
  ADD KEY `book_info_FK_1` (`bi_ti_seq`);

--
-- 테이블의 인덱스 `book_intro_image`
--
ALTER TABLE `book_intro_image`
  ADD PRIMARY KEY (`bii_seq`),
  ADD KEY `book_intro_image_FK` (`bii_bi_seq`);

--
-- 테이블의 인덱스 `book_text_intro`
--
ALTER TABLE `book_text_intro`
  ADD PRIMARY KEY (`bti_seq`),
  ADD KEY `book_text_intro_FK` (`bti_bi_seq`);

--
-- 테이블의 인덱스 `book_translator_info`
--
ALTER TABLE `book_translator_info`
  ADD PRIMARY KEY (`bti_seq`);

--
-- 테이블의 인덱스 `book_writer_info`
--
ALTER TABLE `book_writer_info`
  ADD PRIMARY KEY (`bwi_seq`),
  ADD KEY `book_writer_info_FK` (`bwi_bi_seq`),
  ADD KEY `book_writer_info_FK_1` (`bwi_ai_seq`);

--
-- 테이블의 인덱스 `cover_image`
--
ALTER TABLE `cover_image`
  ADD PRIMARY KEY (`ci_seq`),
  ADD KEY `cover_image_FK` (`ci_bi_seq`);

--
-- 테이블의 인덱스 `member_info`
--
ALTER TABLE `member_info`
  ADD PRIMARY KEY (`mi_seq`);

--
-- 테이블의 인덱스 `publisher_info`
--
ALTER TABLE `publisher_info`
  ADD PRIMARY KEY (`pi_seq`);

--
-- 테이블의 인덱스 `review_info`
--
ALTER TABLE `review_info`
  ADD PRIMARY KEY (`ri_seq`),
  ADD KEY `review_info_FK_1` (`ri_bi_seq`),
  ADD KEY `review_info_FK` (`ri_mi_seq`);

--
-- 덤프된 테이블의 AUTO_INCREMENT
--

--
-- 테이블의 AUTO_INCREMENT `author_info`
--
ALTER TABLE `author_info`
  MODIFY `ai_seq` int NOT NULL AUTO_INCREMENT, AUTO_INCREMENT=187;

--
-- 테이블의 AUTO_INCREMENT `book_info`
--
ALTER TABLE `book_info`
  MODIFY `bi_seq` int NOT NULL AUTO_INCREMENT, AUTO_INCREMENT=133;

--
-- 테이블의 AUTO_INCREMENT `book_intro_image`
--
ALTER TABLE `book_intro_image`
  MODIFY `bii_seq` int NOT NULL AUTO_INCREMENT, AUTO_INCREMENT=94;

--
-- 테이블의 AUTO_INCREMENT `book_text_intro`
--
ALTER TABLE `book_text_intro`
  MODIFY `bti_seq` int NOT NULL AUTO_INCREMENT, AUTO_INCREMENT=133;

--
-- 테이블의 AUTO_INCREMENT `book_translator_info`
--
ALTER TABLE `book_translator_info`
  MODIFY `bti_seq` int NOT NULL AUTO_INCREMENT, AUTO_INCREMENT=34;

--
-- 테이블의 AUTO_INCREMENT `book_writer_info`
--
ALTER TABLE `book_writer_info`
  MODIFY `bwi_seq` int NOT NULL AUTO_INCREMENT, AUTO_INCREMENT=200;

--
-- 테이블의 AUTO_INCREMENT `cover_image`
--
ALTER TABLE `cover_image`
  MODIFY `ci_seq` int NOT NULL AUTO_INCREMENT, AUTO_INCREMENT=133;

--
-- 테이블의 AUTO_INCREMENT `member_info`
--
ALTER TABLE `member_info`
  MODIFY `mi_seq` int NOT NULL AUTO_INCREMENT, AUTO_INCREMENT=32;

--
-- 테이블의 AUTO_INCREMENT `publisher_info`
--
ALTER TABLE `publisher_info`
  MODIFY `pi_seq` int NOT NULL AUTO_INCREMENT, AUTO_INCREMENT=47;

--
-- 테이블의 AUTO_INCREMENT `review_info`
--
ALTER TABLE `review_info`
  MODIFY `ri_seq` int NOT NULL AUTO_INCREMENT, AUTO_INCREMENT=1583;

--
-- 덤프된 테이블의 제약사항
--

--
-- 테이블의 제약사항 `book_info`
--
ALTER TABLE `book_info`
  ADD CONSTRAINT `book_info_FK` FOREIGN KEY (`bi_pi_seq`) REFERENCES `publisher_info` (`pi_seq`),
  ADD CONSTRAINT `book_info_FK_1` FOREIGN KEY (`bi_ti_seq`) REFERENCES `book_translator_info` (`bti_seq`);

--
-- 테이블의 제약사항 `book_intro_image`
--
ALTER TABLE `book_intro_image`
  ADD CONSTRAINT `book_intro_image_FK` FOREIGN KEY (`bii_bi_seq`) REFERENCES `book_info` (`bi_seq`);

--
-- 테이블의 제약사항 `book_text_intro`
--
ALTER TABLE `book_text_intro`
  ADD CONSTRAINT `book_text_intro_FK` FOREIGN KEY (`bti_bi_seq`) REFERENCES `book_info` (`bi_seq`);

--
-- 테이블의 제약사항 `book_writer_info`
--
ALTER TABLE `book_writer_info`
  ADD CONSTRAINT `book_writer_info_FK` FOREIGN KEY (`bwi_bi_seq`) REFERENCES `book_info` (`bi_seq`),
  ADD CONSTRAINT `book_writer_info_FK_1` FOREIGN KEY (`bwi_ai_seq`) REFERENCES `author_info` (`ai_seq`);

--
-- 테이블의 제약사항 `cover_image`
--
ALTER TABLE `cover_image`
  ADD CONSTRAINT `cover_image_FK` FOREIGN KEY (`ci_bi_seq`) REFERENCES `book_info` (`bi_seq`);

--
-- 테이블의 제약사항 `review_info`
--
ALTER TABLE `review_info`
  ADD CONSTRAINT `review_info_FK` FOREIGN KEY (`ri_mi_seq`) REFERENCES `member_info` (`mi_seq`),
  ADD CONSTRAINT `review_info_FK_1` FOREIGN KEY (`ri_bi_seq`) REFERENCES `book_info` (`bi_seq`);
COMMIT;

/*!40101 SET CHARACTER_SET_CLIENT=@OLD_CHARACTER_SET_CLIENT */;
/*!40101 SET CHARACTER_SET_RESULTS=@OLD_CHARACTER_SET_RESULTS */;
/*!40101 SET COLLATION_CONNECTION=@OLD_COLLATION_CONNECTION */;
